source,competition,confederation,season,match_id,date,stage,group,matchday,home_team,away_team,home_code,away_code,home_score,away_score,ht_home_score,ht_away_score,extra_time,penalty_shootout,home_penalty_score,away_penalty_score,venue
wc_history,World Cup,,1930,WC-1433e8a3-ad81-59a0-ba3b-1f21cc7468f7,1930-07-13,group,4,,United States,Belgium,USA,BEL,3,0,,,False,False,,,Estadio Gran Parque Central
wc_history,World Cup,,1930,WC-4931f5f7-fe90-5b10-aace-ccb330f51168,1930-07-13,group,1,,France,Mexico,FRA,MEX,4,1,,,False,False,,,Estadio Pocitos
wc_history,World Cup,,1930,WC-7da2e815-3816-57de-af42-844041a2e508,1930-07-14,group,3,,Romania,Peru,ROU,PER,3,1,,,False,False,,,Estadio Pocitos
wc_history,World Cup,,1930,WC-d3461bb4-3e32-5ef6-b3cc-f5907010e95c,1930-07-14,group,2,,Yugoslavia,Brazil,YUG,BRA,2,1,,,False,False,,,Estadio Gran Parque Central
wc_history,World Cup,,1930,WC-b08407f5-8215-51ab-bb28-fb35dbca77db,1930-07-15,group,1,,Argentina,France,ARG,FRA,1,0,,,False,False,,,Estadio Gran Parque Central
wc_history,World Cup,,1930,WC-1aa0c8a2-8e4b-5894-b1ec-ee9cdf54c1de,1930-07-16,group,1,,Chile,Mexico,CHL,MEX,3,0,,,False,False,,,Estadio Gran Parque Central
wc_history,World Cup,,1930,WC-2729ae65-b368-56c0-96b2-f0a531933655,1930-07-17,group,2,,Yugoslavia,Bolivia,YUG,BOL,4,0,,,False,False,,,Estadio Gran Parque Central
wc_history,World Cup,,1930,WC-e5472036-504d-54a1-9825-4a42a1eba4a5,1930-07-17,group,4,,United States,Paraguay,USA,PRY,3,0,,,False,False,,,Estadio Gran Parque Central
wc_history,World Cup,,1930,WC-4b23b273-96db-55d8-8a27-e5003a608c4d,1930-07-18,group,3,,Uruguay,Peru,URY,PER,1,0,,,False,False,,,Estadio Centenario
wc_history,World Cup,,1930,WC-1980ebbf-d0b6-5021-b034-ec733736da7d,1930-07-19,group,1,,Argentina,Mexico,ARG,MEX,6,3,,,False,False,,,Estadio Centenario
wc_history,World Cup,,1930,WC-a0958b03-5772-5ffe-a648-c464c87fa94e,1930-07-19,group,1,,Chile,France,CHL,FRA,1,0,,,False,False,,,Estadio Centenario
wc_history,World Cup,,1930,WC-11323e67-fefd-509c-b24d-a0cb14851cba,1930-07-20,group,4,,Paraguay,Belgium,PRY,BEL,1,0,,,False,False,,,Estadio Centenario
wc_history,World Cup,,1930,WC-39f1db89-245a-5f3e-9360-34b96274dca6,1930-07-20,group,2,,Brazil,Bolivia,BRA,BOL,4,0,,,False,False,,,Estadio Centenario
wc_history,World Cup,,1930,WC-10d2f96c-797d-5dbb-917d-f0984ded3004,1930-07-21,group,3,,Uruguay,Romania,URY,ROU,4,0,,,False,False,,,Estadio Centenario
wc_history,World Cup,,1930,WC-06292df5-d694-5b98-a201-61b2b4a8cba0,1930-07-22,group,1,,Argentina,Chile,ARG,CHL,3,1,,,False,False,,,Estadio Centenario
wc_history,World Cup,,1930,WC-8e30139d-48bc-5c7e-8248-5cbcc906a380,1930-07-26,semi_final,,,Argentina,United States,ARG,USA,6,1,,,False,False,,,Estadio Centenario
wc_history,World Cup,,1930,WC-d97aa151-09af-51ae-b841-f844258fea57,1930-07-27,semi_final,,,Uruguay,Yugoslavia,URY,YUG,6,1,,,False,False,,,Estadio Centenario
wc_history,World Cup,,1930,WC-142deff8-6950-520b-a4c2-0f632c70631d,1930-07-30,final,,,Uruguay,Argentina,URY,ARG,4,2,,,False,False,,,Estadio Centenario
wc_history,World Cup,,1934,WC-0fdd5d5f-ea92-5db7-9cf5-279de0acea35,1934-05-27,round_of_16,,,Austria,France,AUT,FRA,3,2,,,True,False,,,Stadio Benito Mussolini
wc_history,World Cup,,1934,WC-1d5ffd68-8910-52b3-ba4d-4579b9288972,1934-05-27,round_of_16,,,Czechoslovakia,Romania,CSK,ROU,2,1,,,False,False,,,Stadio Littorio
wc_history,World Cup,,1934,WC-36b9461e-78d2-5b31-8470-8c84c6318ba8,1934-05-27,round_of_16,,,Switzerland,Netherlands,CHE,NLD,3,2,,,False,False,,,San Siro
wc_history,World Cup,,1934,WC-3b84b115-5a2c-5448-9851-c6e7650cfa6f,1934-05-27,round_of_16,,,Hungary,Egypt,HUN,EGY,4,2,,,False,False,,,Stadio Giorgio Ascarelli
wc_history,World Cup,,1934,WC-b43fdca9-bd12-5b62-8936-9580cf4301cb,1934-05-27,round_of_16,,,Germany,Belgium,DEU,BEL,5,2,,,False,False,,,Stadio Giovanni Berta
wc_history,World Cup,,1934,WC-b4c7671d-11e3-5321-b760-c710fc5db5bb,1934-05-27,round_of_16,,,Italy,United States,ITA,USA,7,1,,,False,False,,,Stadio Nazionale PNF
wc_history,World Cup,,1934,WC-dbeb777d-47b3-5b1e-92d2-9287d679fb00,1934-05-27,round_of_16,,,Spain,Brazil,ESP,BRA,3,1,,,False,False,,,Stadio Luigi Ferraris
wc_history,World Cup,,1934,WC-fad0d99e-ac72-59e0-8500-ca143690379c,1934-05-27,round_of_16,,,Sweden,Argentina,SWE,ARG,3,2,,,False,False,,,Stadio Renato Dall'Ara
wc_history,World Cup,,1934,WC-24535975-6693-5a4c-b10b-28317ac5b7b6,1934-05-31,quarter_final,,,Germany,Sweden,DEU,SWE,2,1,,,False,False,,,San Siro
wc_history,World Cup,,1934,WC-407622cb-8e79-5e9f-9216-7cce38de24e4,1934-05-31,quarter_final,,,Czechoslovakia,Switzerland,CSK,CHE,3,2,,,False,False,,,Stadio Benito Mussolini
wc_history,World Cup,,1934,WC-5aed4b86-6c89-5474-bc3a-e552f8ea2317,1934-05-31,quarter_final,,,Italy,Spain,ITA,ESP,1,1,,,True,False,,,Stadio Giovanni Berta
wc_history,World Cup,,1934,WC-bc006106-cb94-5dd5-b137-ebf326bc5617,1934-05-31,quarter_final,,,Austria,Hungary,AUT,HUN,2,1,,,False,False,,,Stadio Renato Dall'Ara
wc_history,World Cup,,1934,WC-8c9e6a8a-12da-5639-b398-5dc83b814d1e,1934-06-01,quarter_final,,,Italy,Spain,ITA,ESP,1,0,,,False,False,,,Stadio Giovanni Berta
wc_history,World Cup,,1934,WC-059b6ae2-8f6c-5429-875d-de72062b5ff3,1934-06-03,semi_final,,,Czechoslovakia,Germany,CSK,DEU,3,1,,,False,False,,,Stadio Nazionale PNF
wc_history,World Cup,,1934,WC-504390f1-31d4-5f08-9f8b-dcd2e91e9bb9,1934-06-03,semi_final,,,Italy,Austria,ITA,AUT,1,0,,,False,False,,,San Siro
wc_history,World Cup,,1934,WC-7df5e4ef-efe8-5976-8a2e-1255bffdc375,1934-06-07,third-place match,,,Germany,Austria,DEU,AUT,3,2,,,False,False,,,Stadio Giorgio Ascarelli
wc_history,World Cup,,1934,WC-52630cb5-328b-5a22-8126-62e6a1216fbe,1934-06-10,final,,,Italy,Czechoslovakia,ITA,CSK,2,1,,,True,False,,,Stadio Nazionale PNF
wc_history,World Cup,,1938,WC-795df7db-b7b3-54e1-a283-9f51514f3449,1938-06-04,round_of_16,,,Switzerland,Germany,CHE,DEU,1,1,,,True,False,,,Parc des Princes
wc_history,World Cup,,1938,WC-01bee1d0-3328-5d4e-9c30-d4f828e25d42,1938-06-05,round_of_16,,,Czechoslovakia,Netherlands,CSK,NLD,3,0,,,True,False,,,Stade Jules Deschaseaux
wc_history,World Cup,,1938,WC-08e50e82-65f4-555d-878d-6cde561e5bb3,1938-06-05,round_of_16,,,Brazil,Poland,BRA,POL,6,5,,,True,False,,,Stade de la Meinau
wc_history,World Cup,,1938,WC-39ca5822-750f-550f-94f5-a812cf961b66,1938-06-05,round_of_16,,,Cuba,Romania,CUB,ROU,3,3,,,True,False,,,Stade du T.O.E.C.
wc_history,World Cup,,1938,WC-4c593925-dc0d-5217-b9f3-d39cc0a33c3d,1938-06-05,round_of_16,,,Hungary,Dutch East Indies,HUN,IDN,6,0,,,False,False,,,Vélodrome Municipal
wc_history,World Cup,,1938,WC-63e482a8-36ef-50d2-803a-a22f97e42d12,1938-06-05,round_of_16,,,France,Belgium,FRA,BEL,3,1,,,False,False,,,Stade Olympique de Colombes
wc_history,World Cup,,1938,WC-8917821c-b1c8-5b3e-a7eb-6ab294ef0468,1938-06-05,round_of_16,,,Italy,Norway,ITA,NOR,2,1,,,True,False,,,Stade Vélodrome
wc_history,World Cup,,1938,WC-b376fbdc-1bec-5d4d-aac7-48cddd9c8ff5,1938-06-09,round_of_16,,,Switzerland,Germany,CHE,DEU,4,2,,,False,False,,,Parc des Princes
wc_history,World Cup,,1938,WC-d34ce977-171b-5065-bd15-40a3fde927cd,1938-06-09,round_of_16,,,Cuba,Romania,CUB,ROU,2,1,,,False,False,,,Stade du T.O.E.C.
wc_history,World Cup,,1938,WC-6ef12a3a-9178-59c3-bcb1-aa434208a954,1938-06-12,quarter_final,,,Brazil,Czechoslovakia,BRA,CSK,1,1,,,True,False,,,Stade du Parc Lescure
wc_history,World Cup,,1938,WC-8b6032a2-1912-52b0-bed8-9cdb0c9c7f4b,1938-06-12,quarter_final,,,Sweden,Cuba,SWE,CUB,8,0,,,False,False,,,Stade du Fort Carré
wc_history,World Cup,,1938,WC-d7015d80-b635-5a9d-b046-214b5475d406,1938-06-12,quarter_final,,,Italy,France,ITA,FRA,3,1,,,False,False,,,Stade Olympique de Colombes
wc_history,World Cup,,1938,WC-edd6ab5e-8907-5c39-94dc-c0c638186e12,1938-06-12,quarter_final,,,Hungary,Switzerland,HUN,CHE,2,0,,,False,False,,,Stade Victor Boucquey
wc_history,World Cup,,1938,WC-0c63cab6-f0ff-564a-9851-30d912588c57,1938-06-14,quarter_final,,,Brazil,Czechoslovakia,BRA,CSK,2,1,,,False,False,,,Stade du Parc Lescure
wc_history,World Cup,,1938,WC-44996bcf-e958-5587-b220-508225155724,1938-06-16,semi_final,,,Italy,Brazil,ITA,BRA,2,1,,,False,False,,,Stade Vélodrome
wc_history,World Cup,,1938,WC-52dea0e1-7db1-5b73-b797-3ea43b30573c,1938-06-16,semi_final,,,Hungary,Sweden,HUN,SWE,5,1,,,False,False,,,Parc des Princes
wc_history,World Cup,,1938,WC-573f42f9-203c-5da1-9bc8-8a6ed5976d89,1938-06-19,final,,,Italy,Hungary,ITA,HUN,4,2,,,False,False,,,Stade Olympique de Colombes
wc_history,World Cup,,1938,WC-f56a0b1b-dbe0-52e2-9da4-e8e3d5f465e8,1938-06-19,third-place match,,,Brazil,Sweden,BRA,SWE,4,2,,,False,False,,,Stade du Parc Lescure
wc_history,World Cup,,1950,WC-e58bbb8f-107f-5b68-8526-ab0e55c84575,1950-06-24,group,1,,Brazil,Mexico,BRA,MEX,4,0,,,False,False,,,Estádio do Maracanã
wc_history,World Cup,,1950,WC-7c0a6b14-6cd9-5576-aa03-27db26adc48f,1950-06-25,group,2,,Spain,United States,ESP,USA,3,1,,,False,False,,,Estádio Vila Capanema
wc_history,World Cup,,1950,WC-82d6a668-3c9a-580d-bd2f-71b8f345a281,1950-06-25,group,1,,Yugoslavia,Switzerland,YUG,CHE,3,0,,,False,False,,,Estádio Independência
wc_history,World Cup,,1950,WC-9bfee1a2-0adc-5f5f-b4a5-5ebccf4ff609,1950-06-25,group,2,,England,Chile,ENG,CHL,2,0,,,False,False,,,Estádio do Maracanã
wc_history,World Cup,,1950,WC-ab701166-9968-5585-aeff-a211ba8c6c45,1950-06-25,group,3,,Sweden,Italy,SWE,ITA,3,2,,,False,False,,,Estádio do Pacaembu
wc_history,World Cup,,1950,WC-5a429a2f-189b-5ac0-b66d-ae7a80b16f3a,1950-06-28,group,1,,Brazil,Switzerland,BRA,CHE,2,2,,,False,False,,,Estádio do Pacaembu
wc_history,World Cup,,1950,WC-9fa4c2ad-0d0e-5927-a02e-59e44b48a54b,1950-06-28,group,1,,Yugoslavia,Mexico,YUG,MEX,4,1,,,False,False,,,Estádio dos Eucaliptos
wc_history,World Cup,,1950,WC-10a1e98c-7109-5241-ba3b-6f4dd3d68f54,1950-06-29,group,2,,Spain,Chile,ESP,CHL,2,0,,,False,False,,,Estádio do Maracanã
wc_history,World Cup,,1950,WC-24acdd27-4d4e-5206-b00c-7837de1ff40b,1950-06-29,group,2,,United States,England,USA,ENG,1,0,,,False,False,,,Estádio Independência
wc_history,World Cup,,1950,WC-d27f24e4-f50d-5721-8f00-932e97048aa2,1950-06-29,group,3,,Sweden,Paraguay,SWE,PRY,2,2,,,False,False,,,Estádio Vila Capanema
wc_history,World Cup,,1950,WC-13432937-4e03-5d2d-b69f-f1d5d2c4b469,1950-07-01,group,1,,Brazil,Yugoslavia,BRA,YUG,2,0,,,False,False,,,Estádio do Maracanã
wc_history,World Cup,,1950,WC-33e8808b-9dd8-5e9f-abe0-d0cb6c099f43,1950-07-02,group,2,,Spain,England,ESP,ENG,1,0,,,False,False,,,Estádio do Maracanã
wc_history,World Cup,,1950,WC-3ef112d4-9ef5-5309-9c50-9f4ecd5e6017,1950-07-02,group,3,,Italy,Paraguay,ITA,PRY,2,0,,,False,False,,,Estádio do Pacaembu
wc_history,World Cup,,1950,WC-4a9600bb-4dce-5bc6-832a-5e4a32d762ee,1950-07-02,group,4,,Uruguay,Bolivia,URY,BOL,8,0,,,False,False,,,Estádio Independência
wc_history,World Cup,,1950,WC-5e1fe007-d0a1-542a-9f84-07094cc7ec21,1950-07-02,group,1,,Switzerland,Mexico,CHE,MEX,2,1,,,False,False,,,Estádio dos Eucaliptos
wc_history,World Cup,,1950,WC-969dd2bf-536d-54ac-b309-70d3ddca00e2,1950-07-02,group,2,,Chile,United States,CHL,USA,5,2,,,False,False,,,Estádio Ilha do Retiro
wc_history,World Cup,,1950,WC-5dd52897-63ab-5e85-b76b-73174a0740a8,1950-07-09,final_round,,,Uruguay,Spain,URY,ESP,2,2,,,False,False,,,Estádio do Pacaembu
wc_history,World Cup,,1950,WC-6900e67b-f912-5f1d-bc51-df45dd99d8c3,1950-07-09,final_round,,,Brazil,Sweden,BRA,SWE,7,1,,,False,False,,,Estádio do Maracanã
wc_history,World Cup,,1950,WC-2b8207ac-01e9-5dbd-9411-4b7a972f72ee,1950-07-13,final_round,,,Uruguay,Sweden,URY,SWE,3,2,,,False,False,,,Estádio do Pacaembu
wc_history,World Cup,,1950,WC-96ac9274-712c-5203-90f4-cd293715fec4,1950-07-13,final_round,,,Brazil,Spain,BRA,ESP,6,1,,,False,False,,,Estádio do Maracanã
wc_history,World Cup,,1950,WC-01a623d2-9dcd-5624-a054-e47c0f6a1238,1950-07-16,final_round,,,Uruguay,Brazil,URY,BRA,2,1,,,False,False,,,Estádio do Maracanã
wc_history,World Cup,,1950,WC-cab0328f-3e55-5bcd-9a4b-052c3532db18,1950-07-16,final_round,,,Sweden,Spain,SWE,ESP,3,1,,,False,False,,,Estádio do Pacaembu
wc_history,World Cup,,1954,WC-14fa62e9-ccc3-54df-aafe-33a16711f654,1954-06-16,group,3,,Uruguay,Czechoslovakia,URY,CSK,2,0,,,False,False,,,Wankdorf Stadium
wc_history,World Cup,,1954,WC-7fec9efe-61ff-5198-9e81-f13ce291bf42,1954-06-16,group,1,,Brazil,Mexico,BRA,MEX,5,0,,,False,False,,,Charmilles Stadium
wc_history,World Cup,,1954,WC-b2d20b24-3fa4-5a68-a295-1fea6a63e941,1954-06-16,group,1,,Yugoslavia,France,YUG,FRA,1,0,,,False,False,,,Stade Olympique de la Pontaise
wc_history,World Cup,,1954,WC-e86f1a68-98dc-53b1-b155-0f601aeda62c,1954-06-16,group,3,,Austria,Scotland,AUT,SCO,1,0,,,False,False,,,Hardturm Stadium
wc_history,World Cup,,1954,WC-05cdf6e8-41e5-5bcc-b93e-57526527120d,1954-06-17,group,4,,England,Belgium,ENG,BEL,4,4,,,True,False,,,St. Jakob Stadium
wc_history,World Cup,,1954,WC-45421cf9-b69b-548e-b3cb-aec53dcd33e4,1954-06-17,group,2,,Hungary,South Korea,HUN,KOR,9,0,,,False,False,,,Hardturm Stadium
wc_history,World Cup,,1954,WC-4c7f47ee-7589-5cc7-9fe8-02c797babc15,1954-06-17,group,4,,Switzerland,Italy,CHE,ITA,2,1,,,False,False,,,Stade Olympique de la Pontaise
wc_history,World Cup,,1954,WC-c311734e-2a32-54a1-92c1-cb1d8e3f64aa,1954-06-17,group,2,,West Germany,Turkey,DEU,TUR,4,1,,,False,False,,,Wankdorf Stadium
wc_history,World Cup,,1954,WC-2952fe99-b035-5a09-92fd-34529d38a1d0,1954-06-19,group,3,,Austria,Czechoslovakia,AUT,CSK,5,0,,,False,False,,,Hardturm Stadium
wc_history,World Cup,,1954,WC-2bc30812-5642-56e5-aeb3-9907b3a5d168,1954-06-19,group,1,,France,Mexico,FRA,MEX,3,2,,,False,False,,,Charmilles Stadium
wc_history,World Cup,,1954,WC-96f53b0f-802b-5289-9893-94e2bf72a71b,1954-06-19,group,1,,Brazil,Yugoslavia,BRA,YUG,1,1,,,True,False,,,Stade Olympique de la Pontaise
wc_history,World Cup,,1954,WC-c42b48c3-04b5-5bc4-91d4-0c0aaed54e53,1954-06-19,group,3,,Uruguay,Scotland,URY,SCO,7,0,,,False,False,,,St. Jakob Stadium
wc_history,World Cup,,1954,WC-0ad27dff-9646-5f33-9094-ad994c4bfdc4,1954-06-20,group,4,,England,Switzerland,ENG,CHE,2,0,,,False,False,,,Wankdorf Stadium
wc_history,World Cup,,1954,WC-2ae8839a-8564-59f5-8043-2cc4974e2edc,1954-06-20,group,2,,Turkey,South Korea,TUR,KOR,7,0,,,False,False,,,Charmilles Stadium
wc_history,World Cup,,1954,WC-56859697-b0ec-5e8c-9d0e-b718f3890dde,1954-06-20,group,2,,Hungary,West Germany,HUN,DEU,8,3,,,False,False,,,St. Jakob Stadium
wc_history,World Cup,,1954,WC-a3b6612f-6b69-5ddf-9ec4-84d1bccd26bd,1954-06-20,group,4,,Italy,Belgium,ITA,BEL,4,1,,,False,False,,,Cornaredo Stadium
wc_history,World Cup,,1954,WC-4182a530-4f73-567a-8ddd-d6fb1c110e5c,1954-06-23,group,2,,West Germany,Turkey,DEU,TUR,7,2,,,False,False,,,Hardturm Stadium
wc_history,World Cup,,1954,WC-76bada0b-edfa-5665-a113-7d5e1e65687e,1954-06-23,group,4,,Switzerland,Italy,CHE,ITA,4,1,,,False,False,,,St. Jakob Stadium
wc_history,World Cup,,1954,WC-0469148c-70f7-59d4-b8a4-8f18f31717e7,1954-06-26,quarter_final,,,Uruguay,England,URY,ENG,4,2,,,False,False,,,St. Jakob Stadium
wc_history,World Cup,,1954,WC-6244b978-90a3-5413-bc74-8c1c931ad84d,1954-06-26,quarter_final,,,Austria,Switzerland,AUT,CHE,7,5,,,False,False,,,Stade Olympique de la Pontaise
wc_history,World Cup,,1954,WC-7ab299e4-e426-5930-8844-22d59b2fa272,1954-06-27,quarter_final,,,Hungary,Brazil,HUN,BRA,4,2,,,False,False,,,Wankdorf Stadium
wc_history,World Cup,,1954,WC-c6094a2d-2b99-5ee9-9a41-8d5834ebfc38,1954-06-27,quarter_final,,,West Germany,Yugoslavia,DEU,YUG,2,0,,,False,False,,,Charmilles Stadium
wc_history,World Cup,,1954,WC-6364f1ac-9d52-5fc6-973d-2a44edff8b6a,1954-06-30,semi_final,,,West Germany,Austria,DEU,AUT,6,1,,,False,False,,,St. Jakob Stadium
wc_history,World Cup,,1954,WC-b5852042-a608-5e73-88da-e9e01f114531,1954-06-30,semi_final,,,Hungary,Uruguay,HUN,URY,4,2,,,True,False,,,Stade Olympique de la Pontaise
wc_history,World Cup,,1954,WC-819f7410-35db-5814-ac79-a089f08f870b,1954-07-03,third-place match,,,Austria,Uruguay,AUT,URY,3,1,,,False,False,,,Hardturm Stadium
wc_history,World Cup,,1954,WC-8878a931-c041-558f-8761-b6da4e7d0c4d,1954-07-04,final,,,West Germany,Hungary,DEU,HUN,3,2,,,False,False,,,Wankdorf Stadium
wc_history,World Cup,,1958,WC-04662c35-40c5-5478-a96f-a2381db96bd4,1958-06-08,group,3,,Hungary,Wales,HUN,WAL,1,1,,,False,False,,,Jernvallen
wc_history,World Cup,,1958,WC-0c72479b-5ca3-5e6e-99ff-bd3c3df0afd8,1958-06-08,group,1,,Northern Ireland,Czechoslovakia,NIR,CSK,1,0,,,False,False,,,Örjans Vall
wc_history,World Cup,,1958,WC-10e0796a-33d6-51db-a84d-db1ca6dc2c60,1958-06-08,group,1,,Argentina,West Germany,ARG,DEU,1,3,,,False,False,,,Malmö Stadion
wc_history,World Cup,,1958,WC-2a7933b9-8470-52d1-a73f-5a01a84cf425,1958-06-08,group,2,,Yugoslavia,Scotland,YUG,SCO,1,1,,,False,False,,,Arosvallen
wc_history,World Cup,,1958,WC-4cb5ba84-682c-5950-b505-3bf16e9dc024,1958-06-08,group,2,,France,Paraguay,FRA,PRY,7,3,,,False,False,,,Idrottsparken
wc_history,World Cup,,1958,WC-60cc572e-6be8-5601-a15c-aadf3c19da78,1958-06-08,group,4,,Soviet Union,England,SUN,ENG,2,2,,,False,False,,,Ullevi
wc_history,World Cup,,1958,WC-9fb392e7-3d00-524d-b2d7-cde4e5829db1,1958-06-08,group,4,,Brazil,Austria,BRA,AUT,3,0,,,False,False,,,Rimnersvallen
wc_history,World Cup,,1958,WC-b11a6792-6c88-5b83-a070-ced21e5a028f,1958-06-08,group,3,,Sweden,Mexico,SWE,MEX,3,0,,,False,False,,,Råsunda Stadium
wc_history,World Cup,,1958,WC-09ee0139-9643-5e64-b9c5-fb57d542fd0c,1958-06-11,group,2,,Paraguay,Scotland,PRY,SCO,3,2,,,False,False,,,Idrottsparken
wc_history,World Cup,,1958,WC-2ebbc135-3e4b-5252-8daa-4dc5cd4cc64c,1958-06-11,group,4,,Soviet Union,Austria,SUN,AUT,2,0,,,False,False,,,Ryavallen
wc_history,World Cup,,1958,WC-bbc940ea-42c5-588e-a6cc-5da7ebdff511,1958-06-11,group,4,,Brazil,England,BRA,ENG,0,0,,,False,False,,,Ullevi
wc_history,World Cup,,1958,WC-c45ec56d-ed33-5242-a500-94d47329d7f1,1958-06-11,group,1,,Argentina,Northern Ireland,ARG,NIR,3,1,,,False,False,,,Örjans Vall
wc_history,World Cup,,1958,WC-d77423b7-6889-5a9d-9611-68c180c4110e,1958-06-11,group,1,,West Germany,Czechoslovakia,DEU,CSK,2,2,,,False,False,,,Olympia
wc_history,World Cup,,1958,WC-ef4f50ed-2ab6-5059-b0ff-6b5e9b1b3b07,1958-06-11,group,2,,Yugoslavia,France,YUG,FRA,3,2,,,False,False,,,Arosvallen
wc_history,World Cup,,1958,WC-f3c89b45-31a2-5158-a927-aa857cae702e,1958-06-11,group,3,,Mexico,Wales,MEX,WAL,1,1,,,False,False,,,Råsunda Stadium
wc_history,World Cup,,1958,WC-e6a3dc02-9f9f-56f2-869a-1644ed170337,1958-06-12,group,3,,Sweden,Hungary,SWE,HUN,2,1,,,False,False,,,Råsunda Stadium
wc_history,World Cup,,1958,WC-0ea7ba22-e9fb-5a41-9edb-f45b15610437,1958-06-15,group,2,,Paraguay,Yugoslavia,PRY,YUG,3,3,,,False,False,,,Tunavallen
wc_history,World Cup,,1958,WC-2b13e862-a0ac-5ddc-b484-d0598455169a,1958-06-15,group,3,,Sweden,Wales,SWE,WAL,0,0,,,False,False,,,Råsunda Stadium
wc_history,World Cup,,1958,WC-3f708dac-d7aa-527c-9474-8cffdc462b49,1958-06-15,group,1,,Czechoslovakia,Argentina,CSK,ARG,6,1,,,False,False,,,Olympia
wc_history,World Cup,,1958,WC-6948b864-ef0d-5b19-a73b-58b00623889d,1958-06-15,group,4,,Brazil,Soviet Union,BRA,SUN,2,0,,,False,False,,,Ullevi
wc_history,World Cup,,1958,WC-6b7048e6-c03c-56d3-b6d3-b3a3075e01a4,1958-06-15,group,4,,England,Austria,ENG,AUT,2,2,,,False,False,,,Ryavallen
wc_history,World Cup,,1958,WC-77a195cd-f990-565b-b749-256f53b5690e,1958-06-15,group,3,,Hungary,Mexico,HUN,MEX,4,0,,,False,False,,,Jernvallen
wc_history,World Cup,,1958,WC-97d383e7-5f2b-550f-8aaf-6443ecd2e03d,1958-06-15,group,1,,West Germany,Northern Ireland,DEU,NIR,2,2,,,False,False,,,Malmö Stadion
wc_history,World Cup,,1958,WC-d875c2e5-4063-591a-b569-776c725d6b3f,1958-06-15,group,2,,France,Scotland,FRA,SCO,2,1,,,False,False,,,Eyravallen
wc_history,World Cup,,1958,WC-116eb400-2768-5301-8200-552dbef0dcfa,1958-06-17,group,1,,Northern Ireland,Czechoslovakia,NIR,CSK,2,1,,,True,False,,,Malmö Stadion
wc_history,World Cup,,1958,WC-92b86148-b428-5848-81f1-ec56dbb137e5,1958-06-17,group,3,,Wales,Hungary,WAL,HUN,2,1,,,False,False,,,Råsunda Stadium
wc_history,World Cup,,1958,WC-99a3732b-8be4-5488-bd8e-c38eaa111253,1958-06-17,group,4,,Soviet Union,England,SUN,ENG,1,0,,,False,False,,,Ullevi
wc_history,World Cup,,1958,WC-6559d5b1-49ce-521d-82d2-58f0e93da060,1958-06-19,quarter_final,,,France,Northern Ireland,FRA,NIR,4,0,,,False,False,,,Idrottsparken
wc_history,World Cup,,1958,WC-728ca4fa-cd78-5f14-8c8a-a536752c26c1,1958-06-19,quarter_final,,,Sweden,Soviet Union,SWE,SUN,2,0,,,False,False,,,Råsunda Stadium
wc_history,World Cup,,1958,WC-cb3b03d3-985e-5fc1-a828-9174ab593b12,1958-06-19,quarter_final,,,West Germany,Yugoslavia,DEU,YUG,1,0,,,False,False,,,Malmö Stadion
wc_history,World Cup,,1958,WC-eb6e2914-7561-5250-a154-dfba24fe3198,1958-06-19,quarter_final,,,Brazil,Wales,BRA,WAL,1,0,,,False,False,,,Ullevi
wc_history,World Cup,,1958,WC-7445e711-1609-5bff-ac93-2fd2188ba39d,1958-06-24,semi_final,,,Sweden,West Germany,SWE,DEU,3,1,,,False,False,,,Ullevi
wc_history,World Cup,,1958,WC-c43da706-2ce9-5715-a088-3d7179988612,1958-06-24,semi_final,,,Brazil,France,BRA,FRA,5,2,,,False,False,,,Råsunda Stadium
wc_history,World Cup,,1958,WC-b6c853ec-23af-5646-9062-90303e9abeec,1958-06-28,third-place match,,,France,West Germany,FRA,DEU,6,3,,,False,False,,,Ullevi
wc_history,World Cup,,1958,WC-00f2c6c7-b83a-595b-a500-0f3a4c1f9fd3,1958-06-29,final,,,Brazil,Sweden,BRA,SWE,5,2,,,False,False,,,Råsunda Stadium
wc_history,World Cup,,1962,WC-19649b36-4db5-5fde-8fdb-118eddc9bf69,1962-05-30,group,1,,Uruguay,Colombia,URY,COL,2,1,,,False,False,,,Estadio Carlos Dittborn
wc_history,World Cup,,1962,WC-4d524296-4d35-5960-8f17-61d31e75dc39,1962-05-30,group,2,,Chile,Switzerland,CHL,CHE,3,1,,,False,False,,,Estadio Nacional
wc_history,World Cup,,1962,WC-a83473c2-82d5-59b4-9336-cda8ea09a749,1962-05-30,group,3,,Brazil,Mexico,BRA,MEX,2,0,,,False,False,,,Estadio Sausalito
wc_history,World Cup,,1962,WC-d21cccdd-d027-5694-9af5-e2b65949d0e2,1962-05-30,group,4,,Argentina,Bulgaria,ARG,BGR,1,0,,,False,False,,,Estadio El Teniente
wc_history,World Cup,,1962,WC-1c8ec5bb-b982-5802-ac8a-3b7db9552e54,1962-05-31,group,2,,West Germany,Italy,DEU,ITA,0,0,,,False,False,,,Estadio Nacional
wc_history,World Cup,,1962,WC-631fcf21-7159-5310-ba15-51dc70a6eb48,1962-05-31,group,3,,Czechoslovakia,Spain,CSK,ESP,1,0,,,False,False,,,Estadio Sausalito
wc_history,World Cup,,1962,WC-75c0f311-cced-5293-9363-7cf928829fad,1962-05-31,group,4,,Hungary,England,HUN,ENG,2,1,,,False,False,,,Estadio El Teniente
wc_history,World Cup,,1962,WC-7bdc9bc7-8b9a-584c-8d20-503c9abe5daa,1962-05-31,group,1,,Soviet Union,Yugoslavia,SUN,YUG,2,0,,,False,False,,,Estadio Carlos Dittborn
wc_history,World Cup,,1962,WC-07dcf69b-7a62-5a48-9ce7-51a80072f8d5,1962-06-02,group,1,,Yugoslavia,Uruguay,YUG,URY,3,1,,,False,False,,,Estadio Carlos Dittborn
wc_history,World Cup,,1962,WC-49c4300d-ca40-5095-b216-fcfaf0f16fdb,1962-06-02,group,3,,Brazil,Czechoslovakia,BRA,CSK,0,0,,,False,False,,,Estadio Sausalito
wc_history,World Cup,,1962,WC-b02f0beb-281a-505d-aa22-17525d13a735,1962-06-02,group,4,,England,Argentina,ENG,ARG,3,1,,,False,False,,,Estadio El Teniente
wc_history,World Cup,,1962,WC-b8931570-a9e1-5a76-8207-d31975030c7b,1962-06-02,group,2,,Chile,Italy,CHL,ITA,2,0,,,False,False,,,Estadio Nacional
wc_history,World Cup,,1962,WC-4171ac6c-27c6-5717-a28c-c70795647c95,1962-06-03,group,1,,Soviet Union,Colombia,SUN,COL,4,4,,,False,False,,,Estadio Carlos Dittborn
wc_history,World Cup,,1962,WC-4dd752d0-74b5-5c59-8f42-4336b7a6abd7,1962-06-03,group,2,,West Germany,Switzerland,DEU,CHE,2,1,,,False,False,,,Estadio Nacional
wc_history,World Cup,,1962,WC-d2bfa755-4b90-5c7a-8aa9-f9b7a5504882,1962-06-03,group,3,,Spain,Mexico,ESP,MEX,1,0,,,False,False,,,Estadio Sausalito
wc_history,World Cup,,1962,WC-e7b5f175-e578-5778-876e-ba00cc89c2a9,1962-06-03,group,4,,Hungary,Bulgaria,HUN,BGR,6,1,,,False,False,,,Estadio El Teniente
wc_history,World Cup,,1962,WC-bbc8d689-bf6a-5b73-9188-a85b6fa29623,1962-06-06,group,4,,Hungary,Argentina,HUN,ARG,0,0,,,False,False,,,Estadio El Teniente
wc_history,World Cup,,1962,WC-c556678b-0bbb-5e2f-b163-bc0d7568f00d,1962-06-06,group,3,,Brazil,Spain,BRA,ESP,2,1,,,False,False,,,Estadio Sausalito
wc_history,World Cup,,1962,WC-d0b89f1a-95cc-5d7f-8ff6-83f1c74eecc1,1962-06-06,group,2,,West Germany,Chile,DEU,CHL,2,0,,,False,False,,,Estadio Nacional
wc_history,World Cup,,1962,WC-f01a3db3-ae16-5536-a399-b19d9e1b16f2,1962-06-06,group,1,,Soviet Union,Uruguay,SUN,URY,2,1,,,False,False,,,Estadio Carlos Dittborn
wc_history,World Cup,,1962,WC-90c9bfe2-5624-5d6e-9f79-fb9c9e4bf869,1962-06-07,group,1,,Yugoslavia,Colombia,YUG,COL,5,0,,,False,False,,,Estadio Carlos Dittborn
wc_history,World Cup,,1962,WC-d0b2fddb-0798-5491-be29-5bb2961d410d,1962-06-07,group,3,,Mexico,Czechoslovakia,MEX,CSK,3,1,,,False,False,,,Estadio Sausalito
wc_history,World Cup,,1962,WC-f3d8332e-9434-5f3c-80fa-5887d55ee4e7,1962-06-07,group,4,,England,Bulgaria,ENG,BGR,0,0,,,False,False,,,Estadio El Teniente
wc_history,World Cup,,1962,WC-ffd8c29c-a8e5-5345-a50f-981150251e4f,1962-06-07,group,2,,Italy,Switzerland,ITA,CHE,3,0,,,False,False,,,Estadio Nacional
wc_history,World Cup,,1962,WC-0611b1aa-82f2-5c1d-b416-abe25a4bcea7,1962-06-10,quarter_final,,,Brazil,England,BRA,ENG,3,1,,,False,False,,,Estadio Sausalito
wc_history,World Cup,,1962,WC-8e7a91d7-04df-52af-ad5a-15d74c13cdb0,1962-06-10,quarter_final,,,Czechoslovakia,Hungary,CSK,HUN,1,0,,,False,False,,,Estadio El Teniente
wc_history,World Cup,,1962,WC-a71fb026-2a08-51a1-825f-86736debeb86,1962-06-10,quarter_final,,,Yugoslavia,West Germany,YUG,DEU,1,0,,,False,False,,,Estadio Nacional
wc_history,World Cup,,1962,WC-fe02a3e5-a5f0-5b5d-b3e8-b781b1ae7716,1962-06-10,quarter_final,,,Chile,Soviet Union,CHL,SUN,2,1,,,False,False,,,Estadio Carlos Dittborn
wc_history,World Cup,,1962,WC-7ff68530-926f-5f03-88f0-dbaa6e809595,1962-06-13,semi_final,,,Czechoslovakia,Yugoslavia,CSK,YUG,3,1,,,False,False,,,Estadio Sausalito
wc_history,World Cup,,1962,WC-84b93134-69ad-517d-a038-2dc89e479e50,1962-06-13,semi_final,,,Brazil,Chile,BRA,CHL,4,2,,,False,False,,,Estadio Nacional
wc_history,World Cup,,1962,WC-9b5b1464-39b9-5664-ae19-3200341237e4,1962-06-16,third-place match,,,Chile,Yugoslavia,CHL,YUG,1,0,,,False,False,,,Estadio Nacional
wc_history,World Cup,,1962,WC-fecd903a-882e-5a3c-90d6-4376ccd1ae73,1962-06-17,final,,,Brazil,Czechoslovakia,BRA,CSK,3,1,,,False,False,,,Estadio Nacional
wc_history,World Cup,,1966,WC-bcb9eb47-f882-51ac-8548-cd34f3d3a057,1966-07-11,group,1,,England,Uruguay,ENG,URY,0,0,,,False,False,,,Wembley Stadium
wc_history,World Cup,,1966,WC-1dc27e51-a68c-5152-a8b7-a13d9eb868c9,1966-07-12,group,3,,Brazil,Bulgaria,BRA,BGR,2,0,,,False,False,,,Goodison Park
wc_history,World Cup,,1966,WC-bea8c217-1105-58df-ab33-5fa17645d635,1966-07-12,group,4,,Soviet Union,North Korea,SUN,PRK,3,0,,,False,False,,,Ayresome Park
wc_history,World Cup,,1966,WC-bf8a3d14-1fd4-5d9c-930f-d87be241dd30,1966-07-12,group,2,,West Germany,Switzerland,DEU,CHE,5,0,,,False,False,,,Hillsborough Stadium
wc_history,World Cup,,1966,WC-41d91f8a-53e9-563b-9d1d-d22a04b5453d,1966-07-13,group,1,,France,Mexico,FRA,MEX,1,1,,,False,False,,,Wembley Stadium
wc_history,World Cup,,1966,WC-43b65fcc-1671-5e78-875a-7e84bda3e3d0,1966-07-13,group,3,,Portugal,Hungary,PRT,HUN,3,1,,,False,False,,,Old Trafford
wc_history,World Cup,,1966,WC-59d66bea-dac1-5904-b3f6-fb86184e9efb,1966-07-13,group,2,,Argentina,Spain,ARG,ESP,2,1,,,False,False,,,Villa Park
wc_history,World Cup,,1966,WC-e92d52df-9f21-57b7-af08-ca15920b4939,1966-07-13,group,4,,Italy,Chile,ITA,CHL,2,0,,,False,False,,,Roker Park
wc_history,World Cup,,1966,WC-0b03025d-97ea-555e-9d9a-d620236866dd,1966-07-15,group,2,,Spain,Switzerland,ESP,CHE,2,1,,,False,False,,,Hillsborough Stadium
wc_history,World Cup,,1966,WC-4d7e2ac7-a44b-5523-8f0d-9931c34c0360,1966-07-15,group,1,,Uruguay,France,URY,FRA,2,1,,,False,False,,,White City Stadium
wc_history,World Cup,,1966,WC-5fe2d635-a73f-51bb-9e01-b4a1623ad822,1966-07-15,group,3,,Hungary,Brazil,HUN,BRA,3,1,,,False,False,,,Goodison Park
wc_history,World Cup,,1966,WC-dd5e74d0-5a92-5f21-bd20-74f5bcdbd3c9,1966-07-15,group,4,,Chile,North Korea,CHL,PRK,1,1,,,False,False,,,Ayresome Park
wc_history,World Cup,,1966,WC-2f0090f9-0ebe-513e-b251-2a668885fe73,1966-07-16,group,4,,Soviet Union,Italy,SUN,ITA,1,0,,,False,False,,,Roker Park
wc_history,World Cup,,1966,WC-4a37a7c8-2122-5a71-ad4e-8e695a83c7bf,1966-07-16,group,3,,Portugal,Bulgaria,PRT,BGR,3,0,,,False,False,,,Old Trafford
wc_history,World Cup,,1966,WC-689d4ee8-821e-5925-8ff7-3fc0ad4ce122,1966-07-16,group,2,,Argentina,West Germany,ARG,DEU,0,0,,,False,False,,,Villa Park
wc_history,World Cup,,1966,WC-8bd3eee6-1ad2-56e1-bdb9-2aed69afc9b4,1966-07-16,group,1,,England,Mexico,ENG,MEX,2,0,,,False,False,,,Wembley Stadium
wc_history,World Cup,,1966,WC-460510e4-e455-5e27-9ab4-8a56c86ad340,1966-07-19,group,1,,Mexico,Uruguay,MEX,URY,0,0,,,False,False,,,Wembley Stadium
wc_history,World Cup,,1966,WC-4bff4c29-dabc-5289-9c3e-03b9e96ecd5c,1966-07-19,group,4,,North Korea,Italy,PRK,ITA,1,0,,,False,False,,,Ayresome Park
wc_history,World Cup,,1966,WC-84a32e2b-dead-50e7-9a82-31504132fa7e,1966-07-19,group,2,,Argentina,Switzerland,ARG,CHE,2,0,,,False,False,,,Hillsborough Stadium
wc_history,World Cup,,1966,WC-e6a34297-53e5-59cf-970e-231c48161689,1966-07-19,group,3,,Portugal,Brazil,PRT,BRA,3,1,,,False,False,,,Goodison Park
wc_history,World Cup,,1966,WC-4701e950-e23f-59f3-9fb2-93e6c84bd7d3,1966-07-20,group,2,,West Germany,Spain,DEU,ESP,2,1,,,False,False,,,Villa Park
wc_history,World Cup,,1966,WC-55acca40-2706-58f6-b43e-1fce65ac1950,1966-07-20,group,1,,England,France,ENG,FRA,2,0,,,False,False,,,Wembley Stadium
wc_history,World Cup,,1966,WC-676ff968-257e-5b5c-baea-1dd99d55ef80,1966-07-20,group,3,,Hungary,Bulgaria,HUN,BGR,3,1,,,False,False,,,Old Trafford
wc_history,World Cup,,1966,WC-a2cc2265-78b0-5bb4-8bb6-9c51cd5c5be8,1966-07-20,group,4,,Soviet Union,Chile,SUN,CHL,2,1,,,False,False,,,Roker Park
wc_history,World Cup,,1966,WC-2195713d-1db0-5dcb-9f0e-d6ce2b6502a9,1966-07-23,quarter_final,,,Soviet Union,Hungary,SUN,HUN,2,1,,,False,False,,,Roker Park
wc_history,World Cup,,1966,WC-630a4151-8113-5650-aaf5-cc214647b00d,1966-07-23,quarter_final,,,England,Argentina,ENG,ARG,1,0,,,False,False,,,Wembley Stadium
wc_history,World Cup,,1966,WC-a8c3e28f-7655-525c-ba25-48db56f9e02c,1966-07-23,quarter_final,,,West Germany,Uruguay,DEU,URY,4,0,,,False,False,,,Hillsborough Stadium
wc_history,World Cup,,1966,WC-f4fb17ee-d23d-56df-a2a8-ae8f35465ab8,1966-07-23,quarter_final,,,Portugal,North Korea,PRT,PRK,5,3,,,False,False,,,Goodison Park
wc_history,World Cup,,1966,WC-834d6fb3-b68e-5d45-a536-cb4f2902a536,1966-07-25,semi_final,,,West Germany,Soviet Union,DEU,SUN,2,1,,,False,False,,,Goodison Park
wc_history,World Cup,,1966,WC-52feb33a-acc0-52ae-a6a9-f92d2a1a9496,1966-07-26,semi_final,,,England,Portugal,ENG,PRT,2,1,,,False,False,,,Wembley Stadium
wc_history,World Cup,,1966,WC-93fa8bc5-e979-57b9-bd60-1d01886281ad,1966-07-28,third-place match,,,Portugal,Soviet Union,PRT,SUN,2,1,,,False,False,,,Wembley Stadium
wc_history,World Cup,,1966,WC-5368c67a-009c-5e26-ad25-a7810d01d311,1966-07-30,final,,,England,West Germany,ENG,DEU,4,2,,,True,False,,,Wembley Stadium
wc_history,World Cup,,1970,WC-d2ed2de7-b0fd-58c0-b547-de9c345034aa,1970-05-31,group,1,,Mexico,Soviet Union,MEX,SUN,0,0,,,False,False,,,Estadio Azteca
wc_history,World Cup,,1970,WC-0e751b9e-a24a-53b5-9f18-2db5e74a9aa6,1970-06-02,group,3,,England,Romania,ENG,ROU,1,0,,,False,False,,,Estadio Jalisco
wc_history,World Cup,,1970,WC-314613ab-4942-5933-b998-8ead91061699,1970-06-02,group,2,,Uruguay,Israel,URY,ISR,2,0,,,False,False,,,Estadio Cuauhtémoc
wc_history,World Cup,,1970,WC-9cb64ae6-9099-5713-ab86-907420a6ce90,1970-06-02,group,4,,Peru,Bulgaria,PER,BGR,3,2,,,False,False,,,Estadio Nou Camp
wc_history,World Cup,,1970,WC-773db8b7-2c05-5082-9627-d0e63609fb1d,1970-06-03,group,1,,Belgium,El Salvador,BEL,SLV,3,0,,,False,False,,,Estadio Azteca
wc_history,World Cup,,1970,WC-c307f46a-0024-56a1-b99e-3cbf9b320fd5,1970-06-03,group,3,,Brazil,Czechoslovakia,BRA,CSK,4,1,,,False,False,,,Estadio Jalisco
wc_history,World Cup,,1970,WC-f85578e3-0647-5b92-8052-e46f4b2df041,1970-06-03,group,4,,West Germany,Morocco,DEU,MAR,2,1,,,False,False,,,Estadio Nou Camp
wc_history,World Cup,,1970,WC-fc124377-8543-5bf6-a694-f2e5fd6b50d0,1970-06-03,group,2,,Italy,Sweden,ITA,SWE,1,0,,,False,False,,,La Bombonera
wc_history,World Cup,,1970,WC-5eaf0b38-a915-59ee-a2dc-c4f1ac67069c,1970-06-06,group,2,,Uruguay,Italy,URY,ITA,0,0,,,False,False,,,Estadio Cuauhtémoc
wc_history,World Cup,,1970,WC-84b8136f-c7f6-50e4-a5da-c4fa21c23373,1970-06-06,group,1,,Soviet Union,Belgium,SUN,BEL,4,1,,,False,False,,,Estadio Azteca
wc_history,World Cup,,1970,WC-f95a44b3-47ed-5dee-9a4c-4cc6b5a150d6,1970-06-06,group,4,,Peru,Morocco,PER,MAR,3,0,,,False,False,,,Estadio Nou Camp
wc_history,World Cup,,1970,WC-fccbc155-7d7f-5b36-9cca-844f103c9238,1970-06-06,group,3,,Romania,Czechoslovakia,ROU,CSK,2,1,,,False,False,,,Estadio Jalisco
wc_history,World Cup,,1970,WC-0dcec3a1-776d-5e2f-abe2-ad79cd1e2fc8,1970-06-07,group,2,,Sweden,Israel,SWE,ISR,1,1,,,False,False,,,La Bombonera
wc_history,World Cup,,1970,WC-74628140-5822-582a-a34f-08bb0d19799c,1970-06-07,group,1,,Mexico,El Salvador,MEX,SLV,4,0,,,False,False,,,Estadio Azteca
wc_history,World Cup,,1970,WC-85725e91-7226-5ad3-85c1-23600df3c66c,1970-06-07,group,4,,West Germany,Bulgaria,DEU,BGR,5,2,,,False,False,,,Estadio Nou Camp
wc_history,World Cup,,1970,WC-d4895076-43df-5770-8c44-09ad3e0b7039,1970-06-07,group,3,,Brazil,England,BRA,ENG,1,0,,,False,False,,,Estadio Jalisco
wc_history,World Cup,,1970,WC-05e1e8a7-ce5d-569a-a127-1e5d86c27c7d,1970-06-10,group,4,,West Germany,Peru,DEU,PER,3,1,,,False,False,,,Estadio Nou Camp
wc_history,World Cup,,1970,WC-12e9d00d-8f81-53be-b210-3bc49f9cae7d,1970-06-10,group,2,,Sweden,Uruguay,SWE,URY,1,0,,,False,False,,,Estadio Cuauhtémoc
wc_history,World Cup,,1970,WC-6b140f35-3fd5-53e4-9471-651656cb87e4,1970-06-10,group,3,,Brazil,Romania,BRA,ROU,3,2,,,False,False,,,Estadio Jalisco
wc_history,World Cup,,1970,WC-d933ef58-731e-5494-96e7-6626a4d2e1af,1970-06-10,group,1,,Soviet Union,El Salvador,SUN,SLV,2,0,,,False,False,,,Estadio Azteca
wc_history,World Cup,,1970,WC-0f495463-2b2c-58e2-876e-b8b58e155683,1970-06-11,group,1,,Mexico,Belgium,MEX,BEL,1,0,,,False,False,,,Estadio Azteca
wc_history,World Cup,,1970,WC-2733168b-446f-586b-ac06-7ef22641dd23,1970-06-11,group,2,,Italy,Israel,ITA,ISR,0,0,,,False,False,,,La Bombonera
wc_history,World Cup,,1970,WC-922c2005-27c6-51da-b8ef-936c1f4d3f4f,1970-06-11,group,3,,England,Czechoslovakia,ENG,CSK,1,0,,,False,False,,,Estadio Jalisco
wc_history,World Cup,,1970,WC-c05419c1-eef3-5863-a55d-80a48bdd7c09,1970-06-11,group,4,,Bulgaria,Morocco,BGR,MAR,1,1,,,False,False,,,Estadio Nou Camp
wc_history,World Cup,,1970,WC-51798db2-7e0a-587d-81c8-e3993757c4eb,1970-06-14,quarter_final,,,Italy,Mexico,ITA,MEX,4,1,,,False,False,,,La Bombonera
wc_history,World Cup,,1970,WC-5b4fc7ce-3a14-5c0f-b1ef-c0d667c7db9b,1970-06-14,quarter_final,,,Soviet Union,Uruguay,SUN,URY,0,1,,,True,False,,,Estadio Azteca
wc_history,World Cup,,1970,WC-7a21aa3d-ff70-5e84-8b68-9fa3c4971724,1970-06-14,quarter_final,,,West Germany,England,DEU,ENG,3,2,,,True,False,,,Estadio Nou Camp
wc_history,World Cup,,1970,WC-87d67a1d-c7a2-5ab2-960a-592320104190,1970-06-14,quarter_final,,,Brazil,Peru,BRA,PER,4,2,,,False,False,,,Estadio Jalisco
wc_history,World Cup,,1970,WC-7bf57d63-b122-5075-b9b0-65e822221cb8,1970-06-17,semi_final,,,Brazil,Uruguay,BRA,URY,3,1,,,False,False,,,Estadio Jalisco
wc_history,World Cup,,1970,WC-feda8a1c-9a81-5145-a6f5-df2222e32d87,1970-06-17,semi_final,,,Italy,West Germany,ITA,DEU,4,3,,,True,False,,,Estadio Azteca
wc_history,World Cup,,1970,WC-4f1d6def-48c4-5fe8-875a-915abc921f3e,1970-06-20,third-place match,,,West Germany,Uruguay,DEU,URY,1,0,,,False,False,,,Estadio Azteca
wc_history,World Cup,,1970,WC-182b6620-806f-5b36-8ab5-34f7f1be7301,1970-06-21,final,,,Brazil,Italy,BRA,ITA,4,1,,,False,False,,,Estadio Azteca
wc_history,World Cup,,1974,WC-4c735edb-5fd6-5122-ad6f-1a784f89c0dc,1974-06-13,group,2,,Brazil,Yugoslavia,BRA,YUG,0,0,,,False,False,,,Waldstadion
wc_history,World Cup,,1974,WC-1faae688-d8f1-59ab-8bc4-c38bc3d9e23d,1974-06-14,group,1,,West Germany,Chile,DEU,CHL,1,0,,,False,False,,,Olympiastadion
wc_history,World Cup,,1974,WC-2ea9a582-81a4-544c-a7b4-2df0d18199c1,1974-06-14,group,2,,Zaire,Scotland,COD,SCO,0,2,,,False,False,,,Westfalenstadion
wc_history,World Cup,,1974,WC-849aa81e-246b-51a1-b434-4f66a659795c,1974-06-14,group,1,,East Germany,Australia,DDR,AUS,2,0,,,False,False,,,Volksparkstadion
wc_history,World Cup,,1974,WC-7a8a59cb-b7e0-5cb2-bdc7-b542e9549b80,1974-06-15,group,3,,Uruguay,Netherlands,URY,NLD,0,2,,,False,False,,,Niedersachsenstadion
wc_history,World Cup,,1974,WC-a290f0e9-eb69-582c-b61a-04b45fb5540b,1974-06-15,group,4,,Italy,Haiti,ITA,HTI,3,1,,,False,False,,,Olympiastadion
wc_history,World Cup,,1974,WC-d0bab851-4b02-57e0-aca4-3ba0e39fd793,1974-06-15,group,3,,Sweden,Bulgaria,SWE,BGR,0,0,,,False,False,,,Rheinstadion
wc_history,World Cup,,1974,WC-ece474d7-76eb-50ad-a9f5-b13025970a6f,1974-06-15,group,4,,Poland,Argentina,POL,ARG,3,2,,,False,False,,,Neckarstadion
wc_history,World Cup,,1974,WC-5840f374-0762-5063-9ccd-6a4d701859a9,1974-06-18,group,1,,Australia,West Germany,AUS,DEU,0,3,,,False,False,,,Volksparkstadion
wc_history,World Cup,,1974,WC-9a6125d0-49f8-5c9c-8b9d-75faa5a3b6df,1974-06-18,group,1,,Chile,East Germany,CHL,DDR,1,1,,,False,False,,,Olympiastadion
wc_history,World Cup,,1974,WC-bdd24f59-e6aa-5a7c-8901-6c435baaa4dc,1974-06-18,group,2,,Yugoslavia,Zaire,YUG,COD,9,0,,,False,False,,,Parkstadion
wc_history,World Cup,,1974,WC-ff4f7fae-ffd4-57a6-9d1e-5b9d41a0f45b,1974-06-18,group,2,,Scotland,Brazil,SCO,BRA,0,0,,,False,False,,,Waldstadion
wc_history,World Cup,,1974,WC-358d9440-7349-5155-a9fa-6382b8970654,1974-06-19,group,4,,Argentina,Italy,ARG,ITA,1,1,,,False,False,,,Neckarstadion
wc_history,World Cup,,1974,WC-73d5fb00-7376-57eb-a5c1-a7fee8a209d0,1974-06-19,group,3,,Netherlands,Sweden,NLD,SWE,0,0,,,False,False,,,Westfalenstadion
wc_history,World Cup,,1974,WC-b29ec2b1-13db-54ad-b96f-6764d62d2d4d,1974-06-19,group,4,,Haiti,Poland,HTI,POL,0,7,,,False,False,,,Olympiastadion
wc_history,World Cup,,1974,WC-b4969a3e-78d9-57d9-b043-3166db036b8b,1974-06-19,group,3,,Bulgaria,Uruguay,BGR,URY,1,1,,,False,False,,,Niedersachsenstadion
wc_history,World Cup,,1974,WC-7dcd8eea-e04b-553f-ad35-2fb5ffada5ab,1974-06-22,group,2,,Zaire,Brazil,COD,BRA,0,3,,,False,False,,,Parkstadion
wc_history,World Cup,,1974,WC-8362f371-a80c-5d14-99ef-be7a1ef2c598,1974-06-22,group,2,,Scotland,Yugoslavia,SCO,YUG,1,1,,,False,False,,,Waldstadion
wc_history,World Cup,,1974,WC-b8eb0bb7-9d43-5abc-a7a2-0f175801ac16,1974-06-22,group,1,,Australia,Chile,AUS,CHL,0,0,,,False,False,,,Olympiastadion
wc_history,World Cup,,1974,WC-f7229621-245c-536a-bbd4-1728d75c39f3,1974-06-22,group,1,,East Germany,West Germany,DDR,DEU,1,0,,,False,False,,,Volksparkstadion
wc_history,World Cup,,1974,WC-4fbd212c-a936-5c09-b079-f79fc60d98f4,1974-06-23,group,3,,Bulgaria,Netherlands,BGR,NLD,1,4,,,False,False,,,Westfalenstadion
wc_history,World Cup,,1974,WC-962036e6-b8cf-51d6-a29a-9c76fc6c5f64,1974-06-23,group,4,,Argentina,Haiti,ARG,HTI,4,1,,,False,False,,,Olympiastadion
wc_history,World Cup,,1974,WC-9ebeced5-348e-5822-9ea5-7c1df39c6d16,1974-06-23,group,4,,Poland,Italy,POL,ITA,2,1,,,False,False,,,Neckarstadion
wc_history,World Cup,,1974,WC-eca0c0e0-528b-5527-a702-5ef0ba2afac3,1974-06-23,group,3,,Sweden,Uruguay,SWE,URY,3,0,,,False,False,,,Rheinstadion
wc_history,World Cup,,1974,WC-b6d7c9eb-7770-5c4a-8420-0f9890de5408,1974-06-26,second_group,B,,Yugoslavia,West Germany,YUG,DEU,0,2,,,False,False,,,Rheinstadion
wc_history,World Cup,,1974,WC-c988a7a5-b8ad-58e3-b923-b48d5a117c85,1974-06-26,second_group,B,,Sweden,Poland,SWE,POL,0,1,,,False,False,,,Neckarstadion
wc_history,World Cup,,1974,WC-ebb29cf0-ddec-5824-a798-3e37e5d929f2,1974-06-26,second_group,A,,Brazil,East Germany,BRA,DDR,1,0,,,False,False,,,Niedersachsenstadion
wc_history,World Cup,,1974,WC-f0c0d8e5-b23c-5f09-9999-4f97e139d126,1974-06-26,second_group,A,,Netherlands,Argentina,NLD,ARG,4,0,,,False,False,,,Parkstadion
wc_history,World Cup,,1974,WC-61846b16-04c9-522d-8600-19701f513860,1974-06-30,second_group,B,,Poland,Yugoslavia,POL,YUG,2,1,,,False,False,,,Waldstadion
wc_history,World Cup,,1974,WC-804a37f8-71a4-540e-9d74-777d76299e6c,1974-06-30,second_group,B,,West Germany,Sweden,DEU,SWE,4,2,,,False,False,,,Rheinstadion
wc_history,World Cup,,1974,WC-cb013ea8-63fd-5418-95a4-93b60456a3ea,1974-06-30,second_group,A,,Argentina,Brazil,ARG,BRA,1,2,,,False,False,,,Niedersachsenstadion
wc_history,World Cup,,1974,WC-ff750985-eeed-5898-be0f-1df0f8ed2b66,1974-06-30,second_group,A,,East Germany,Netherlands,DDR,NLD,0,2,,,False,False,,,Parkstadion
wc_history,World Cup,,1974,WC-0b36c465-7ce7-5529-880d-9eb793f86ed0,1974-07-03,second_group,B,,Sweden,Yugoslavia,SWE,YUG,2,1,,,False,False,,,Rheinstadion
wc_history,World Cup,,1974,WC-4e7a718a-28fc-55b1-b5a4-cb8698fdceb6,1974-07-03,second_group,A,,Netherlands,Brazil,NLD,BRA,2,0,,,False,False,,,Westfalenstadion
wc_history,World Cup,,1974,WC-668153cc-3cf9-5ce3-9888-4998297a912b,1974-07-03,second_group,B,,Poland,West Germany,POL,DEU,0,1,,,False,False,,,Waldstadion
wc_history,World Cup,,1974,WC-8995442b-8a5c-536a-9948-7632b6392e10,1974-07-03,second_group,A,,Argentina,East Germany,ARG,DDR,1,1,,,False,False,,,Parkstadion
wc_history,World Cup,,1974,WC-650cdad7-cb01-5ad3-b6ff-9119130eb654,1974-07-06,third-place match,,,Brazil,Poland,BRA,POL,0,1,,,False,False,,,Olympiastadion
wc_history,World Cup,,1974,WC-53d2cb54-c24d-525d-ae1b-eb2d34ca71d4,1974-07-07,final,,,Netherlands,West Germany,NLD,DEU,1,2,,,False,False,,,Olympiastadion
wc_history,World Cup,,1978,WC-857c4f50-9108-5c28-8d97-81e98ee44caf,1978-06-01,group,2,,West Germany,Poland,DEU,POL,0,0,,,False,False,,,Estadio Monumental
wc_history,World Cup,,1978,WC-6863b147-9dda-5fd2-9d7c-6a172af235ba,1978-06-02,group,1,,Italy,France,ITA,FRA,2,1,,,False,False,,,Estadio José María Minella
wc_history,World Cup,,1978,WC-cf7a82ea-0995-53a6-83b4-b9178e288d9a,1978-06-02,group,1,,Argentina,Hungary,ARG,HUN,2,1,,,False,False,,,Estadio Monumental
wc_history,World Cup,,1978,WC-f7ef635d-6adf-53c9-a254-63326755b253,1978-06-02,group,2,,Tunisia,Mexico,TUN,MEX,3,1,,,False,False,,,Estadio Gigante de Arroyito
wc_history,World Cup,,1978,WC-61247e28-77e4-523b-8c63-adb1d73f73ab,1978-06-03,group,4,,Peru,Scotland,PER,SCO,3,1,,,False,False,,,Estadio Chateau Carreras
wc_history,World Cup,,1978,WC-b4462582-d132-5cf0-a5e7-456efc2ffc3e,1978-06-03,group,4,,Netherlands,Iran,NLD,IRN,3,0,,,False,False,,,Estadio Ciudad de Mendoza
wc_history,World Cup,,1978,WC-b89da79a-070f-5842-a6fb-56da5bec2b08,1978-06-03,group,3,,Austria,Spain,AUT,ESP,2,1,,,False,False,,,Estadio José Amalfitani
wc_history,World Cup,,1978,WC-d091c3dc-528c-5587-85a8-1c271e7c8448,1978-06-03,group,3,,Brazil,Sweden,BRA,SWE,1,1,,,False,False,,,Estadio José María Minella
wc_history,World Cup,,1978,WC-24f51b61-59f0-53bd-9d54-32f5de9c9cb0,1978-06-06,group,2,,West Germany,Mexico,DEU,MEX,6,0,,,False,False,,,Estadio Chateau Carreras
wc_history,World Cup,,1978,WC-b10ab745-2353-5461-b6a7-322f98bc5792,1978-06-06,group,1,,Argentina,France,ARG,FRA,2,1,,,False,False,,,Estadio Monumental
wc_history,World Cup,,1978,WC-d9166b83-3c92-58a2-9fd1-e397efd51ae1,1978-06-06,group,2,,Poland,Tunisia,POL,TUN,1,0,,,False,False,,,Estadio Gigante de Arroyito
wc_history,World Cup,,1978,WC-dbc22775-cc84-5ca6-a294-a8cd5ec6294b,1978-06-06,group,1,,Italy,Hungary,ITA,HUN,3,1,,,False,False,,,Estadio José María Minella
wc_history,World Cup,,1978,WC-866cf10f-7b77-5f7e-9234-554bc5feec36,1978-06-07,group,3,,Austria,Sweden,AUT,SWE,1,0,,,False,False,,,Estadio José Amalfitani
wc_history,World Cup,,1978,WC-9e50c005-30fb-582d-b27f-300a013cbc1f,1978-06-07,group,3,,Brazil,Spain,BRA,ESP,0,0,,,False,False,,,Estadio José María Minella
wc_history,World Cup,,1978,WC-c527a725-cc41-5b7f-b1fd-55880d03f2ea,1978-06-07,group,4,,Scotland,Iran,SCO,IRN,1,1,,,False,False,,,Estadio Chateau Carreras
wc_history,World Cup,,1978,WC-e747b8ed-9930-5a76-b69d-a7e5c01b0f8a,1978-06-07,group,4,,Netherlands,Peru,NLD,PER,0,0,,,False,False,,,Estadio Ciudad de Mendoza
wc_history,World Cup,,1978,WC-a4a976f5-b6d2-595d-9e62-3299c0987751,1978-06-10,group,1,,Argentina,Italy,ARG,ITA,0,1,,,False,False,,,Estadio Monumental
wc_history,World Cup,,1978,WC-b51d9843-fe88-58a6-95c7-3438cdde6d1d,1978-06-10,group,2,,Poland,Mexico,POL,MEX,3,1,,,False,False,,,Estadio Gigante de Arroyito
wc_history,World Cup,,1978,WC-b54496b4-9561-58b3-ac16-8f0f85c1c4f7,1978-06-10,group,1,,France,Hungary,FRA,HUN,3,1,,,False,False,,,Estadio José María Minella
wc_history,World Cup,,1978,WC-c9c43228-4a0c-58a4-b460-101a3afee068,1978-06-10,group,2,,West Germany,Tunisia,DEU,TUN,0,0,,,False,False,,,Estadio Chateau Carreras
wc_history,World Cup,,1978,WC-65efd3d5-5f97-57a9-956e-f6a6de9a5697,1978-06-11,group,3,,Brazil,Austria,BRA,AUT,1,0,,,False,False,,,Estadio José María Minella
wc_history,World Cup,,1978,WC-df4559cc-a2d3-52fe-932b-fb5cf5cdd8a6,1978-06-11,group,4,,Peru,Iran,PER,IRN,4,1,,,False,False,,,Estadio Chateau Carreras
wc_history,World Cup,,1978,WC-e52310ef-e5a8-54ef-a7af-547d3840f14e,1978-06-11,group,3,,Spain,Sweden,ESP,SWE,1,0,,,False,False,,,Estadio José Amalfitani
wc_history,World Cup,,1978,WC-e8be55a3-0386-5a36-b194-66945bf01aa2,1978-06-11,group,4,,Scotland,Netherlands,SCO,NLD,3,2,,,False,False,,,Estadio Ciudad de Mendoza
wc_history,World Cup,,1978,WC-34e7bb90-7b0d-5276-9cbc-968cd3c11076,1978-06-14,second_group,B,,Brazil,Peru,BRA,PER,3,0,,,False,False,,,Estadio Ciudad de Mendoza
wc_history,World Cup,,1978,WC-51dfcdc0-bb88-50e2-b007-186925bd9525,1978-06-14,second_group,A,,Austria,Netherlands,AUT,NLD,1,5,,,False,False,,,Estadio Chateau Carreras
wc_history,World Cup,,1978,WC-e245e8b4-6b08-510e-8796-e1ae50f608ef,1978-06-14,second_group,A,,Italy,West Germany,ITA,DEU,0,0,,,False,False,,,Estadio Monumental
wc_history,World Cup,,1978,WC-e8ac07c7-45ca-5ab2-8a11-ef105689178b,1978-06-14,second_group,B,,Argentina,Poland,ARG,POL,2,0,,,False,False,,,Estadio Gigante de Arroyito
wc_history,World Cup,,1978,WC-051116ed-17f1-555a-877f-1ac6c47b3dc5,1978-06-18,second_group,A,,Netherlands,West Germany,NLD,DEU,2,2,,,False,False,,,Estadio Chateau Carreras
wc_history,World Cup,,1978,WC-4a439b16-0388-5195-b53c-6c4fb3b88d2f,1978-06-18,second_group,B,,Argentina,Brazil,ARG,BRA,0,0,,,False,False,,,Estadio Gigante de Arroyito
wc_history,World Cup,,1978,WC-ed9da528-14d0-588e-ae8a-048039af008f,1978-06-18,second_group,B,,Peru,Poland,PER,POL,0,1,,,False,False,,,Estadio Ciudad de Mendoza
wc_history,World Cup,,1978,WC-f8644d7b-21ad-5f52-82bf-c8c70a383d4e,1978-06-18,second_group,A,,Italy,Austria,ITA,AUT,1,0,,,False,False,,,Estadio Monumental
wc_history,World Cup,,1978,WC-1fcc4c0b-4fea-50ff-a954-bc050e752c26,1978-06-21,second_group,B,,Argentina,Peru,ARG,PER,6,0,,,False,False,,,Estadio Gigante de Arroyito
wc_history,World Cup,,1978,WC-27362fd6-5173-57da-b50c-bf53b0fca0b7,1978-06-21,second_group,B,,Brazil,Poland,BRA,POL,3,1,,,False,False,,,Estadio Ciudad de Mendoza
wc_history,World Cup,,1978,WC-760089c1-69e5-57af-aa14-f1e8560ea650,1978-06-21,second_group,A,,Austria,West Germany,AUT,DEU,3,2,,,False,False,,,Estadio Chateau Carreras
wc_history,World Cup,,1978,WC-d543fc1b-7fd8-5985-b789-db19f653d06e,1978-06-21,second_group,A,,Italy,Netherlands,ITA,NLD,1,2,,,False,False,,,Estadio Monumental
wc_history,World Cup,,1978,WC-bccf50f2-7b13-5fa8-a3d9-c74703f44c64,1978-06-24,third-place match,,,Brazil,Italy,BRA,ITA,2,1,,,False,False,,,Estadio Monumental
wc_history,World Cup,,1978,WC-e94a4883-a193-550d-b55d-81d74b7c0ed6,1978-06-25,final,,,Argentina,Netherlands,ARG,NLD,3,1,,,True,False,,,Estadio Monumental
wc_history,World Cup,,1982,WC-3a24d06a-4b00-577f-b69d-a79bf34a6e15,1982-06-13,group,3,,Argentina,Belgium,ARG,BEL,0,1,,,False,False,,,Camp Nou
wc_history,World Cup,,1982,WC-096bbf96-9caf-51b2-8284-50a468599d51,1982-06-14,group,1,,Italy,Poland,ITA,POL,0,0,,,False,False,,,Balaídos
wc_history,World Cup,,1982,WC-b0c97996-4777-5d2c-becc-23b0f2b81297,1982-06-14,group,6,,Brazil,Soviet Union,BRA,SUN,2,1,,,False,False,,,Estadio Ramón Sánchez Pizjuán
wc_history,World Cup,,1982,WC-04644fa1-1c18-5b9f-b104-4d140cdf3909,1982-06-15,group,6,,Scotland,New Zealand,SCO,NZL,5,2,,,False,False,,,Estadio La Rosaleda
wc_history,World Cup,,1982,WC-7a5927b5-0826-5c60-a52b-778ae5b14a6e,1982-06-15,group,1,,Peru,Cameroon,PER,CMR,0,0,,,False,False,,,Estadio Riazor
wc_history,World Cup,,1982,WC-c203ab74-bab0-555b-989d-7903c39a9b12,1982-06-15,group,3,,Hungary,El Salvador,HUN,SLV,10,1,,,False,False,,,Nuevo Estadio
wc_history,World Cup,,1982,WC-076eff92-0d07-5e66-8fd9-73a32ad1f5c0,1982-06-16,group,4,,England,France,ENG,FRA,3,1,,,False,False,,,Estadio San Mamés
wc_history,World Cup,,1982,WC-270c2983-ed34-5ce7-8aca-3f9a7b1b3d05,1982-06-16,group,2,,West Germany,Algeria,DEU,DZA,1,2,,,False,False,,,Estadio El Molinón
wc_history,World Cup,,1982,WC-f9dc7c1d-89b1-5778-a1c5-6a85ceacdaaa,1982-06-16,group,5,,Spain,Honduras,ESP,HND,1,1,,,False,False,,,Estadio Luis Casanova
wc_history,World Cup,,1982,WC-40b547b4-954c-5334-908d-04714d8012ac,1982-06-17,group,5,,Yugoslavia,Northern Ireland,YUG,NIR,0,0,,,False,False,,,Estadio La Romareda
wc_history,World Cup,,1982,WC-6df592f8-94e8-559e-9c8f-b46a2297377f,1982-06-17,group,2,,Chile,Austria,CHL,AUT,0,1,,,False,False,,,Estadio Carlos Tartiere
wc_history,World Cup,,1982,WC-89d92cfa-e95c-5f6d-9d14-a41057125c98,1982-06-17,group,4,,Czechoslovakia,Kuwait,CSK,KWT,1,1,,,False,False,,,Estadio José Zorrilla
wc_history,World Cup,,1982,WC-8efbb533-77fd-5906-a5cc-b46e0db31208,1982-06-18,group,6,,Brazil,Scotland,BRA,SCO,4,1,,,False,False,,,Estadio Benito Villamarín
wc_history,World Cup,,1982,WC-e533b390-420c-52c5-970d-6de569adc00d,1982-06-18,group,1,,Italy,Peru,ITA,PER,1,1,,,False,False,,,Balaídos
wc_history,World Cup,,1982,WC-ec7faae2-6244-5a05-b556-38059550022d,1982-06-18,group,3,,Argentina,Hungary,ARG,HUN,4,1,,,False,False,,,Estadio José Rico Pérez
wc_history,World Cup,,1982,WC-1dadab8f-d6c9-5e50-a4bb-13b571175e29,1982-06-19,group,6,,Soviet Union,New Zealand,SUN,NZL,3,0,,,False,False,,,Estadio La Rosaleda
wc_history,World Cup,,1982,WC-acdf017b-0328-528f-a8e6-5174c3088d2f,1982-06-19,group,1,,Poland,Cameroon,POL,CMR,0,0,,,False,False,,,Estadio Riazor
wc_history,World Cup,,1982,WC-b1bfb1cb-6a24-5080-8365-2c5f88323a20,1982-06-19,group,3,,Belgium,El Salvador,BEL,SLV,1,0,,,False,False,,,Nuevo Estadio
wc_history,World Cup,,1982,WC-16dbcb9f-1205-5cd9-b4b2-81708c2cc2ac,1982-06-20,group,5,,Spain,Yugoslavia,ESP,YUG,2,1,,,False,False,,,Estadio Luis Casanova
wc_history,World Cup,,1982,WC-d9b543cc-2cd7-5bd5-8f8a-a2e1822f9de3,1982-06-20,group,4,,England,Czechoslovakia,ENG,CSK,2,0,,,False,False,,,Estadio San Mamés
wc_history,World Cup,,1982,WC-eef51c78-3d91-57b1-88f5-14c6e21dfa82,1982-06-20,group,2,,West Germany,Chile,DEU,CHL,4,1,,,False,False,,,Estadio El Molinón
wc_history,World Cup,,1982,WC-3a29206a-f9b7-552c-ae87-105d201f2fb6,1982-06-21,group,4,,France,Kuwait,FRA,KWT,4,1,,,False,False,,,Estadio José Zorrilla
wc_history,World Cup,,1982,WC-8324f6ff-0bc7-5ae7-a907-db9dfe6d2893,1982-06-21,group,2,,Algeria,Austria,DZA,AUT,0,2,,,False,False,,,Estadio Carlos Tartiere
wc_history,World Cup,,1982,WC-d71d22ae-f67e-5504-8cc8-599651b08f59,1982-06-21,group,5,,Honduras,Northern Ireland,HND,NIR,1,1,,,False,False,,,Estadio La Romareda
wc_history,World Cup,,1982,WC-1136fd52-439d-52e5-a327-62e4759e0ef6,1982-06-22,group,1,,Poland,Peru,POL,PER,5,1,,,False,False,,,Estadio Riazor
wc_history,World Cup,,1982,WC-6e61dd83-666d-57fa-9eb8-ede31270e828,1982-06-22,group,3,,Belgium,Hungary,BEL,HUN,1,1,,,False,False,,,Nuevo Estadio
wc_history,World Cup,,1982,WC-e6048611-4013-5ed3-a065-69b9088a3225,1982-06-22,group,6,,Soviet Union,Scotland,SUN,SCO,2,2,,,False,False,,,Estadio La Rosaleda
wc_history,World Cup,,1982,WC-2694f3dd-3397-5cfa-b138-4606e9e51a2b,1982-06-23,group,1,,Italy,Cameroon,ITA,CMR,1,1,,,False,False,,,Balaídos
wc_history,World Cup,,1982,WC-bd2f2f53-877c-5ca3-acc7-6a0ebebfc12d,1982-06-23,group,3,,Argentina,El Salvador,ARG,SLV,2,0,,,False,False,,,Estadio José Rico Pérez
wc_history,World Cup,,1982,WC-d489f610-1036-53f3-b0c8-28e1d41b3df2,1982-06-23,group,6,,Brazil,New Zealand,BRA,NZL,4,0,,,False,False,,,Estadio Benito Villamarín
wc_history,World Cup,,1982,WC-06508018-f660-508c-8fed-47ab7c27a60f,1982-06-24,group,2,,Algeria,Chile,DZA,CHL,3,2,,,False,False,,,Estadio Carlos Tartiere
wc_history,World Cup,,1982,WC-b875dade-ec8f-54ae-ac6c-e9868a1c825d,1982-06-24,group,5,,Honduras,Yugoslavia,HND,YUG,0,1,,,False,False,,,Estadio La Romareda
wc_history,World Cup,,1982,WC-f9764496-b027-5cbe-9493-3cd170869577,1982-06-24,group,4,,France,Czechoslovakia,FRA,CSK,1,1,,,False,False,,,Estadio José Zorrilla
wc_history,World Cup,,1982,WC-28738b03-5f28-5092-ae1f-f01db2281183,1982-06-25,group,4,,England,Kuwait,ENG,KWT,1,0,,,False,False,,,Estadio San Mamés
wc_history,World Cup,,1982,WC-bd81e49b-ca63-5eee-bf34-fd72c7531e1c,1982-06-25,group,5,,Spain,Northern Ireland,ESP,NIR,0,1,,,False,False,,,Estadio Luis Casanova
wc_history,World Cup,,1982,WC-fa8fb788-f6ec-5c02-a407-23ffc46f5822,1982-06-25,group,2,,West Germany,Austria,DEU,AUT,1,0,,,False,False,,,Estadio El Molinón
wc_history,World Cup,,1982,WC-288e24a0-36ea-53b8-bfb3-cff6be8ce5f3,1982-06-28,second_group,4,,Austria,France,AUT,FRA,0,1,,,False,False,,,Vicente Calderón
wc_history,World Cup,,1982,WC-4327a454-2d97-59a3-b887-f06d9610cb0b,1982-06-28,second_group,1,,Poland,Belgium,POL,BEL,3,0,,,False,False,,,Camp Nou
wc_history,World Cup,,1982,WC-369f8f80-c7f2-59d9-8ba2-008c4d72eb79,1982-06-29,second_group,3,,Italy,Argentina,ITA,ARG,2,1,,,False,False,,,Estadi de Sarrià
wc_history,World Cup,,1982,WC-bb6e6440-23bf-5d8b-a16a-5da3ea6584f3,1982-06-29,second_group,2,,West Germany,England,DEU,ENG,0,0,,,False,False,,,Estadio Santiago Bernabéu
wc_history,World Cup,,1982,WC-3927390e-1201-5e04-949d-147e7b0a32b9,1982-07-01,second_group,1,,Belgium,Soviet Union,BEL,SUN,0,1,,,False,False,,,Camp Nou
wc_history,World Cup,,1982,WC-88a5f58e-603c-55cf-938f-e644e3bb08b0,1982-07-01,second_group,4,,Austria,Northern Ireland,AUT,NIR,2,2,,,False,False,,,Vicente Calderón
wc_history,World Cup,,1982,WC-a83308dd-4d35-57d5-b9de-b838eeb0a201,1982-07-02,second_group,2,,West Germany,Spain,DEU,ESP,2,1,,,False,False,,,Estadio Santiago Bernabéu
wc_history,World Cup,,1982,WC-c0be55d8-511e-5a02-8119-8d015053a2be,1982-07-02,second_group,3,,Argentina,Brazil,ARG,BRA,1,3,,,False,False,,,Estadi de Sarrià
wc_history,World Cup,,1982,WC-d41da13b-0a39-5803-aa62-883ac7da34a5,1982-07-04,second_group,4,,France,Northern Ireland,FRA,NIR,4,1,,,False,False,,,Vicente Calderón
wc_history,World Cup,,1982,WC-f9caa65e-7850-5649-b25c-bcb32b0a9466,1982-07-04,second_group,1,,Soviet Union,Poland,SUN,POL,0,0,,,False,False,,,Camp Nou
wc_history,World Cup,,1982,WC-bb93f7b2-d485-5de8-8865-f803b07b05b2,1982-07-05,second_group,2,,Spain,England,ESP,ENG,0,0,,,False,False,,,Estadio Santiago Bernabéu
wc_history,World Cup,,1982,WC-ebb741a0-4a6f-56c9-90d0-04ad0aa08d7a,1982-07-05,second_group,3,,Italy,Brazil,ITA,BRA,3,2,,,False,False,,,Estadi de Sarrià
wc_history,World Cup,,1982,WC-3e56cc7c-975f-5925-9b8f-481fad758ed7,1982-07-08,semi_final,,,West Germany,France,DEU,FRA,3,3,,,True,True,5,4,Estadio Ramón Sánchez Pizjuán
wc_history,World Cup,,1982,WC-a7d3cdf9-2bad-5715-af89-42d7577c8517,1982-07-08,semi_final,,,Poland,Italy,POL,ITA,0,2,,,False,False,,,Camp Nou
wc_history,World Cup,,1982,WC-1b69ac3c-dfb0-50bf-a08d-ab353f4031c9,1982-07-10,third-place match,,,Poland,France,POL,FRA,3,2,,,False,False,,,Estadio José Rico Pérez
wc_history,World Cup,,1982,WC-27f3598e-df51-5241-8fcf-380c8db200b4,1982-07-11,final,,,Italy,West Germany,ITA,DEU,3,1,,,False,False,,,Estadio Santiago Bernabéu
wc_history,World Cup,,1986,WC-a971c4cb-c9f1-5137-89d9-3b23f58dfd1f,1986-05-31,group,A,,Bulgaria,Italy,BGR,ITA,1,1,,,False,False,,,Estadio Azteca
wc_history,World Cup,,1986,WC-b754d581-cbbd-5093-a427-00329307c6f5,1986-06-01,group,C,,Canada,France,CAN,FRA,0,1,,,False,False,,,Estadio Nou Camp
wc_history,World Cup,,1986,WC-f2125398-5cf6-5bac-b2cd-26193dd34566,1986-06-01,group,D,,Spain,Brazil,ESP,BRA,0,1,,,False,False,,,Estadio Jalisco
wc_history,World Cup,,1986,WC-09a6eb4e-3855-5125-bb76-0bff6b5f4ad1,1986-06-02,group,C,,Soviet Union,Hungary,SUN,HUN,6,0,,,False,False,,,Estadio Sergio León Chavez
wc_history,World Cup,,1986,WC-0b663cb5-e3fb-50c0-a95f-f2cb029ce776,1986-06-02,group,F,,Morocco,Poland,MAR,POL,0,0,,,False,False,,,Estadio Universitario
wc_history,World Cup,,1986,WC-f4138728-c481-5ca6-ab0b-3a3d2e9cceb4,1986-06-02,group,A,,Argentina,South Korea,ARG,KOR,3,1,,,False,False,,,Estadio Olímpico Universitario
wc_history,World Cup,,1986,WC-06d6afee-0f55-5950-8c69-adbd6a817015,1986-06-03,group,D,,Algeria,Northern Ireland,DZA,NIR,1,1,,,False,False,,,Estadio Tres de Marzo
wc_history,World Cup,,1986,WC-bd318a96-7155-5c9b-a488-f32e60fb683b,1986-06-03,group,B,,Belgium,Mexico,BEL,MEX,1,2,,,False,False,,,Estadio Azteca
wc_history,World Cup,,1986,WC-c52cdcf3-80b7-5ed8-b412-c6721ad8f90f,1986-06-03,group,F,,Portugal,England,PRT,ENG,1,0,,,False,False,,,Estadio Tecnológico
wc_history,World Cup,,1986,WC-1ebb4704-247b-5c1f-bec7-e98891356bd7,1986-06-04,group,E,,Scotland,Denmark,SCO,DNK,0,1,,,False,False,,,Estadio Neza 86
wc_history,World Cup,,1986,WC-c2a07b7d-5094-5a37-ae6c-6ae7fa0270c5,1986-06-04,group,B,,Paraguay,Iraq,PRY,IRQ,1,0,,,False,False,,,La Bombonera
wc_history,World Cup,,1986,WC-e9be4f37-da61-53bb-a4e8-f06833429ef3,1986-06-04,group,E,,Uruguay,West Germany,URY,DEU,1,1,,,False,False,,,Estadio La Corregidora
wc_history,World Cup,,1986,WC-0f461fbc-2690-5367-9fdb-eea0edfc052c,1986-06-05,group,C,,France,Soviet Union,FRA,SUN,1,1,,,False,False,,,Estadio Nou Camp
wc_history,World Cup,,1986,WC-4ced2575-d075-5fa5-8982-f9efe05dd1a4,1986-06-05,group,A,,Italy,Argentina,ITA,ARG,1,1,,,False,False,,,Estadio Cuauhtémoc
wc_history,World Cup,,1986,WC-d03e381c-32a8-578f-9589-8b859c8c1a9c,1986-06-05,group,A,,South Korea,Bulgaria,KOR,BGR,1,1,,,False,False,,,Estadio Olímpico Universitario
wc_history,World Cup,,1986,WC-11e923e1-0d44-5deb-b726-f714136b5f53,1986-06-06,group,C,,Hungary,Canada,HUN,CAN,2,0,,,False,False,,,Estadio Sergio León Chavez
wc_history,World Cup,,1986,WC-2bdf11b7-d227-504e-92c6-ddbd4ae151f8,1986-06-06,group,F,,England,Morocco,ENG,MAR,0,0,,,False,False,,,Estadio Tecnológico
wc_history,World Cup,,1986,WC-4a0bc9ab-99bd-5307-a09b-1259ed38cb3d,1986-06-06,group,D,,Brazil,Algeria,BRA,DZA,1,0,,,False,False,,,Estadio Jalisco
wc_history,World Cup,,1986,WC-25c6586e-434c-542f-99d3-88f77131ec7c,1986-06-07,group,B,,Mexico,Paraguay,MEX,PRY,1,1,,,False,False,,,Estadio Azteca
wc_history,World Cup,,1986,WC-30fa0b8b-8320-5522-a5c1-22405bc40854,1986-06-07,group,D,,Northern Ireland,Spain,NIR,ESP,1,2,,,False,False,,,Estadio Tres de Marzo
wc_history,World Cup,,1986,WC-d10510df-7ff5-53e7-a8bf-47ec4f650a86,1986-06-07,group,F,,Poland,Portugal,POL,PRT,1,0,,,False,False,,,Estadio Universitario
wc_history,World Cup,,1986,WC-08e2a7c2-a00c-5724-a54f-c78059060322,1986-06-08,group,B,,Iraq,Belgium,IRQ,BEL,1,2,,,False,False,,,La Bombonera
wc_history,World Cup,,1986,WC-a7bbe813-608c-5af2-98d3-c1ae6d3f3cc9,1986-06-08,group,E,,West Germany,Scotland,DEU,SCO,2,1,,,False,False,,,Estadio La Corregidora
wc_history,World Cup,,1986,WC-cbf6dc5e-4092-5870-b48c-21e6f763928c,1986-06-08,group,E,,Denmark,Uruguay,DNK,URY,6,1,,,False,False,,,Estadio Neza 86
wc_history,World Cup,,1986,WC-699f3aa4-0d0f-544f-a541-39437b418102,1986-06-09,group,C,,Hungary,France,HUN,FRA,0,3,,,False,False,,,Estadio Nou Camp
wc_history,World Cup,,1986,WC-a6e90185-46a9-531d-adcf-492ead8e57b9,1986-06-09,group,C,,Soviet Union,Canada,SUN,CAN,2,0,,,False,False,,,Estadio Sergio León Chavez
wc_history,World Cup,,1986,WC-99bfb83d-5414-5246-a2fc-446b88f07e4e,1986-06-10,group,A,,Argentina,Bulgaria,ARG,BGR,2,0,,,False,False,,,Estadio Olímpico Universitario
wc_history,World Cup,,1986,WC-b5b896bf-f20d-53ff-afc9-8321f659e222,1986-06-10,group,A,,South Korea,Italy,KOR,ITA,2,3,,,False,False,,,Estadio Cuauhtémoc
wc_history,World Cup,,1986,WC-896f29fd-2e53-59d2-86a9-77980310d1ec,1986-06-11,group,F,,England,Poland,ENG,POL,3,0,,,False,False,,,Estadio Universitario
wc_history,World Cup,,1986,WC-ba212c01-4475-5673-88d9-80540fce4d48,1986-06-11,group,B,,Iraq,Mexico,IRQ,MEX,0,1,,,False,False,,,Estadio Azteca
wc_history,World Cup,,1986,WC-be3c4bfc-6194-5a4d-a38d-c5a4c618c11b,1986-06-11,group,F,,Portugal,Morocco,PRT,MAR,1,3,,,False,False,,,Estadio Tres de Marzo
wc_history,World Cup,,1986,WC-d48da5be-73d7-53b6-97b5-6c9fa8371b4e,1986-06-11,group,B,,Paraguay,Belgium,PRY,BEL,2,2,,,False,False,,,La Bombonera
wc_history,World Cup,,1986,WC-2363d7be-58ad-5935-9ef0-6147f078f93e,1986-06-12,group,D,,Northern Ireland,Brazil,NIR,BRA,0,3,,,False,False,,,Estadio Jalisco
wc_history,World Cup,,1986,WC-32a83269-5bc6-5f48-a1f7-f47b6185a20c,1986-06-12,group,D,,Algeria,Spain,DZA,ESP,0,3,,,False,False,,,Estadio Tecnológico
wc_history,World Cup,,1986,WC-127d1e44-e285-55c5-8be8-302736845949,1986-06-13,group,E,,Scotland,Uruguay,SCO,URY,0,0,,,False,False,,,Estadio Neza 86
wc_history,World Cup,,1986,WC-ba8e8e98-5eea-5637-939a-c966ff2da714,1986-06-13,group,E,,Denmark,West Germany,DNK,DEU,2,0,,,False,False,,,Estadio La Corregidora
wc_history,World Cup,,1986,WC-658aa97f-5c6b-565a-a331-5d7e7f2e855e,1986-06-15,round_of_16,,,Soviet Union,Belgium,SUN,BEL,3,4,,,True,False,,,Estadio Nou Camp
wc_history,World Cup,,1986,WC-67998bd2-6ace-5e0c-beae-dd4aa50b9dfd,1986-06-15,round_of_16,,,Mexico,Bulgaria,MEX,BGR,2,0,,,False,False,,,Estadio Azteca
wc_history,World Cup,,1986,WC-3d95dfa5-658c-57d0-bed6-c53c042ee326,1986-06-16,round_of_16,,,Brazil,Poland,BRA,POL,4,0,,,False,False,,,Estadio Jalisco
wc_history,World Cup,,1986,WC-7f8597cf-2873-51c2-920e-e554f7fabe00,1986-06-16,round_of_16,,,Argentina,Uruguay,ARG,URY,1,0,,,False,False,,,Estadio Cuauhtémoc
wc_history,World Cup,,1986,WC-967728cc-82a3-5806-835b-14d612bcee20,1986-06-17,round_of_16,,,Morocco,West Germany,MAR,DEU,0,1,,,False,False,,,Estadio Universitario
wc_history,World Cup,,1986,WC-de5cd0b2-4b5e-5721-a6c8-b9959175cac6,1986-06-17,round_of_16,,,Italy,France,ITA,FRA,0,2,,,False,False,,,Estadio Olímpico Universitario
wc_history,World Cup,,1986,WC-3ef14d79-8c4c-5943-8468-8908256f0baf,1986-06-18,round_of_16,,,Denmark,Spain,DNK,ESP,1,5,,,False,False,,,Estadio La Corregidora
wc_history,World Cup,,1986,WC-a50e3386-db4f-5238-8cfa-aa5201a54c8c,1986-06-18,round_of_16,,,England,Paraguay,ENG,PRY,3,0,,,False,False,,,Estadio Azteca
wc_history,World Cup,,1986,WC-36070a15-ce5b-5a06-b9c7-10082fcd8c18,1986-06-21,quarter_final,,,West Germany,Mexico,DEU,MEX,0,0,,,True,True,4,1,Estadio Universitario
wc_history,World Cup,,1986,WC-837579c3-a12a-5256-8f3b-4c97ae7413a9,1986-06-21,quarter_final,,,Brazil,France,BRA,FRA,1,1,,,True,True,3,4,Estadio Jalisco
wc_history,World Cup,,1986,WC-4f4a02aa-dcc1-5922-9625-d162089a67ee,1986-06-22,quarter_final,,,Spain,Belgium,ESP,BEL,1,1,,,True,True,4,5,Estadio Cuauhtémoc
wc_history,World Cup,,1986,WC-b615dfa7-236c-5390-a3ca-fb93a3784bf4,1986-06-22,quarter_final,,,Argentina,England,ARG,ENG,2,1,,,False,False,,,Estadio Azteca
wc_history,World Cup,,1986,WC-8c9f6cea-1329-5db7-a661-363ea7125453,1986-06-25,semi_final,,,France,West Germany,FRA,DEU,0,2,,,False,False,,,Estadio Jalisco
wc_history,World Cup,,1986,WC-acf4c876-0693-5694-89ef-e0118b43bd53,1986-06-25,semi_final,,,Argentina,Belgium,ARG,BEL,2,0,,,False,False,,,Estadio Azteca
wc_history,World Cup,,1986,WC-b7243450-6e31-5404-80d4-e6376e38e02d,1986-06-28,third-place match,,,Belgium,France,BEL,FRA,2,4,,,True,False,,,Estadio Cuauhtémoc
wc_history,World Cup,,1986,WC-bdfa0794-7316-575e-84ac-6a377e1bd01f,1986-06-29,final,,,Argentina,West Germany,ARG,DEU,3,2,,,False,False,,,Estadio Azteca
wc_history,World Cup,,1990,WC-0702d5b8-b361-5548-a0ee-3ef45a71dff1,1990-06-08,group,B,,Argentina,Cameroon,ARG,CMR,0,1,,,False,False,,,San Siro
wc_history,World Cup,,1990,WC-1d0e2f77-c9fb-5312-8b6a-d7b56e7b2380,1990-06-09,group,A,,Italy,Austria,ITA,AUT,1,0,,,False,False,,,Stadio Olimpico
wc_history,World Cup,,1990,WC-5be964ca-098a-5d39-b923-750ddac30cd9,1990-06-09,group,B,,Soviet Union,Romania,SUN,ROU,0,2,,,False,False,,,Stadio San Nicola
wc_history,World Cup,,1990,WC-d075d254-4b05-5946-a73a-a2303f50e8c5,1990-06-09,group,D,,United Arab Emirates,Colombia,ARE,COL,0,2,,,False,False,,,Stadio Renato Dall'Ara
wc_history,World Cup,,1990,WC-13b940f1-01cb-508d-b6c2-cae088ebd9c5,1990-06-10,group,D,,West Germany,Yugoslavia,DEU,YUG,4,1,,,False,False,,,San Siro
wc_history,World Cup,,1990,WC-5e72b345-3f01-587e-9481-be5131b644b3,1990-06-10,group,A,,United States,Czechoslovakia,USA,CSK,1,5,,,False,False,,,Stadio Comunale
wc_history,World Cup,,1990,WC-70e7165d-069f-5dfe-aded-acc87eb62f98,1990-06-10,group,C,,Brazil,Sweden,BRA,SWE,2,1,,,False,False,,,Stadio delle Alpi
wc_history,World Cup,,1990,WC-d22d7982-272c-58a4-a5de-e4651c59b76c,1990-06-11,group,C,,Costa Rica,Scotland,CRI,SCO,1,0,,,False,False,,,Stadio Luigi Ferraris
wc_history,World Cup,,1990,WC-d37524bd-d17c-52a1-9048-bee4a67f7664,1990-06-11,group,F,,England,Republic of Ireland,ENG,IRL,1,1,,,False,False,,,Stadio Sant'Elia
wc_history,World Cup,,1990,WC-2d875078-06d4-561f-a2b7-765900a188e7,1990-06-12,group,F,,Netherlands,Egypt,NLD,EGY,1,1,,,False,False,,,Stadio La Favorita
wc_history,World Cup,,1990,WC-8cf7900b-3dbf-53a9-8826-b6d205258ffa,1990-06-12,group,E,,Belgium,South Korea,BEL,KOR,2,0,,,False,False,,,Stadio Marc'Antonio Bentegodi
wc_history,World Cup,,1990,WC-84280c6b-1ab8-58b5-9b4d-6a3c865bd354,1990-06-13,group,E,,Uruguay,Spain,URY,ESP,0,0,,,False,False,,,Stadio Friuli
wc_history,World Cup,,1990,WC-c87d2037-1e30-51cc-9178-06e92dd2f9a2,1990-06-13,group,B,,Argentina,Soviet Union,ARG,SUN,2,0,,,False,False,,,Stadio San Paolo
wc_history,World Cup,,1990,WC-af290dcf-a241-5002-9b51-df9551edb0ad,1990-06-14,group,B,,Cameroon,Romania,CMR,ROU,2,1,,,False,False,,,Stadio San Nicola
wc_history,World Cup,,1990,WC-dbe36846-7ab9-53ae-a929-09b0b5427a66,1990-06-14,group,A,,Italy,United States,ITA,USA,1,0,,,False,False,,,Stadio Olimpico
wc_history,World Cup,,1990,WC-f0d8a1e7-8d5c-580b-98e8-edaf299c4813,1990-06-14,group,D,,Yugoslavia,Colombia,YUG,COL,1,0,,,False,False,,,Stadio Renato Dall'Ara
wc_history,World Cup,,1990,WC-e00cef30-0367-5015-9642-18bca670ef49,1990-06-15,group,A,,Austria,Czechoslovakia,AUT,CSK,0,1,,,False,False,,,Stadio Comunale
wc_history,World Cup,,1990,WC-fbfb0cce-6dbd-5b38-980c-3df50abffda9,1990-06-15,group,D,,West Germany,United Arab Emirates,DEU,ARE,5,1,,,False,False,,,San Siro
wc_history,World Cup,,1990,WC-0bf4e124-0a81-573d-96bc-14f28af71f23,1990-06-16,group,F,,England,Netherlands,ENG,NLD,0,0,,,False,False,,,Stadio Sant'Elia
wc_history,World Cup,,1990,WC-b7bef508-b217-5430-9fff-9bc31cdd45fa,1990-06-16,group,C,,Brazil,Costa Rica,BRA,CRI,1,0,,,False,False,,,Stadio delle Alpi
wc_history,World Cup,,1990,WC-ea1891d6-39a6-5b47-9163-60593358397d,1990-06-16,group,C,,Sweden,Scotland,SWE,SCO,1,2,,,False,False,,,Stadio Luigi Ferraris
wc_history,World Cup,,1990,WC-33e3a3c4-9872-5237-8a1c-e7acd5deb129,1990-06-17,group,E,,Belgium,Uruguay,BEL,URY,3,1,,,False,False,,,Stadio Marc'Antonio Bentegodi
wc_history,World Cup,,1990,WC-b1078618-d18c-5ae4-a742-f77f83b457f9,1990-06-17,group,E,,South Korea,Spain,KOR,ESP,1,3,,,False,False,,,Stadio Friuli
wc_history,World Cup,,1990,WC-e861156c-e989-5c6a-acef-18604f84a206,1990-06-17,group,F,,Republic of Ireland,Egypt,IRL,EGY,0,0,,,False,False,,,Stadio La Favorita
wc_history,World Cup,,1990,WC-096a4219-5f8f-569d-b2c5-ad74de701549,1990-06-18,group,B,,Cameroon,Soviet Union,CMR,SUN,0,4,,,False,False,,,Stadio San Nicola
wc_history,World Cup,,1990,WC-8a0eda2f-ff09-56fe-9052-c51c309662ce,1990-06-18,group,B,,Argentina,Romania,ARG,ROU,1,1,,,False,False,,,Stadio San Paolo
wc_history,World Cup,,1990,WC-0597a127-9b28-59be-ad84-b9361e49f7f5,1990-06-19,group,D,,Yugoslavia,United Arab Emirates,YUG,ARE,4,1,,,False,False,,,Stadio Renato Dall'Ara
wc_history,World Cup,,1990,WC-1c049913-eaeb-5c3c-bc1b-1824dd272797,1990-06-19,group,D,,West Germany,Colombia,DEU,COL,1,1,,,False,False,,,San Siro
wc_history,World Cup,,1990,WC-3baab57e-45d6-57a6-ac38-ba852f7e8a1e,1990-06-19,group,A,,Italy,Czechoslovakia,ITA,CSK,2,0,,,False,False,,,Stadio Olimpico
wc_history,World Cup,,1990,WC-3d5479de-a6db-5852-931e-1dee81cd19b3,1990-06-19,group,A,,Austria,United States,AUT,USA,2,1,,,False,False,,,Stadio Comunale
wc_history,World Cup,,1990,WC-181cb63f-d717-5f6f-a087-d6a387904d19,1990-06-20,group,C,,Sweden,Costa Rica,SWE,CRI,1,2,,,False,False,,,Stadio Luigi Ferraris
wc_history,World Cup,,1990,WC-edb03ca6-21f5-59fb-8127-7ebe66d69839,1990-06-20,group,C,,Brazil,Scotland,BRA,SCO,1,0,,,False,False,,,Stadio delle Alpi
wc_history,World Cup,,1990,WC-21eac5ac-d968-53c0-a987-ffc1286296c9,1990-06-21,group,F,,England,Egypt,ENG,EGY,1,0,,,False,False,,,Stadio Sant'Elia
wc_history,World Cup,,1990,WC-46a86f3c-240b-51a5-9b33-74b29e45380d,1990-06-21,group,E,,South Korea,Uruguay,KOR,URY,0,1,,,False,False,,,Stadio Friuli
wc_history,World Cup,,1990,WC-53add074-34ca-5e41-8ea7-c1e2165dc8c8,1990-06-21,group,E,,Belgium,Spain,BEL,ESP,1,2,,,False,False,,,Stadio Marc'Antonio Bentegodi
wc_history,World Cup,,1990,WC-a6c31b38-0f83-566a-82aa-6dfb8740bca3,1990-06-21,group,F,,Republic of Ireland,Netherlands,IRL,NLD,1,1,,,False,False,,,Stadio La Favorita
wc_history,World Cup,,1990,WC-4cb933cc-d3c0-52f3-a16b-dc8824b382bd,1990-06-23,round_of_16,,,Czechoslovakia,Costa Rica,CSK,CRI,4,1,,,False,False,,,Stadio San Nicola
wc_history,World Cup,,1990,WC-ce4177fc-469a-5dc9-ab42-0c6a5395fd55,1990-06-23,round_of_16,,,Cameroon,Colombia,CMR,COL,2,1,,,True,False,,,Stadio San Paolo
wc_history,World Cup,,1990,WC-42023529-bfaf-5150-ac3f-6ede104d2b72,1990-06-24,round_of_16,,,Brazil,Argentina,BRA,ARG,0,1,,,False,False,,,Stadio delle Alpi
wc_history,World Cup,,1990,WC-9d714686-495c-55de-9d95-b8620e7db828,1990-06-24,round_of_16,,,West Germany,Netherlands,DEU,NLD,2,1,,,False,False,,,San Siro
wc_history,World Cup,,1990,WC-cf1f1258-d51d-5374-a97d-b5523e32d924,1990-06-25,round_of_16,,,Italy,Uruguay,ITA,URY,2,0,,,False,False,,,Stadio Olimpico
wc_history,World Cup,,1990,WC-dfd4c25d-8199-53e8-8305-2d911eefd042,1990-06-25,round_of_16,,,Republic of Ireland,Romania,IRL,ROU,0,0,,,True,True,5,4,Stadio Luigi Ferraris
wc_history,World Cup,,1990,WC-04ca0c6e-0f02-5e9a-8166-3299398923fb,1990-06-26,round_of_16,,,England,Belgium,ENG,BEL,1,0,,,True,False,,,Stadio Renato Dall'Ara
wc_history,World Cup,,1990,WC-b66fa0a8-b103-563a-8de0-7a0b55cb5339,1990-06-26,round_of_16,,,Spain,Yugoslavia,ESP,YUG,1,2,,,True,False,,,Stadio Marc'Antonio Bentegodi
wc_history,World Cup,,1990,WC-2be90da7-c650-5b08-9290-d8f4e28accf1,1990-06-30,quarter_final,,,Republic of Ireland,Italy,IRL,ITA,0,1,,,False,False,,,Stadio Olimpico
wc_history,World Cup,,1990,WC-5306ef04-9fb2-5f9a-939f-9513cbed6b17,1990-06-30,quarter_final,,,Argentina,Yugoslavia,ARG,YUG,0,0,,,True,True,3,2,Stadio Comunale
wc_history,World Cup,,1990,WC-5f18d858-8ca9-5e3a-a01f-56e5d038ecad,1990-07-01,quarter_final,,,Cameroon,England,CMR,ENG,2,3,,,True,False,,,Stadio San Paolo
wc_history,World Cup,,1990,WC-cad089b5-ccc2-589b-938c-629633baec3c,1990-07-01,quarter_final,,,Czechoslovakia,West Germany,CSK,DEU,0,1,,,False,False,,,San Siro
wc_history,World Cup,,1990,WC-c1cd74ee-7de3-5ff3-aca5-572ba8b70b39,1990-07-03,semi_final,,,Argentina,Italy,ARG,ITA,1,1,,,True,True,4,3,Stadio San Paolo
wc_history,World Cup,,1990,WC-bba8c7c4-d9d2-5c75-ab6d-c3ffbac90104,1990-07-04,semi_final,,,West Germany,England,DEU,ENG,1,1,,,True,True,4,3,Stadio delle Alpi
wc_history,World Cup,,1990,WC-25a01af2-a30e-5367-88ce-29101938bc49,1990-07-07,third-place match,,,Italy,England,ITA,ENG,2,1,,,False,False,,,Stadio San Nicola
wc_history,World Cup,,1990,WC-d24addb7-0ff8-565e-9296-0eb0cf760784,1990-07-08,final,,,West Germany,Argentina,DEU,ARG,1,0,,,False,False,,,Stadio Olimpico
wc_history,World Cup,,1994,WC-95c5473f-61ae-5eae-a7cc-ccf4ea79302c,1994-06-17,group,C,,Spain,South Korea,ESP,KOR,2,2,,,False,False,,,Cotton Bowl
wc_history,World Cup,,1994,WC-cbeff855-7980-55bd-93c3-437bc7af92f8,1994-06-17,group,C,,Germany,Bolivia,DEU,BOL,1,0,,,False,False,,,Soldier Field
wc_history,World Cup,,1994,WC-82b9368a-9643-5acc-8de1-d6683da4eabc,1994-06-18,group,A,,Colombia,Romania,COL,ROU,1,3,,,False,False,,,Rose Bowl
wc_history,World Cup,,1994,WC-de7aee5f-4496-5a2e-9e11-07d53f653797,1994-06-18,group,A,,United States,Switzerland,USA,CHE,1,1,,,False,False,,,Pontiac Silverdome
wc_history,World Cup,,1994,WC-fb15fdda-a842-5719-b6ff-c864b78bf7cb,1994-06-18,group,E,,Italy,Republic of Ireland,ITA,IRL,0,1,,,False,False,,,Giants Stadium
wc_history,World Cup,,1994,WC-b4bfb6f3-8861-5190-ae4f-06c5c9806f41,1994-06-19,group,F,,Belgium,Morocco,BEL,MAR,1,0,,,False,False,,,Citrus Bowl
wc_history,World Cup,,1994,WC-bba337eb-b51e-53c9-b91f-19868a104d62,1994-06-19,group,E,,Norway,Mexico,NOR,MEX,1,0,,,False,False,,,RFK Stadium
wc_history,World Cup,,1994,WC-e45a3b8b-eaa1-565d-a8e3-c8c7d252697c,1994-06-19,group,B,,Cameroon,Sweden,CMR,SWE,2,2,,,False,False,,,Rose Bowl
wc_history,World Cup,,1994,WC-bb34f0dc-6617-50d2-8838-1f78c740e366,1994-06-20,group,B,,Brazil,Russia,BRA,RUS,2,0,,,False,False,,,Stanford Stadium
wc_history,World Cup,,1994,WC-df2aa002-3093-518a-9174-b2b1d594892d,1994-06-20,group,F,,Netherlands,Saudi Arabia,NLD,SAU,2,1,,,False,False,,,RFK Stadium
wc_history,World Cup,,1994,WC-1ec15caf-bacd-53d7-8ecd-ef8281a28fd0,1994-06-21,group,D,,Nigeria,Bulgaria,NGA,BGR,3,0,,,False,False,,,Cotton Bowl
wc_history,World Cup,,1994,WC-1fac17c0-1a6d-5cc6-82c9-c06902042e0f,1994-06-21,group,D,,Argentina,Greece,ARG,GRC,4,0,,,False,False,,,Foxboro Stadium
wc_history,World Cup,,1994,WC-d64d20eb-bef5-5b6a-8c1e-9594bc02ce40,1994-06-21,group,C,,Germany,Spain,DEU,ESP,1,1,,,False,False,,,Soldier Field
wc_history,World Cup,,1994,WC-0fc712c3-9ea7-588f-a2b6-f810bac0539e,1994-06-22,group,A,,Romania,Switzerland,ROU,CHE,1,4,,,False,False,,,Pontiac Silverdome
wc_history,World Cup,,1994,WC-55ef5f05-64d5-5d67-9d56-d677b1a45abe,1994-06-22,group,A,,United States,Colombia,USA,COL,2,1,,,False,False,,,Rose Bowl
wc_history,World Cup,,1994,WC-4a74e106-3784-5f74-bb4e-a1fa6a024024,1994-06-23,group,C,,South Korea,Bolivia,KOR,BOL,0,0,,,False,False,,,Foxboro Stadium
wc_history,World Cup,,1994,WC-98a50d6f-b02d-5835-9cbd-2829a6ffa999,1994-06-23,group,E,,Italy,Norway,ITA,NOR,1,0,,,False,False,,,Giants Stadium
wc_history,World Cup,,1994,WC-3f4be978-1f2c-509a-a6cb-bcd8d210a62c,1994-06-24,group,E,,Mexico,Republic of Ireland,MEX,IRL,2,1,,,False,False,,,Citrus Bowl
wc_history,World Cup,,1994,WC-9462e8a1-fb22-5542-a318-9ab4738a9017,1994-06-24,group,B,,Sweden,Russia,SWE,RUS,3,1,,,False,False,,,Pontiac Silverdome
wc_history,World Cup,,1994,WC-d24398f2-84c9-590b-9669-bfdc5df0c10f,1994-06-24,group,B,,Brazil,Cameroon,BRA,CMR,3,0,,,False,False,,,Stanford Stadium
wc_history,World Cup,,1994,WC-19217093-0003-5076-8de5-3663d6e9ea21,1994-06-25,group,F,,Belgium,Netherlands,BEL,NLD,1,0,,,False,False,,,Citrus Bowl
wc_history,World Cup,,1994,WC-6201b287-48a9-53ce-aad7-424214ba4bb2,1994-06-25,group,F,,Saudi Arabia,Morocco,SAU,MAR,2,1,,,False,False,,,Giants Stadium
wc_history,World Cup,,1994,WC-eb372365-6f50-58ec-8bd4-a0211cf88374,1994-06-25,group,D,,Argentina,Nigeria,ARG,NGA,2,1,,,False,False,,,Foxboro Stadium
wc_history,World Cup,,1994,WC-1ac0fe4f-c504-5bcb-9886-e22426b8bb09,1994-06-26,group,D,,Bulgaria,Greece,BGR,GRC,4,0,,,False,False,,,Soldier Field
wc_history,World Cup,,1994,WC-1bcbeeb3-243e-5813-984e-165e2279f794,1994-06-26,group,A,,Switzerland,Colombia,CHE,COL,0,2,,,False,False,,,Stanford Stadium
wc_history,World Cup,,1994,WC-5b319a41-0a1e-5b1c-87a6-1e7f156760a1,1994-06-26,group,A,,United States,Romania,USA,ROU,0,1,,,False,False,,,Rose Bowl
wc_history,World Cup,,1994,WC-22791fd1-285c-5d70-a812-0c64bdcacacc,1994-06-27,group,C,,Bolivia,Spain,BOL,ESP,1,3,,,False,False,,,Soldier Field
wc_history,World Cup,,1994,WC-b50db2b4-9b57-5a1a-96f8-614fa03deea1,1994-06-27,group,C,,Germany,South Korea,DEU,KOR,3,2,,,False,False,,,Cotton Bowl
wc_history,World Cup,,1994,WC-142eaa80-2ccf-5384-acfe-ea4ccb0ef508,1994-06-28,group,B,,Russia,Cameroon,RUS,CMR,6,1,,,False,False,,,Stanford Stadium
wc_history,World Cup,,1994,WC-4d0c9eee-6813-5f38-93d7-85523d5c2b9f,1994-06-28,group,E,,Italy,Mexico,ITA,MEX,1,1,,,False,False,,,RFK Stadium
wc_history,World Cup,,1994,WC-c62841a5-af3b-56ec-bb56-f9bb63292e3d,1994-06-28,group,E,,Republic of Ireland,Norway,IRL,NOR,0,0,,,False,False,,,Giants Stadium
wc_history,World Cup,,1994,WC-f19ce9eb-3066-5e5e-8fd8-5087a701fe75,1994-06-28,group,B,,Brazil,Sweden,BRA,SWE,1,1,,,False,False,,,Pontiac Silverdome
wc_history,World Cup,,1994,WC-8ed6c870-7c8e-580d-b0c5-6996f38f2773,1994-06-29,group,F,,Morocco,Netherlands,MAR,NLD,1,2,,,False,False,,,Citrus Bowl
wc_history,World Cup,,1994,WC-de2fff80-0637-51e4-9be4-3f15ed4c7946,1994-06-29,group,F,,Belgium,Saudi Arabia,BEL,SAU,0,1,,,False,False,,,RFK Stadium
wc_history,World Cup,,1994,WC-50dbe622-3e7f-5979-b5d8-60a63119950e,1994-06-30,group,D,,Argentina,Bulgaria,ARG,BGR,0,2,,,False,False,,,Cotton Bowl
wc_history,World Cup,,1994,WC-e794a044-0ec9-5d52-b646-47868e92d055,1994-06-30,group,D,,Greece,Nigeria,GRC,NGA,0,2,,,False,False,,,Foxboro Stadium
wc_history,World Cup,,1994,WC-18a56c06-b54b-53e8-81f1-8e0b51eb9f32,1994-07-02,round_of_16,,,Germany,Belgium,DEU,BEL,3,2,,,False,False,,,Soldier Field
wc_history,World Cup,,1994,WC-8dd78681-831a-5d53-adf9-b3daaa2efbe7,1994-07-02,round_of_16,,,Spain,Switzerland,ESP,CHE,3,0,,,False,False,,,RFK Stadium
wc_history,World Cup,,1994,WC-5d4dd532-c9c0-5f02-a991-699823d5d661,1994-07-03,round_of_16,,,Romania,Argentina,ROU,ARG,3,2,,,False,False,,,Rose Bowl
wc_history,World Cup,,1994,WC-aa1be728-5045-57f5-bfa9-dffffa49914d,1994-07-03,round_of_16,,,Saudi Arabia,Sweden,SAU,SWE,1,3,,,False,False,,,Cotton Bowl
wc_history,World Cup,,1994,WC-25da359e-0792-5848-862e-352eb41d6660,1994-07-04,round_of_16,,,Brazil,United States,BRA,USA,1,0,,,False,False,,,Stanford Stadium
wc_history,World Cup,,1994,WC-5c1e89f7-46c9-5a24-a444-df06516b483a,1994-07-04,round_of_16,,,Netherlands,Republic of Ireland,NLD,IRL,2,0,,,False,False,,,Citrus Bowl
wc_history,World Cup,,1994,WC-09fc1b87-d242-5666-80aa-7ed2a8dd35bd,1994-07-05,round_of_16,,,Nigeria,Italy,NGA,ITA,1,2,,,True,False,,,Foxboro Stadium
wc_history,World Cup,,1994,WC-4c0827a5-a08e-5dcd-a4ca-a238a91ca5e0,1994-07-05,round_of_16,,,Mexico,Bulgaria,MEX,BGR,1,1,,,True,True,1,3,Giants Stadium
wc_history,World Cup,,1994,WC-4c316035-e99f-53c6-b2d0-22132a7e2aa3,1994-07-09,quarter_final,,,Netherlands,Brazil,NLD,BRA,2,3,,,False,False,,,Cotton Bowl
wc_history,World Cup,,1994,WC-f082b8c1-ebf6-58b5-a19d-5292cca4421b,1994-07-09,quarter_final,,,Italy,Spain,ITA,ESP,2,1,,,False,False,,,Foxboro Stadium
wc_history,World Cup,,1994,WC-19baf9f8-6e63-56b7-90e6-47335c8a0ff0,1994-07-10,quarter_final,,,Bulgaria,Germany,BGR,DEU,2,1,,,False,False,,,Giants Stadium
wc_history,World Cup,,1994,WC-91d32a8e-38cd-502f-88a1-f2253536d8cb,1994-07-10,quarter_final,,,Romania,Sweden,ROU,SWE,2,2,,,True,True,4,5,Stanford Stadium
wc_history,World Cup,,1994,WC-258bfc9b-3cf1-52b1-9fee-611af2d60e38,1994-07-13,semi_final,,,Bulgaria,Italy,BGR,ITA,1,2,,,False,False,,,Giants Stadium
wc_history,World Cup,,1994,WC-644ef54f-bbce-5d61-8c0e-737f90bc3640,1994-07-13,semi_final,,,Sweden,Brazil,SWE,BRA,0,1,,,False,False,,,Rose Bowl
wc_history,World Cup,,1994,WC-2cecfa62-f4bc-5c6d-8571-d2ed8d65960f,1994-07-16,third-place match,,,Sweden,Bulgaria,SWE,BGR,4,0,,,False,False,,,Rose Bowl
wc_history,World Cup,,1994,WC-b3dbdc9b-6db8-5928-9378-353d3bafbe84,1994-07-17,final,,,Brazil,Italy,BRA,ITA,0,0,,,True,True,3,2,Rose Bowl
wc_history,World Cup,,1998,WC-0ca80df6-db29-5533-bad5-285b4703846b,1998-06-10,group,A,,Brazil,Scotland,BRA,SCO,2,1,,,False,False,,,Stade de France
wc_history,World Cup,,1998,WC-2717a18a-6209-5af0-b222-d939b586407b,1998-06-10,group,A,,Morocco,Norway,MAR,NOR,2,2,,,False,False,,,Stade de la Mosson
wc_history,World Cup,,1998,WC-997f70a1-8e10-5160-912d-9dce8c25e928,1998-06-11,group,B,,Cameroon,Austria,CMR,AUT,1,1,,,False,False,,,Stade de Toulouse
wc_history,World Cup,,1998,WC-c2bf104d-a02c-579d-8882-1c2257c28d09,1998-06-11,group,B,,Italy,Chile,ITA,CHL,2,2,,,False,False,,,Stade du Parc Lescure
wc_history,World Cup,,1998,WC-0f56a145-9c63-5442-b068-7d85c7c87f59,1998-06-12,group,C,,Saudi Arabia,Denmark,SAU,DNK,0,1,,,False,False,,,Stade Félix-Bollaert
wc_history,World Cup,,1998,WC-cb05d90d-e2d1-5d4f-87df-efc59f2cd48d,1998-06-12,group,D,,Paraguay,Bulgaria,PRY,BGR,0,0,,,False,False,,,Stade de la Mosson
wc_history,World Cup,,1998,WC-f78a8fb3-b3ca-5cc3-8c84-da452fb317cc,1998-06-12,group,C,,France,South Africa,FRA,ZAF,3,0,,,False,False,,,Stade Vélodrome
wc_history,World Cup,,1998,WC-12f07036-f843-5cc2-b743-d56f19020164,1998-06-13,group,E,,South Korea,Mexico,KOR,MEX,1,3,,,False,False,,,Stade de Gerland
wc_history,World Cup,,1998,WC-66fbbc3c-23e4-5d1a-80f0-2f882cc62299,1998-06-13,group,E,,Netherlands,Belgium,NLD,BEL,0,0,,,False,False,,,Stade de France
wc_history,World Cup,,1998,WC-817f5639-1fdb-5131-a11f-9642220d6c96,1998-06-13,group,D,,Spain,Nigeria,ESP,NGA,2,3,,,False,False,,,Stade de la Beaujoire
wc_history,World Cup,,1998,WC-3b480c52-9285-5fae-b1d4-b30ce0bc623a,1998-06-14,group,F,,Yugoslavia,Iran,YUG,IRN,1,0,,,False,False,,,Stade Geoffroy-Guichard
wc_history,World Cup,,1998,WC-6c46e73e-b0d7-5fa2-a222-d575315f34d7,1998-06-14,group,H,,Argentina,Japan,ARG,JPN,1,0,,,False,False,,,Stade de Toulouse
wc_history,World Cup,,1998,WC-f25ec9e3-60c6-5c91-9ab6-cfed8e20327a,1998-06-14,group,H,,Jamaica,Croatia,JAM,HRV,1,3,,,False,False,,,Stade Félix-Bollaert
wc_history,World Cup,,1998,WC-3ea655b7-c4a6-59a7-aea9-9c7dd285f750,1998-06-15,group,G,,Romania,Colombia,ROU,COL,1,0,,,False,False,,,Stade de Gerland
wc_history,World Cup,,1998,WC-9cf5e685-3a66-5e44-9161-050bfa9829a1,1998-06-15,group,F,,Germany,United States,DEU,USA,2,0,,,False,False,,,Parc des Princes
wc_history,World Cup,,1998,WC-c6e4715c-4636-5025-ab93-c3d7e873c282,1998-06-15,group,G,,England,Tunisia,ENG,TUN,2,0,,,False,False,,,Stade Vélodrome
wc_history,World Cup,,1998,WC-1cb15b39-3256-5f2a-95d2-8903d4677769,1998-06-16,group,A,,Scotland,Norway,SCO,NOR,1,1,,,False,False,,,Stade du Parc Lescure
wc_history,World Cup,,1998,WC-c61f7e43-0d9c-5aa4-b89d-11ad31ddef92,1998-06-16,group,A,,Brazil,Morocco,BRA,MAR,3,0,,,False,False,,,Stade de la Beaujoire
wc_history,World Cup,,1998,WC-5cce1c81-23a6-5baf-85c2-7341caa5481a,1998-06-17,group,B,,Chile,Austria,CHL,AUT,1,1,,,False,False,,,Stade Geoffroy-Guichard
wc_history,World Cup,,1998,WC-7d173929-c2d0-550b-8292-b93de499d66f,1998-06-17,group,B,,Italy,Cameroon,ITA,CMR,3,0,,,False,False,,,Stade de la Mosson
wc_history,World Cup,,1998,WC-e4cad49e-fdba-5156-af2c-4a3636891c37,1998-06-18,group,C,,South Africa,Denmark,ZAF,DNK,1,1,,,False,False,,,Stade de Toulouse
wc_history,World Cup,,1998,WC-e5f99f53-8aba-598d-942a-3f0cd1d3f197,1998-06-18,group,C,,France,Saudi Arabia,FRA,SAU,4,0,,,False,False,,,Stade de France
wc_history,World Cup,,1998,WC-db8590da-b362-53bd-aee8-44256e4da727,1998-06-19,group,D,,Nigeria,Bulgaria,NGA,BGR,1,0,,,False,False,,,Parc des Princes
wc_history,World Cup,,1998,WC-f1a5a7e3-6fb6-5688-b318-3034089fd72a,1998-06-19,group,D,,Spain,Paraguay,ESP,PRY,0,0,,,False,False,,,Stade Geoffroy-Guichard
wc_history,World Cup,,1998,WC-20776be1-2564-5ac0-8a94-f686795b9f3c,1998-06-20,group,E,,Belgium,Mexico,BEL,MEX,2,2,,,False,False,,,Stade du Parc Lescure
wc_history,World Cup,,1998,WC-2d435df6-4f27-5e68-8483-b704e3fa6afe,1998-06-20,group,H,,Japan,Croatia,JPN,HRV,0,1,,,False,False,,,Stade de la Beaujoire
wc_history,World Cup,,1998,WC-727f4690-3a92-527e-a3fc-0fb5713f7f88,1998-06-20,group,E,,Netherlands,South Korea,NLD,KOR,5,0,,,False,False,,,Stade Vélodrome
wc_history,World Cup,,1998,WC-6b6a0835-d332-59b0-aafb-9505c9692f71,1998-06-21,group,H,,Argentina,Jamaica,ARG,JAM,5,0,,,False,False,,,Parc des Princes
wc_history,World Cup,,1998,WC-a07b5d56-498d-5662-86e8-4a7326976ca2,1998-06-21,group,F,,United States,Iran,USA,IRN,1,2,,,False,False,,,Stade de Gerland
wc_history,World Cup,,1998,WC-d71abd3b-b3aa-5187-af5c-6d991f64c6b3,1998-06-21,group,F,,Germany,Yugoslavia,DEU,YUG,2,2,,,False,False,,,Stade Félix-Bollaert
wc_history,World Cup,,1998,WC-b25dab68-7d4c-5c3c-b999-607f3e519a1d,1998-06-22,group,G,,Romania,England,ROU,ENG,2,1,,,False,False,,,Stade de Toulouse
wc_history,World Cup,,1998,WC-da96ea59-a22e-52aa-bf8d-6997402b10f4,1998-06-22,group,G,,Colombia,Tunisia,COL,TUN,1,0,,,False,False,,,Stade de la Mosson
wc_history,World Cup,,1998,WC-46b125ba-41ab-5bc7-a48b-872485428365,1998-06-23,group,A,,Brazil,Norway,BRA,NOR,1,2,,,False,False,,,Stade Vélodrome
wc_history,World Cup,,1998,WC-5483d11f-d59b-5248-88f2-fca539fd2126,1998-06-23,group,B,,Chile,Cameroon,CHL,CMR,1,1,,,False,False,,,Stade de la Beaujoire
wc_history,World Cup,,1998,WC-5b303ced-32a4-5db2-a886-eb7f16656261,1998-06-23,group,B,,Italy,Austria,ITA,AUT,2,1,,,False,False,,,Stade de France
wc_history,World Cup,,1998,WC-eeba95fb-1f22-5145-bfa9-5591e5b0c21f,1998-06-23,group,A,,Scotland,Morocco,SCO,MAR,0,3,,,False,False,,,Stade Geoffroy-Guichard
wc_history,World Cup,,1998,WC-0331dca2-ef3b-511d-a5b6-f0d4ff1ba8cc,1998-06-24,group,D,,Spain,Bulgaria,ESP,BGR,6,1,,,False,False,,,Stade Félix-Bollaert
wc_history,World Cup,,1998,WC-0a402a05-c6c4-524b-bed5-d94d7fc92a21,1998-06-24,group,D,,Nigeria,Paraguay,NGA,PRY,1,3,,,False,False,,,Stade de Toulouse
wc_history,World Cup,,1998,WC-2d445a1a-4873-5268-b2b0-31f8c968e932,1998-06-24,group,C,,France,Denmark,FRA,DNK,2,1,,,False,False,,,Stade de Gerland
wc_history,World Cup,,1998,WC-6965e11a-7af0-562b-a903-8ecd9460197f,1998-06-24,group,C,,South Africa,Saudi Arabia,ZAF,SAU,2,2,,,False,False,,,Stade du Parc Lescure
wc_history,World Cup,,1998,WC-16de1cde-2b22-5cdf-b8b8-42fc02ee95af,1998-06-25,group,E,,Belgium,South Korea,BEL,KOR,1,1,,,False,False,,,Parc des Princes
wc_history,World Cup,,1998,WC-4ed865b6-c85d-5ef2-af92-38c6eef6466c,1998-06-25,group,F,,Germany,Iran,DEU,IRN,2,0,,,False,False,,,Stade de la Mosson
wc_history,World Cup,,1998,WC-d1305f5c-8b7b-55dd-b658-3a3555cd57d9,1998-06-25,group,E,,Netherlands,Mexico,NLD,MEX,2,2,,,False,False,,,Stade Geoffroy-Guichard
wc_history,World Cup,,1998,WC-e181a144-52ec-5ce3-ac07-adc4edea67b4,1998-06-25,group,F,,United States,Yugoslavia,USA,YUG,0,1,,,False,False,,,Stade de la Beaujoire
wc_history,World Cup,,1998,WC-024e4d02-646d-5b19-9c71-27570a3365f7,1998-06-26,group,H,,Argentina,Croatia,ARG,HRV,1,0,,,False,False,,,Stade du Parc Lescure
wc_history,World Cup,,1998,WC-295257b6-9e6f-5268-a9d7-b3f8352edd3b,1998-06-26,group,H,,Japan,Jamaica,JPN,JAM,1,2,,,False,False,,,Stade de Gerland
wc_history,World Cup,,1998,WC-6c4efe15-b645-5d56-9f0e-695f387389ce,1998-06-26,group,G,,Colombia,England,COL,ENG,0,2,,,False,False,,,Stade Félix-Bollaert
wc_history,World Cup,,1998,WC-792c03a8-e2ef-5cfd-b779-5848661d24c7,1998-06-26,group,G,,Romania,Tunisia,ROU,TUN,1,1,,,False,False,,,Stade de France
wc_history,World Cup,,1998,WC-19fee24e-e115-5b53-80cf-03d97a442913,1998-06-27,round_of_16,,,Brazil,Chile,BRA,CHL,4,1,,,False,False,,,Parc des Princes
wc_history,World Cup,,1998,WC-77430d1d-1007-5ead-b001-7784267ffeaa,1998-06-27,round_of_16,,,Italy,Norway,ITA,NOR,1,0,,,False,False,,,Stade Vélodrome
wc_history,World Cup,,1998,WC-8ffeb09a-54a7-5784-bf86-1d9ea65a05d3,1998-06-28,round_of_16,,,Nigeria,Denmark,NGA,DNK,1,4,,,False,False,,,Stade de France
wc_history,World Cup,,1998,WC-f13d69a3-ea80-5978-878c-812614229e80,1998-06-28,round_of_16,,,France,Paraguay,FRA,PRY,1,0,,,True,False,,,Stade Félix-Bollaert
wc_history,World Cup,,1998,WC-3adfa086-0608-569c-a5a3-1bce26802719,1998-06-29,round_of_16,,,Germany,Mexico,DEU,MEX,2,1,,,False,False,,,Stade de la Mosson
wc_history,World Cup,,1998,WC-c78ad228-68c0-5499-b355-0903ce9d748a,1998-06-29,round_of_16,,,Netherlands,Yugoslavia,NLD,YUG,2,1,,,False,False,,,Stade de Toulouse
wc_history,World Cup,,1998,WC-22a71f19-a9d3-5080-a157-3e1fb197a5cd,1998-06-30,round_of_16,,,Romania,Croatia,ROU,HRV,0,1,,,False,False,,,Stade du Parc Lescure
wc_history,World Cup,,1998,WC-d1e897a9-3c4d-5cee-a75d-65d380e357b9,1998-06-30,round_of_16,,,Argentina,England,ARG,ENG,2,2,,,True,True,4,3,Stade Geoffroy-Guichard
wc_history,World Cup,,1998,WC-52fa1433-1045-54df-bdb3-533e8df07106,1998-07-03,quarter_final,,,Brazil,Denmark,BRA,DNK,3,2,,,False,False,,,Stade de la Beaujoire
wc_history,World Cup,,1998,WC-88cea0e5-ed5f-5d50-8f36-d1bdf211a5d1,1998-07-03,quarter_final,,,Italy,France,ITA,FRA,0,0,,,True,True,3,4,Stade de France
wc_history,World Cup,,1998,WC-b73955e5-d169-5b08-9374-c06d495086bd,1998-07-04,quarter_final,,,Netherlands,Argentina,NLD,ARG,2,1,,,False,False,,,Stade Vélodrome
wc_history,World Cup,,1998,WC-c1348e31-4374-52c6-865b-17ec95955d52,1998-07-04,quarter_final,,,Germany,Croatia,DEU,HRV,0,3,,,False,False,,,Stade de Gerland
wc_history,World Cup,,1998,WC-4f82e144-88c1-5ce0-954a-76acbbe821eb,1998-07-07,semi_final,,,Brazil,Netherlands,BRA,NLD,1,1,,,True,True,4,2,Stade Vélodrome
wc_history,World Cup,,1998,WC-775fcf23-890b-555c-9a79-eea2a908b873,1998-07-08,semi_final,,,France,Croatia,FRA,HRV,2,1,,,False,False,,,Stade de France
wc_history,World Cup,,1998,WC-4a0b355b-5f04-5318-945e-295df55742ad,1998-07-11,third-place match,,,Netherlands,Croatia,NLD,HRV,1,2,,,False,False,,,Parc des Princes
wc_history,World Cup,,1998,WC-41accf71-c646-5c58-b39c-fe96dd8471be,1998-07-12,final,,,Brazil,France,BRA,FRA,0,3,,,False,False,,,Stade de France
wc_history,World Cup,,2002,WC-eabc87b0-ddc7-5cb3-bf03-50c6be6e3c63,2002-05-31,group,A,,France,Senegal,FRA,SEN,0,1,,,False,False,,,Seoul World Cup Stadium
wc_history,World Cup,,2002,WC-5bc58f32-114f-5bc2-bb7a-be6925256cb8,2002-06-01,group,A,,Uruguay,Denmark,URY,DNK,1,2,,,False,False,,,Ulsan Munsu Football Stadium
wc_history,World Cup,,2002,WC-a9fb42a9-fd3e-54c7-b9dd-976e30ba7fcc,2002-06-01,group,E,,Republic of Ireland,Cameroon,IRL,CMR,1,1,,,False,False,,,Niigata Stadium
wc_history,World Cup,,2002,WC-ca5793d9-fb76-5147-b662-1d9272c995d5,2002-06-01,group,E,,Germany,Saudi Arabia,DEU,SAU,8,0,,,False,False,,,Sapporo Dome
wc_history,World Cup,,2002,WC-54936324-2278-540b-8a85-df8f5dee0c50,2002-06-02,group,F,,Argentina,Nigeria,ARG,NGA,1,0,,,False,False,,,Kashima Stadium
wc_history,World Cup,,2002,WC-93897f44-3495-584a-b072-240d2e0939aa,2002-06-02,group,B,,Spain,Slovenia,ESP,SVN,3,1,,,False,False,,,Gwangju World Cup Stadium
wc_history,World Cup,,2002,WC-a9c31aa9-89eb-5065-a71a-8544f55a39bd,2002-06-02,group,F,,England,Sweden,ENG,SWE,1,1,,,False,False,,,Saitama Stadium
wc_history,World Cup,,2002,WC-c247768e-af56-5a3f-8137-d17b0129a771,2002-06-02,group,B,,Paraguay,South Africa,PRY,ZAF,2,2,,,False,False,,,Busan Asiad Stadium
wc_history,World Cup,,2002,WC-055de8b6-6473-548b-b1e9-1af704058d6a,2002-06-03,group,C,,Brazil,Turkey,BRA,TUR,2,1,,,False,False,,,Ulsan Munsu Football Stadium
wc_history,World Cup,,2002,WC-bfdfdeb7-3e4e-586a-9083-b96c4c13cdf9,2002-06-03,group,G,,Croatia,Mexico,HRV,MEX,0,1,,,False,False,,,Niigata Stadium
wc_history,World Cup,,2002,WC-df9a9a90-7f18-50af-8d8b-0e074c645c64,2002-06-03,group,G,,Italy,Ecuador,ITA,ECU,2,0,,,False,False,,,Sapporo Dome
wc_history,World Cup,,2002,WC-9051a0bb-60ec-5ba3-a522-0087cc4d91e1,2002-06-04,group,H,,Japan,Belgium,JPN,BEL,2,2,,,False,False,,,Saitama Stadium
wc_history,World Cup,,2002,WC-94ef2d87-d964-57e7-b7b8-6b54dfe04717,2002-06-04,group,D,,South Korea,Poland,KOR,POL,2,0,,,False,False,,,Busan Asiad Stadium
wc_history,World Cup,,2002,WC-ce0d3c86-1f62-5344-9969-dfed33378ed3,2002-06-04,group,C,,China,Costa Rica,CHN,CRI,0,2,,,False,False,,,Gwangju World Cup Stadium
wc_history,World Cup,,2002,WC-7a8c5b06-2b38-565b-96f2-dbc892ae7183,2002-06-05,group,E,,Germany,Republic of Ireland,DEU,IRL,1,1,,,False,False,,,Kashima Stadium
wc_history,World Cup,,2002,WC-ac44ff40-2e2e-5383-836e-8ecd78372297,2002-06-05,group,D,,United States,Portugal,USA,PRT,3,2,,,False,False,,,Suwon World Cup Stadium
wc_history,World Cup,,2002,WC-fd8c599d-10ec-59a6-87c3-564d9a944f27,2002-06-05,group,H,,Russia,Tunisia,RUS,TUN,2,0,,,False,False,,,Kobe Wing Stadium
wc_history,World Cup,,2002,WC-1300be04-d01b-55f1-8b8b-b3eabb2aa6e2,2002-06-06,group,A,,Denmark,Senegal,DNK,SEN,1,1,,,False,False,,,Daegu World Cup Stadium
wc_history,World Cup,,2002,WC-55744772-8755-563b-a477-f20c26467807,2002-06-06,group,E,,Cameroon,Saudi Arabia,CMR,SAU,1,0,,,False,False,,,Saitama Stadium
wc_history,World Cup,,2002,WC-8b1e4ce3-3b61-5e8e-9508-5985fca6fc56,2002-06-06,group,A,,France,Uruguay,FRA,URY,0,0,,,False,False,,,Busan Asiad Stadium
wc_history,World Cup,,2002,WC-15f40fc7-2f04-503e-aa19-5dc16fa4955f,2002-06-07,group,B,,Spain,Paraguay,ESP,PRY,3,1,,,False,False,,,Jeonju World Cup Stadium
wc_history,World Cup,,2002,WC-76593dba-f125-576d-92c9-4b5e1cab2f70,2002-06-07,group,F,,Sweden,Nigeria,SWE,NGA,2,1,,,False,False,,,Kobe Wing Stadium
wc_history,World Cup,,2002,WC-d0c724bd-3184-5813-806f-da4c259685d4,2002-06-07,group,F,,Argentina,England,ARG,ENG,0,1,,,False,False,,,Sapporo Dome
wc_history,World Cup,,2002,WC-8eebcc5d-c99d-5dd1-99d8-7e446f4c21f3,2002-06-08,group,B,,South Africa,Slovenia,ZAF,SVN,1,0,,,False,False,,,Daegu World Cup Stadium
wc_history,World Cup,,2002,WC-a2937e8b-de3d-5bbd-9a3e-c0208c0f622b,2002-06-08,group,G,,Italy,Croatia,ITA,HRV,1,2,,,False,False,,,Kashima Stadium
wc_history,World Cup,,2002,WC-dc6980c9-62e1-5838-a110-0994a61d1a44,2002-06-08,group,C,,Brazil,China,BRA,CHN,4,0,,,False,False,,,Jeju World Cup Stadium
wc_history,World Cup,,2002,WC-23d3069d-7390-56c5-b18d-1d005684985d,2002-06-09,group,G,,Mexico,Ecuador,MEX,ECU,2,1,,,False,False,,,Miyagi Stadium
wc_history,World Cup,,2002,WC-7bb6ac3e-63be-53be-89b2-c1feb5dda5ea,2002-06-09,group,C,,Costa Rica,Turkey,CRI,TUR,1,1,,,False,False,,,Incheon Munhak Stadium
wc_history,World Cup,,2002,WC-bb9b34ba-a0db-589c-8d2a-46fea94b0a88,2002-06-09,group,H,,Japan,Russia,JPN,RUS,1,0,,,False,False,,,International Stadium Yokohama
wc_history,World Cup,,2002,WC-2cf07a0f-7a42-5ad3-9160-2579a002134e,2002-06-10,group,H,,Tunisia,Belgium,TUN,BEL,1,1,,,False,False,,,Ōita Stadium
wc_history,World Cup,,2002,WC-6e19a0d1-2de0-5289-abed-047e530e3613,2002-06-10,group,D,,Portugal,Poland,PRT,POL,4,0,,,False,False,,,Jeonju World Cup Stadium
wc_history,World Cup,,2002,WC-7f54575e-74ad-5f63-a38e-c9e80d583974,2002-06-10,group,D,,South Korea,United States,KOR,USA,1,1,,,False,False,,,Daegu World Cup Stadium
wc_history,World Cup,,2002,WC-1c308d61-6d36-5998-b822-6ed40f7521fc,2002-06-11,group,A,,Senegal,Uruguay,SEN,URY,3,3,,,False,False,,,Suwon World Cup Stadium
wc_history,World Cup,,2002,WC-2d15b224-4854-57f9-8bf8-4c25f5620028,2002-06-11,group,E,,Cameroon,Germany,CMR,DEU,0,2,,,False,False,,,Shizuoka Stadium ECOPA
wc_history,World Cup,,2002,WC-ce8ef2bc-c178-5354-bc79-2a9e2def56fd,2002-06-11,group,A,,Denmark,France,DNK,FRA,2,0,,,False,False,,,Incheon Munhak Stadium
wc_history,World Cup,,2002,WC-f1d6e383-cf28-5c73-812a-692b07c7a953,2002-06-11,group,E,,Saudi Arabia,Republic of Ireland,SAU,IRL,0,3,,,False,False,,,International Stadium Yokohama
wc_history,World Cup,,2002,WC-29df7951-3545-564d-be5c-2fdeafb19531,2002-06-12,group,B,,South Africa,Spain,ZAF,ESP,2,3,,,False,False,,,Daejeon World Cup Stadium
wc_history,World Cup,,2002,WC-81963877-b834-5d0f-8489-fc6bbad9e6b1,2002-06-12,group,F,,Nigeria,England,NGA,ENG,0,0,,,False,False,,,Nagai Stadium
wc_history,World Cup,,2002,WC-9e118d60-2c37-5b8e-b894-1ee22fee01ec,2002-06-12,group,F,,Sweden,Argentina,SWE,ARG,1,1,,,False,False,,,Miyagi Stadium
wc_history,World Cup,,2002,WC-ab32f2cd-5ba0-581b-ba25-cc9e3efcf2ad,2002-06-12,group,B,,Slovenia,Paraguay,SVN,PRY,1,3,,,False,False,,,Jeju World Cup Stadium
wc_history,World Cup,,2002,WC-008ee188-ddec-5bd6-9ac8-b6ff21046bf8,2002-06-13,group,G,,Mexico,Italy,MEX,ITA,1,1,,,False,False,,,Ōita Stadium
wc_history,World Cup,,2002,WC-4edffeca-02d0-58d0-b3e0-2a8d5855af51,2002-06-13,group,G,,Ecuador,Croatia,ECU,HRV,1,0,,,False,False,,,International Stadium Yokohama
wc_history,World Cup,,2002,WC-853861bb-1288-5f32-b3c6-eaef2486dc15,2002-06-13,group,C,,Costa Rica,Brazil,CRI,BRA,2,5,,,False,False,,,Suwon World Cup Stadium
wc_history,World Cup,,2002,WC-eb9534d7-2c7e-5037-accc-547bb7939406,2002-06-13,group,C,,Turkey,China,TUR,CHN,3,0,,,False,False,,,Seoul World Cup Stadium
wc_history,World Cup,,2002,WC-2cfe049d-d01c-5279-b127-a90aeba120ed,2002-06-14,group,H,,Tunisia,Japan,TUN,JPN,0,2,,,False,False,,,Nagai Stadium
wc_history,World Cup,,2002,WC-3f392a11-27e3-5cfe-8391-c05b29bf7d50,2002-06-14,group,D,,Poland,United States,POL,USA,3,1,,,False,False,,,Daejeon World Cup Stadium
wc_history,World Cup,,2002,WC-87218e97-d069-56a6-a102-e6f9bf70d600,2002-06-14,group,H,,Belgium,Russia,BEL,RUS,3,2,,,False,False,,,Shizuoka Stadium ECOPA
wc_history,World Cup,,2002,WC-d0ff877d-9f7f-5adf-8d28-3f389962f019,2002-06-14,group,D,,Portugal,South Korea,PRT,KOR,0,1,,,False,False,,,Incheon Munhak Stadium
wc_history,World Cup,,2002,WC-1e8697e1-a631-5c6b-9f79-d43d40ca35aa,2002-06-15,round_of_16,,,Germany,Paraguay,DEU,PRY,1,0,,,False,False,,,Jeju World Cup Stadium
wc_history,World Cup,,2002,WC-4630faf4-b527-5067-ad28-c2ece6df4edc,2002-06-15,round_of_16,,,Denmark,England,DNK,ENG,0,3,,,False,False,,,Niigata Stadium
wc_history,World Cup,,2002,WC-aeafccee-0f4c-59cf-930c-13a930ece8a8,2002-06-16,round_of_16,,,Sweden,Senegal,SWE,SEN,1,2,,,True,False,,,Ōita Stadium
wc_history,World Cup,,2002,WC-f9888943-d6c0-5604-a3b2-0b1b401df287,2002-06-16,round_of_16,,,Spain,Republic of Ireland,ESP,IRL,1,1,,,True,True,3,2,Suwon World Cup Stadium
wc_history,World Cup,,2002,WC-9a176096-c6ec-5882-b4ef-67f86309e9a5,2002-06-17,round_of_16,,,Mexico,United States,MEX,USA,0,2,,,False,False,,,Jeonju World Cup Stadium
wc_history,World Cup,,2002,WC-af6ef2a7-b5e3-5f80-a738-a4304738a674,2002-06-17,round_of_16,,,Brazil,Belgium,BRA,BEL,2,0,,,False,False,,,Kobe Wing Stadium
wc_history,World Cup,,2002,WC-622b8b63-1143-5e15-9def-a895b7194782,2002-06-18,round_of_16,,,Japan,Turkey,JPN,TUR,0,1,,,False,False,,,Miyagi Stadium
wc_history,World Cup,,2002,WC-f1afb107-9627-5912-9c3f-959093c58008,2002-06-18,round_of_16,,,South Korea,Italy,KOR,ITA,2,1,,,True,False,,,Daejeon World Cup Stadium
wc_history,World Cup,,2002,WC-217e8a35-c3de-5769-8b44-b74fa550bc4c,2002-06-21,quarter_final,,,England,Brazil,ENG,BRA,1,2,,,False,False,,,Shizuoka Stadium ECOPA
wc_history,World Cup,,2002,WC-635f74c7-f145-5ad0-8df4-2a2bc65b9aa3,2002-06-21,quarter_final,,,Germany,United States,DEU,USA,1,0,,,False,False,,,Ulsan Munsu Football Stadium
wc_history,World Cup,,2002,WC-2c589f09-232d-57b9-8be2-b73a864c88f6,2002-06-22,quarter_final,,,Senegal,Turkey,SEN,TUR,0,1,,,True,False,,,Nagai Stadium
wc_history,World Cup,,2002,WC-4b1ddae4-923f-53fb-931a-abc2e92f5eb8,2002-06-22,quarter_final,,,Spain,South Korea,ESP,KOR,0,0,,,True,True,3,5,Gwangju World Cup Stadium
wc_history,World Cup,,2002,WC-8985e015-b647-58ff-b50a-17d2e61ba3c7,2002-06-25,semi_final,,,Germany,South Korea,DEU,KOR,1,0,,,False,False,,,Seoul World Cup Stadium
wc_history,World Cup,,2002,WC-962bf156-6c35-5346-bda5-40e28a147751,2002-06-26,semi_final,,,Brazil,Turkey,BRA,TUR,1,0,,,False,False,,,Saitama Stadium
wc_history,World Cup,,2002,WC-84467cf5-1afb-56be-a847-d5b5d7842eb9,2002-06-29,third-place match,,,South Korea,Turkey,KOR,TUR,2,3,,,False,False,,,Daegu World Cup Stadium
wc_history,World Cup,,2002,WC-e39dc74b-5317-5a8a-9049-53a80f900b3e,2002-06-30,final,,,Germany,Brazil,DEU,BRA,0,2,,,False,False,,,International Stadium Yokohama
wc_history,World Cup,,2006,WC-78837420-027f-529c-99c6-f3b77d31e210,2006-06-09,group,A,,Germany,Costa Rica,DEU,CRI,4,2,,,False,False,,,Allianz Arena
wc_history,World Cup,,2006,WC-88581e64-95ad-5359-a84e-eee7ca711ffa,2006-06-09,group,A,,Poland,Ecuador,POL,ECU,0,2,,,False,False,,,Arena AufShalke
wc_history,World Cup,,2006,WC-375c7162-8d53-5ba3-a22a-b7ec6c726638,2006-06-10,group,C,,Argentina,Ivory Coast,ARG,CIV,2,1,,,False,False,,,Volksparkstadion
wc_history,World Cup,,2006,WC-5311f5f0-c257-5229-aa1b-40934cc62cc6,2006-06-10,group,B,,Trinidad and Tobago,Sweden,TTO,SWE,0,0,,,False,False,,,Westfalenstadion
wc_history,World Cup,,2006,WC-f3783121-0899-5c94-85ce-8358f94504c8,2006-06-10,group,B,,England,Paraguay,ENG,PRY,1,0,,,False,False,,,Waldstadion
wc_history,World Cup,,2006,WC-9ace1629-72a1-5682-b381-6e116c0dea0d,2006-06-11,group,D,,Mexico,Iran,MEX,IRN,3,1,,,False,False,,,Frankenstadion
wc_history,World Cup,,2006,WC-b9e222e7-e3a3-59c3-a5f3-d851d8370594,2006-06-11,group,C,,Serbia and Montenegro,Netherlands,SCG,NLD,0,1,,,False,False,,,Zentralstadion
wc_history,World Cup,,2006,WC-bfb34dc6-4e89-5862-8721-6ed1e13b0cd3,2006-06-11,group,D,,Angola,Portugal,AGO,PRT,0,1,,,False,False,,,RheinEnergieStadion
wc_history,World Cup,,2006,WC-44917fdd-d4f2-53a6-967f-8be77cb4caeb,2006-06-12,group,F,,Australia,Japan,AUS,JPN,3,1,,,False,False,,,Fritz-Walter-Stadion
wc_history,World Cup,,2006,WC-59c1b14d-e5d3-5ab6-82f7-3ea271070d07,2006-06-12,group,E,,Italy,Ghana,ITA,GHA,2,0,,,False,False,,,Niedersachsenstadion
wc_history,World Cup,,2006,WC-e9b901fc-99cb-5765-a1ee-326699d2951c,2006-06-12,group,E,,United States,Czech Republic,USA,CZE,0,3,,,False,False,,,Arena AufShalke
wc_history,World Cup,,2006,WC-8946b11d-8306-57d2-940e-625fb942aa95,2006-06-13,group,G,,France,Switzerland,FRA,CHE,0,0,,,False,False,,,Neckarstadion
wc_history,World Cup,,2006,WC-9f85680c-39e2-5dbe-a1c0-71f38d6a5bbf,2006-06-13,group,G,,South Korea,Togo,KOR,TGO,2,1,,,False,False,,,Waldstadion
wc_history,World Cup,,2006,WC-c258eef7-a674-5b61-b333-7b80251777e6,2006-06-13,group,F,,Brazil,Croatia,BRA,HRV,1,0,,,False,False,,,Olympiastadion
wc_history,World Cup,,2006,WC-1f267556-3574-5a93-8d0c-607dd1d55979,2006-06-14,group,A,,Germany,Poland,DEU,POL,1,0,,,False,False,,,Westfalenstadion
wc_history,World Cup,,2006,WC-987726b7-5863-5eca-8fe2-897bea644f3a,2006-06-14,group,H,,Spain,Ukraine,ESP,UKR,4,0,,,False,False,,,Zentralstadion
wc_history,World Cup,,2006,WC-d0141c0d-ea27-5c9a-a1f7-e2029f42a315,2006-06-14,group,H,,Tunisia,Saudi Arabia,TUN,SAU,2,2,,,False,False,,,Allianz Arena
wc_history,World Cup,,2006,WC-0470758b-cef1-57e8-9636-05d445db4e34,2006-06-15,group,B,,England,Trinidad and Tobago,ENG,TTO,2,0,,,False,False,,,Frankenstadion
wc_history,World Cup,,2006,WC-a23aff02-1342-5c42-906a-2c8f7cf627c2,2006-06-15,group,A,,Ecuador,Costa Rica,ECU,CRI,3,0,,,False,False,,,Volksparkstadion
wc_history,World Cup,,2006,WC-f60adb6a-a903-5498-a606-4e2fa9c887c0,2006-06-15,group,B,,Sweden,Paraguay,SWE,PRY,1,0,,,False,False,,,Olympiastadion
wc_history,World Cup,,2006,WC-19a7dd23-ad9f-548b-bbd3-f8d081b5cebe,2006-06-16,group,C,,Argentina,Serbia and Montenegro,ARG,SCG,6,0,,,False,False,,,Arena AufShalke
wc_history,World Cup,,2006,WC-56201e06-113e-5f98-83f1-8dd237088bba,2006-06-16,group,C,,Netherlands,Ivory Coast,NLD,CIV,2,1,,,False,False,,,Neckarstadion
wc_history,World Cup,,2006,WC-765a2b78-5805-5112-b856-7384c6daba6d,2006-06-16,group,D,,Mexico,Angola,MEX,AGO,0,0,,,False,False,,,Niedersachsenstadion
wc_history,World Cup,,2006,WC-1c319183-0d1a-592b-99c3-eb543ea85cbe,2006-06-17,group,D,,Portugal,Iran,PRT,IRN,2,0,,,False,False,,,Waldstadion
wc_history,World Cup,,2006,WC-bead3ae0-1e48-5f1f-a3b8-870f8034d7d5,2006-06-17,group,E,,Czech Republic,Ghana,CZE,GHA,0,2,,,False,False,,,RheinEnergieStadion
wc_history,World Cup,,2006,WC-c0b81ba4-5910-5216-a5c7-9c6ded0c2523,2006-06-17,group,E,,Italy,United States,ITA,USA,1,1,,,False,False,,,Fritz-Walter-Stadion
wc_history,World Cup,,2006,WC-a77d7d10-d8be-5928-be3a-b99d23e4716f,2006-06-18,group,F,,Japan,Croatia,JPN,HRV,0,0,,,False,False,,,Frankenstadion
wc_history,World Cup,,2006,WC-c90e9339-b72a-54a8-8084-bc82a70a7838,2006-06-18,group,G,,France,South Korea,FRA,KOR,1,1,,,False,False,,,Zentralstadion
wc_history,World Cup,,2006,WC-d0673a09-aff4-5b8b-8514-6efbc44a3d6e,2006-06-18,group,F,,Brazil,Australia,BRA,AUS,2,0,,,False,False,,,Allianz Arena
wc_history,World Cup,,2006,WC-8462da7f-ffbd-581d-abee-c380c07b49a2,2006-06-19,group,H,,Spain,Tunisia,ESP,TUN,3,1,,,False,False,,,Neckarstadion
wc_history,World Cup,,2006,WC-b7289061-de6e-5e77-a394-1852aa0074a0,2006-06-19,group,G,,Togo,Switzerland,TGO,CHE,0,2,,,False,False,,,Westfalenstadion
wc_history,World Cup,,2006,WC-de28b3d7-594e-5210-9f61-09b373079a49,2006-06-19,group,H,,Saudi Arabia,Ukraine,SAU,UKR,0,4,,,False,False,,,Volksparkstadion
wc_history,World Cup,,2006,WC-78a5d3c1-b55e-550c-8437-c63d007e2f27,2006-06-20,group,B,,Sweden,England,SWE,ENG,2,2,,,False,False,,,RheinEnergieStadion
wc_history,World Cup,,2006,WC-986c86e0-8849-57d7-b542-e6cc5acaa170,2006-06-20,group,A,,Costa Rica,Poland,CRI,POL,1,2,,,False,False,,,Niedersachsenstadion
wc_history,World Cup,,2006,WC-b8db59c9-18d3-5829-908b-4f19d7369557,2006-06-20,group,B,,Paraguay,Trinidad and Tobago,PRY,TTO,2,0,,,False,False,,,Fritz-Walter-Stadion
wc_history,World Cup,,2006,WC-fc91115a-fcdb-576a-8ce7-73e1bb5ffc5c,2006-06-20,group,A,,Ecuador,Germany,ECU,DEU,0,3,,,False,False,,,Olympiastadion
wc_history,World Cup,,2006,WC-34b7b91c-a586-527b-b182-363249377370,2006-06-21,group,C,,Netherlands,Argentina,NLD,ARG,0,0,,,False,False,,,Waldstadion
wc_history,World Cup,,2006,WC-9a2ed91a-56eb-5081-8f13-e83541c87c61,2006-06-21,group,C,,Ivory Coast,Serbia and Montenegro,CIV,SCG,3,2,,,False,False,,,Allianz Arena
wc_history,World Cup,,2006,WC-9a78892a-2c4f-50ad-b51f-78ffbfd7a53a,2006-06-21,group,D,,Portugal,Mexico,PRT,MEX,2,1,,,False,False,,,Arena AufShalke
wc_history,World Cup,,2006,WC-d80c461e-2564-57e7-af58-02508d9d5f3f,2006-06-21,group,D,,Iran,Angola,IRN,AGO,1,1,,,False,False,,,Zentralstadion
wc_history,World Cup,,2006,WC-093e638a-0086-5f91-b187-96d663b92776,2006-06-22,group,F,,Japan,Brazil,JPN,BRA,1,4,,,False,False,,,Westfalenstadion
wc_history,World Cup,,2006,WC-48cae3b5-f387-50e6-9448-442f4fca8083,2006-06-22,group,F,,Croatia,Australia,HRV,AUS,2,2,,,False,False,,,Neckarstadion
wc_history,World Cup,,2006,WC-69ed96b0-3a84-52a1-b0fd-af103e878df9,2006-06-22,group,E,,Czech Republic,Italy,CZE,ITA,0,2,,,False,False,,,Volksparkstadion
wc_history,World Cup,,2006,WC-a5bad0ca-5747-5b46-9954-e6af670fc925,2006-06-22,group,E,,Ghana,United States,GHA,USA,2,1,,,False,False,,,Frankenstadion
wc_history,World Cup,,2006,WC-1ffc8f62-452c-5a03-ab68-dfb18d46b7d8,2006-06-23,group,H,,Ukraine,Tunisia,UKR,TUN,1,0,,,False,False,,,Olympiastadion
wc_history,World Cup,,2006,WC-5ca6634f-d498-51cf-a9d5-bd3ff0a53887,2006-06-23,group,H,,Saudi Arabia,Spain,SAU,ESP,0,1,,,False,False,,,Fritz-Walter-Stadion
wc_history,World Cup,,2006,WC-a2c6c0cc-5e6c-530f-a867-933da859724a,2006-06-23,group,G,,Togo,France,TGO,FRA,0,2,,,False,False,,,RheinEnergieStadion
wc_history,World Cup,,2006,WC-d15b5b01-f786-5cbc-9224-73eacc131510,2006-06-23,group,G,,Switzerland,South Korea,CHE,KOR,2,0,,,False,False,,,Niedersachsenstadion
wc_history,World Cup,,2006,WC-78f26566-ff30-5bbc-a891-4ae8f44056f5,2006-06-24,round_of_16,,,Argentina,Mexico,ARG,MEX,2,1,,,True,False,,,Zentralstadion
wc_history,World Cup,,2006,WC-d869a8aa-dc33-5907-ab69-af0fc7dc61a3,2006-06-24,round_of_16,,,Germany,Sweden,DEU,SWE,2,0,,,False,False,,,Allianz Arena
wc_history,World Cup,,2006,WC-041042a3-517a-595f-9f7d-4f524f0cfbf7,2006-06-25,round_of_16,,,England,Ecuador,ENG,ECU,1,0,,,False,False,,,Neckarstadion
wc_history,World Cup,,2006,WC-5e67a2f7-9755-5ebe-9115-7422ce187980,2006-06-25,round_of_16,,,Portugal,Netherlands,PRT,NLD,1,0,,,False,False,,,Frankenstadion
wc_history,World Cup,,2006,WC-3e3bc8d3-fd2a-5b4b-8f89-91dfa9e8ba41,2006-06-26,round_of_16,,,Italy,Australia,ITA,AUS,1,0,,,False,False,,,Fritz-Walter-Stadion
wc_history,World Cup,,2006,WC-52bf1d2b-c46b-5a4f-b63c-7d451e07e38f,2006-06-26,round_of_16,,,Switzerland,Ukraine,CHE,UKR,0,0,,,True,True,0,3,RheinEnergieStadion
wc_history,World Cup,,2006,WC-b27343a3-27dd-5801-87b2-18fa238b7502,2006-06-27,round_of_16,,,Brazil,Ghana,BRA,GHA,3,0,,,False,False,,,Westfalenstadion
wc_history,World Cup,,2006,WC-cb024e94-01dd-5825-bcf7-e6c8fc319f9a,2006-06-27,round_of_16,,,Spain,France,ESP,FRA,1,3,,,False,False,,,Niedersachsenstadion
wc_history,World Cup,,2006,WC-8b65b310-010b-5e88-b464-84df79964e37,2006-06-30,quarter_final,,,Italy,Ukraine,ITA,UKR,3,0,,,False,False,,,Volksparkstadion
wc_history,World Cup,,2006,WC-ab532bc4-cac7-5fad-be7f-1ee6423c5711,2006-06-30,quarter_final,,,Germany,Argentina,DEU,ARG,1,1,,,True,True,4,2,Olympiastadion
wc_history,World Cup,,2006,WC-c7adad81-96f1-5a9d-b33d-05c317b4ee52,2006-07-01,quarter_final,,,England,Portugal,ENG,PRT,0,0,,,True,True,1,3,Arena AufShalke
wc_history,World Cup,,2006,WC-dc979961-ff43-5010-8fc2-03de3ed54449,2006-07-01,quarter_final,,,Brazil,France,BRA,FRA,0,1,,,False,False,,,Waldstadion
wc_history,World Cup,,2006,WC-96291852-e973-5a14-bf21-ba8aad17c6bb,2006-07-04,semi_final,,,Germany,Italy,DEU,ITA,0,2,,,True,False,,,Westfalenstadion
wc_history,World Cup,,2006,WC-e69715c9-9eb5-5952-b1e9-bc6b6c6f520c,2006-07-05,semi_final,,,Portugal,France,PRT,FRA,0,1,,,False,False,,,Allianz Arena
wc_history,World Cup,,2006,WC-d06078e8-f5a0-544c-a79f-e819f4ef8c0f,2006-07-08,third-place match,,,Germany,Portugal,DEU,PRT,3,1,,,False,False,,,Neckarstadion
wc_history,World Cup,,2006,WC-24264cd3-5c36-5bb4-a6a0-50abbcc81215,2006-07-09,final,,,Italy,France,ITA,FRA,1,1,,,True,True,5,3,Olympiastadion
wc_history,World Cup,,2010,WC-3fb9004e-cf28-5de5-af2f-f3792e6423a0,2010-06-11,group,A,,Uruguay,France,URY,FRA,0,0,,,False,False,,,Cape Town Stadium
wc_history,World Cup,,2010,WC-e53f570a-3561-5830-aaeb-8989e59d851b,2010-06-11,group,A,,South Africa,Mexico,ZAF,MEX,1,1,,,False,False,,,Soccer City
wc_history,World Cup,,2010,WC-385c92ef-2dac-580e-b957-4c530a8f7eff,2010-06-12,group,C,,England,United States,ENG,USA,1,1,,,False,False,,,Royal Bafokeng Stadium
wc_history,World Cup,,2010,WC-7bcfb481-1d3d-5906-80ef-966617e3ff12,2010-06-12,group,B,,South Korea,Greece,KOR,GRC,2,0,,,False,False,,,Nelson Mandela Bay Stadium
wc_history,World Cup,,2010,WC-f7192dc0-0f2a-57d6-ba2d-14ec0f8df098,2010-06-12,group,B,,Argentina,Nigeria,ARG,NGA,1,0,,,False,False,,,Ellis Park Stadium
wc_history,World Cup,,2010,WC-112cd31f-df61-5dce-a7f2-c91e153ddf7d,2010-06-13,group,D,,Germany,Australia,DEU,AUS,4,0,,,False,False,,,Moses Mabhida Stadium
wc_history,World Cup,,2010,WC-2f487f32-6c4c-5058-ad14-8eb06bc45480,2010-06-13,group,D,,Serbia,Ghana,SRB,GHA,0,1,,,False,False,,,Loftus Versfeld Stadium
wc_history,World Cup,,2010,WC-46f8e6b3-5201-5748-b707-ad02cb824fd8,2010-06-13,group,C,,Algeria,Slovenia,DZA,SVN,0,1,,,False,False,,,Peter Mokaba Stadium
wc_history,World Cup,,2010,WC-313082f0-b6fc-5bdc-9a66-b5fbb05b49b1,2010-06-14,group,E,,Netherlands,Denmark,NLD,DNK,2,0,,,False,False,,,Soccer City
wc_history,World Cup,,2010,WC-7a9c52c7-8371-5345-8685-e7693be08589,2010-06-14,group,E,,Japan,Cameroon,JPN,CMR,1,0,,,False,False,,,Free State Stadium
wc_history,World Cup,,2010,WC-949ea947-5489-5d9c-a04f-e97003c9340e,2010-06-14,group,F,,Italy,Paraguay,ITA,PRY,1,1,,,False,False,,,Cape Town Stadium
wc_history,World Cup,,2010,WC-25262be2-9788-56f9-8f0a-da8244593ec8,2010-06-15,group,F,,New Zealand,Slovakia,NZL,SVK,1,1,,,False,False,,,Royal Bafokeng Stadium
wc_history,World Cup,,2010,WC-4215e0cb-277c-590f-ab14-d3dc0c6d2f95,2010-06-15,group,G,,Ivory Coast,Portugal,CIV,PRT,0,0,,,False,False,,,Nelson Mandela Bay Stadium
wc_history,World Cup,,2010,WC-520bcc8c-238c-5576-b2ff-269b9f11c056,2010-06-15,group,G,,Brazil,North Korea,BRA,PRK,2,1,,,False,False,,,Ellis Park Stadium
wc_history,World Cup,,2010,WC-5c06aef0-b9d7-5d40-8c08-2240da6ac26d,2010-06-16,group,A,,South Africa,Uruguay,ZAF,URY,0,3,,,False,False,,,Loftus Versfeld Stadium
wc_history,World Cup,,2010,WC-92570e96-9d9e-5330-b104-b43a8ff6620f,2010-06-16,group,H,,Spain,Switzerland,ESP,CHE,0,1,,,False,False,,,Moses Mabhida Stadium
wc_history,World Cup,,2010,WC-c11d2729-a4d3-568a-8286-475fbf8c5831,2010-06-16,group,H,,Honduras,Chile,HND,CHL,0,1,,,False,False,,,Mbombela Stadium
wc_history,World Cup,,2010,WC-7919bddd-54cd-5de8-b341-655847895c8f,2010-06-17,group,B,,Greece,Nigeria,GRC,NGA,2,1,,,False,False,,,Free State Stadium
wc_history,World Cup,,2010,WC-a456bb78-4fd0-50d0-ab1a-b27058207efe,2010-06-17,group,A,,France,Mexico,FRA,MEX,0,2,,,False,False,,,Peter Mokaba Stadium
wc_history,World Cup,,2010,WC-f7bc4fcf-dfac-56e8-97f7-125b61d7f7cb,2010-06-17,group,B,,Argentina,South Korea,ARG,KOR,4,1,,,False,False,,,Soccer City
wc_history,World Cup,,2010,WC-1a1708a4-2305-5f85-ba9a-7354909d76ff,2010-06-18,group,C,,Slovenia,United States,SVN,USA,2,2,,,False,False,,,Ellis Park Stadium
wc_history,World Cup,,2010,WC-38a3d3e6-8066-59d3-bb32-92a1b1b48a15,2010-06-18,group,C,,England,Algeria,ENG,DZA,0,0,,,False,False,,,Cape Town Stadium
wc_history,World Cup,,2010,WC-93cd0acb-7580-57cf-a8fc-5d76423c8613,2010-06-18,group,D,,Germany,Serbia,DEU,SRB,0,1,,,False,False,,,Nelson Mandela Bay Stadium
wc_history,World Cup,,2010,WC-1c20c7ad-c832-5819-bd83-28548079da22,2010-06-19,group,E,,Netherlands,Japan,NLD,JPN,1,0,,,False,False,,,Moses Mabhida Stadium
wc_history,World Cup,,2010,WC-4b61b2ca-9e5e-5a7c-b7c6-ecb2849f2a32,2010-06-19,group,D,,Ghana,Australia,GHA,AUS,1,1,,,False,False,,,Royal Bafokeng Stadium
wc_history,World Cup,,2010,WC-ff4a6e9f-635e-5beb-9ab7-6f1dba1b1c04,2010-06-19,group,E,,Cameroon,Denmark,CMR,DNK,1,2,,,False,False,,,Loftus Versfeld Stadium
wc_history,World Cup,,2010,WC-0afcc82f-cd91-5106-bf95-35eb541212fc,2010-06-20,group,F,,Slovakia,Paraguay,SVK,PRY,0,2,,,False,False,,,Free State Stadium
wc_history,World Cup,,2010,WC-d18917c8-74ac-5c8a-975c-50d200f358cd,2010-06-20,group,G,,Brazil,Ivory Coast,BRA,CIV,3,1,,,False,False,,,Soccer City
wc_history,World Cup,,2010,WC-fbe9ca38-d8e3-53ed-b56c-25e7202f1137,2010-06-20,group,F,,Italy,New Zealand,ITA,NZL,1,1,,,False,False,,,Mbombela Stadium
wc_history,World Cup,,2010,WC-99183801-2a01-55c3-8135-15f86d01613a,2010-06-21,group,H,,Spain,Honduras,ESP,HND,2,0,,,False,False,,,Ellis Park Stadium
wc_history,World Cup,,2010,WC-991cdfdd-859f-5a74-b35b-73f00eb72e00,2010-06-21,group,H,,Chile,Switzerland,CHL,CHE,1,0,,,False,False,,,Nelson Mandela Bay Stadium
wc_history,World Cup,,2010,WC-a990e866-9626-51de-ad36-96364f88dd09,2010-06-21,group,G,,Portugal,North Korea,PRT,PRK,7,0,,,False,False,,,Cape Town Stadium
wc_history,World Cup,,2010,WC-3eb36398-187a-5203-9a0c-84900bfcf736,2010-06-22,group,B,,Greece,Argentina,GRC,ARG,0,2,,,False,False,,,Peter Mokaba Stadium
wc_history,World Cup,,2010,WC-bbcff995-c431-5416-b741-5b697ca3dd8f,2010-06-22,group,B,,Nigeria,South Korea,NGA,KOR,2,2,,,False,False,,,Moses Mabhida Stadium
wc_history,World Cup,,2010,WC-c19b5e11-8b0a-5fd7-92fe-b6865c672028,2010-06-22,group,A,,France,South Africa,FRA,ZAF,1,2,,,False,False,,,Free State Stadium
wc_history,World Cup,,2010,WC-e52aadd3-e551-58a1-b60b-a60cadf59711,2010-06-22,group,A,,Mexico,Uruguay,MEX,URY,0,1,,,False,False,,,Royal Bafokeng Stadium
wc_history,World Cup,,2010,WC-3d25cf86-7ee6-56e4-9864-89f222915d80,2010-06-23,group,C,,United States,Algeria,USA,DZA,1,0,,,False,False,,,Loftus Versfeld Stadium
wc_history,World Cup,,2010,WC-6f0ee2dc-66f1-530d-a19d-5eea55f78ee0,2010-06-23,group,D,,Ghana,Germany,GHA,DEU,0,1,,,False,False,,,Soccer City
wc_history,World Cup,,2010,WC-73f67c51-9caf-5276-9f35-4d338ce2b90c,2010-06-23,group,C,,Slovenia,England,SVN,ENG,0,1,,,False,False,,,Nelson Mandela Bay Stadium
wc_history,World Cup,,2010,WC-83a0741c-5ff1-5d25-97b0-4043eb4ec61c,2010-06-23,group,D,,Australia,Serbia,AUS,SRB,2,1,,,False,False,,,Mbombela Stadium
wc_history,World Cup,,2010,WC-897a0eac-8b6e-5ad7-9992-8d3146f503bc,2010-06-24,group,F,,Paraguay,New Zealand,PRY,NZL,0,0,,,False,False,,,Peter Mokaba Stadium
wc_history,World Cup,,2010,WC-8cf59189-3c29-5335-86c5-af51c5026ef5,2010-06-24,group,E,,Cameroon,Netherlands,CMR,NLD,1,2,,,False,False,,,Cape Town Stadium
wc_history,World Cup,,2010,WC-a66b2919-2bff-58d7-b899-5fa376f9655c,2010-06-24,group,F,,Slovakia,Italy,SVK,ITA,3,2,,,False,False,,,Ellis Park Stadium
wc_history,World Cup,,2010,WC-eefc0b46-3729-5bab-887a-a76285fa2ac7,2010-06-24,group,E,,Denmark,Japan,DNK,JPN,1,3,,,False,False,,,Royal Bafokeng Stadium
wc_history,World Cup,,2010,WC-9d9fad97-1f74-5571-ab56-ab958faf6b6c,2010-06-25,group,H,,Switzerland,Honduras,CHE,HND,0,0,,,False,False,,,Free State Stadium
wc_history,World Cup,,2010,WC-b6fab9d4-b950-59e6-af09-b8ed0b4a411a,2010-06-25,group,G,,North Korea,Ivory Coast,PRK,CIV,0,3,,,False,False,,,Mbombela Stadium
wc_history,World Cup,,2010,WC-c9a4b6f3-bb97-5cd6-b32e-69685a983067,2010-06-25,group,H,,Chile,Spain,CHL,ESP,1,2,,,False,False,,,Loftus Versfeld Stadium
wc_history,World Cup,,2010,WC-fc016987-57ff-56d7-ba6d-e3af2d2ae3e2,2010-06-25,group,G,,Portugal,Brazil,PRT,BRA,0,0,,,False,False,,,Moses Mabhida Stadium
wc_history,World Cup,,2010,WC-1d6a572f-5dbf-54aa-b5b0-331ffce83748,2010-06-26,round_of_16,,,Uruguay,South Korea,URY,KOR,2,1,,,False,False,,,Nelson Mandela Bay Stadium
wc_history,World Cup,,2010,WC-f10af8d6-5f87-5b00-92d7-a0b5aec2f5af,2010-06-26,round_of_16,,,United States,Ghana,USA,GHA,1,2,,,True,False,,,Royal Bafokeng Stadium
wc_history,World Cup,,2010,WC-332d69f3-4c12-5948-8f45-e0435931f477,2010-06-27,round_of_16,,,Germany,England,DEU,ENG,4,1,,,False,False,,,Free State Stadium
wc_history,World Cup,,2010,WC-c3494fb8-2904-55ea-a61b-f5e33f59a280,2010-06-27,round_of_16,,,Argentina,Mexico,ARG,MEX,3,1,,,False,False,,,Soccer City
wc_history,World Cup,,2010,WC-49b69489-06b6-58c1-b2a9-dac03965883c,2010-06-28,round_of_16,,,Brazil,Chile,BRA,CHL,3,0,,,False,False,,,Ellis Park Stadium
wc_history,World Cup,,2010,WC-6e56fb37-6ed2-5b3f-9a00-2a44b04e411b,2010-06-28,round_of_16,,,Netherlands,Slovakia,NLD,SVK,2,1,,,False,False,,,Moses Mabhida Stadium
wc_history,World Cup,,2010,WC-1fbd5736-ca9b-5c1f-95a7-6c2ce1d38caa,2010-06-29,round_of_16,,,Paraguay,Japan,PRY,JPN,0,0,,,True,True,5,3,Loftus Versfeld Stadium
wc_history,World Cup,,2010,WC-d5bbef06-9cb0-56be-8559-9874e9d1210b,2010-06-29,round_of_16,,,Spain,Portugal,ESP,PRT,1,0,,,False,False,,,Cape Town Stadium
wc_history,World Cup,,2010,WC-38739d0a-e148-50e8-b86f-31b70488c99c,2010-07-02,quarter_final,,,Netherlands,Brazil,NLD,BRA,2,1,,,False,False,,,Nelson Mandela Bay Stadium
wc_history,World Cup,,2010,WC-eca7a47c-1fca-5273-9a28-e947fc493e86,2010-07-02,quarter_final,,,Uruguay,Ghana,URY,GHA,1,1,,,True,True,4,2,Soccer City
wc_history,World Cup,,2010,WC-20f9b373-2ca0-51ae-ab07-88ad58bcafab,2010-07-03,quarter_final,,,Paraguay,Spain,PRY,ESP,0,1,,,False,False,,,Ellis Park Stadium
wc_history,World Cup,,2010,WC-db4fc537-da75-566e-a249-dead3724d547,2010-07-03,quarter_final,,,Argentina,Germany,ARG,DEU,0,4,,,False,False,,,Cape Town Stadium
wc_history,World Cup,,2010,WC-f16ef85a-9515-571d-a323-b5bfb336c0a4,2010-07-06,semi_final,,,Uruguay,Netherlands,URY,NLD,2,3,,,False,False,,,Cape Town Stadium
wc_history,World Cup,,2010,WC-d52ecef2-72f5-52eb-997b-9d187d419f0c,2010-07-07,semi_final,,,Germany,Spain,DEU,ESP,0,1,,,False,False,,,Moses Mabhida Stadium
wc_history,World Cup,,2010,WC-a23ab35f-e6a0-545a-8f33-9104c5127613,2010-07-10,third-place match,,,Uruguay,Germany,URY,DEU,2,3,,,False,False,,,Nelson Mandela Bay Stadium
wc_history,World Cup,,2010,WC-aceee8ba-3fa2-5707-95e4-a93d2a10f73a,2010-07-11,final,,,Netherlands,Spain,NLD,ESP,0,1,,,True,False,,,Soccer City
wc_history,World Cup,,2014,WC-ea39290a-6974-54eb-8abd-3905c9a67093,2014-06-12,group,A,,Brazil,Croatia,BRA,HRV,3,1,,,False,False,,,Arena Corinthians
wc_history,World Cup,,2014,WC-1ab37b68-5b40-543b-a3b4-ba009ef4af93,2014-06-13,group,A,,Mexico,Cameroon,MEX,CMR,1,0,,,False,False,,,Arena das Dunas
wc_history,World Cup,,2014,WC-8766ca20-1927-56ba-9f69-e72e30bda84c,2014-06-13,group,B,,Spain,Netherlands,ESP,NLD,1,5,,,False,False,,,Arena Fonte Nova
wc_history,World Cup,,2014,WC-e0e2c365-da56-5cbd-bc7a-3135b3afff43,2014-06-13,group,B,,Chile,Australia,CHL,AUS,3,1,,,False,False,,,Arena Pantanal
wc_history,World Cup,,2014,WC-0b728e02-1e2c-5991-ab56-364283c4f77c,2014-06-14,group,C,,Ivory Coast,Japan,CIV,JPN,2,1,,,False,False,,,Arena Pernambuco
wc_history,World Cup,,2014,WC-17e7174e-7e70-5e07-8ba5-386efdf1c0d0,2014-06-14,group,D,,Uruguay,Costa Rica,URY,CRI,1,3,,,False,False,,,Estádio Castelão
wc_history,World Cup,,2014,WC-4ceab03b-b365-529c-819d-0a100ccf024f,2014-06-14,group,C,,Colombia,Greece,COL,GRC,3,0,,,False,False,,,Estádio Mineirão
wc_history,World Cup,,2014,WC-a5e09d37-e7aa-52d8-a5bb-ede119622a80,2014-06-14,group,D,,England,Italy,ENG,ITA,1,2,,,False,False,,,Arena da Amazônia
wc_history,World Cup,,2014,WC-89e0bb8c-f20a-5bde-a61e-e3653c54060e,2014-06-15,group,F,,Argentina,Bosnia and Herzegovina,ARG,BIH,2,1,,,False,False,,,Estádio do Maracanã
wc_history,World Cup,,2014,WC-ba3313cd-5030-5617-809a-44af6cf537d4,2014-06-15,group,E,,France,Honduras,FRA,HND,3,0,,,False,False,,,Estádio Beira-Rio
wc_history,World Cup,,2014,WC-fe1fb110-c66b-503a-8d8c-f6f047a58a8f,2014-06-15,group,E,,Switzerland,Ecuador,CHE,ECU,2,1,,,False,False,,,Estádio Nacional
wc_history,World Cup,,2014,WC-2ccbc616-28d1-5197-892e-3935752476a0,2014-06-16,group,F,,Iran,Nigeria,IRN,NGA,0,0,,,False,False,,,Arena da Baixada
wc_history,World Cup,,2014,WC-846e6695-a71c-5900-9832-2035a36e2125,2014-06-16,group,G,,Germany,Portugal,DEU,PRT,4,0,,,False,False,,,Arena Fonte Nova
wc_history,World Cup,,2014,WC-cf1369b9-0764-5a3e-b1bd-5379f8beb6c8,2014-06-16,group,G,,Ghana,United States,GHA,USA,1,2,,,False,False,,,Arena das Dunas
wc_history,World Cup,,2014,WC-78fac7b9-8497-5dfd-9a3d-114e23fad791,2014-06-17,group,A,,Brazil,Mexico,BRA,MEX,0,0,,,False,False,,,Estádio Castelão
wc_history,World Cup,,2014,WC-ada919ed-d3f6-52e6-a086-327b9e9252b5,2014-06-17,group,H,,Russia,South Korea,RUS,KOR,1,1,,,False,False,,,Arena Pantanal
wc_history,World Cup,,2014,WC-f3f972a2-25c4-5b46-9dcb-e880cd81be40,2014-06-17,group,H,,Belgium,Algeria,BEL,DZA,2,1,,,False,False,,,Estádio Mineirão
wc_history,World Cup,,2014,WC-1f4e3626-a4b9-5a11-b971-a539e0694b2a,2014-06-18,group,B,,Spain,Chile,ESP,CHL,0,2,,,False,False,,,Estádio do Maracanã
wc_history,World Cup,,2014,WC-833d5564-65e8-5ac9-aac5-c0437280bf09,2014-06-18,group,B,,Australia,Netherlands,AUS,NLD,2,3,,,False,False,,,Estádio Beira-Rio
wc_history,World Cup,,2014,WC-9741df97-b609-5ecc-a4fd-e45d5858fdc0,2014-06-18,group,A,,Cameroon,Croatia,CMR,HRV,0,4,,,False,False,,,Arena da Amazônia
wc_history,World Cup,,2014,WC-3b9c72b7-a908-5f33-ac76-fe6c863f08b4,2014-06-19,group,C,,Colombia,Ivory Coast,COL,CIV,2,1,,,False,False,,,Estádio Nacional
wc_history,World Cup,,2014,WC-711cad08-9fbc-5372-9fcc-b7e4ed6014fe,2014-06-19,group,C,,Japan,Greece,JPN,GRC,0,0,,,False,False,,,Arena das Dunas
wc_history,World Cup,,2014,WC-c3b5ee11-53a2-5502-ad2e-f9318746cf72,2014-06-19,group,D,,Uruguay,England,URY,ENG,2,1,,,False,False,,,Arena Corinthians
wc_history,World Cup,,2014,WC-7c946968-bd3a-5b2f-8939-66e6a3999f2c,2014-06-20,group,E,,Honduras,Ecuador,HND,ECU,1,2,,,False,False,,,Arena da Baixada
wc_history,World Cup,,2014,WC-d2fb32e5-1cc7-5b36-8002-dda815d01cb9,2014-06-20,group,D,,Italy,Costa Rica,ITA,CRI,0,1,,,False,False,,,Arena Pernambuco
wc_history,World Cup,,2014,WC-f5dea035-97b5-5f99-8a1a-023dca4a27ae,2014-06-20,group,E,,Switzerland,France,CHE,FRA,2,5,,,False,False,,,Arena Fonte Nova
wc_history,World Cup,,2014,WC-20828bb3-f6d0-505c-b71d-eb61ebb69f1f,2014-06-21,group,F,,Nigeria,Bosnia and Herzegovina,NGA,BIH,1,0,,,False,False,,,Arena Pantanal
wc_history,World Cup,,2014,WC-a57034f7-475b-5b94-91ab-e47d51393693,2014-06-21,group,F,,Argentina,Iran,ARG,IRN,1,0,,,False,False,,,Estádio Mineirão
wc_history,World Cup,,2014,WC-b1b947e1-bf68-55ff-ad0f-b7cb62155955,2014-06-21,group,G,,Germany,Ghana,DEU,GHA,2,2,,,False,False,,,Estádio Castelão
wc_history,World Cup,,2014,WC-11d2557a-3d92-57a8-a654-d734c6a7e95b,2014-06-22,group,H,,South Korea,Algeria,KOR,DZA,2,4,,,False,False,,,Estádio Beira-Rio
wc_history,World Cup,,2014,WC-334a2944-5664-5d51-a4b6-3571dd25c352,2014-06-22,group,H,,Belgium,Russia,BEL,RUS,1,0,,,False,False,,,Estádio do Maracanã
wc_history,World Cup,,2014,WC-a8f964f0-3ebd-5e8e-a8ae-f696d87114d5,2014-06-22,group,G,,United States,Portugal,USA,PRT,2,2,,,False,False,,,Arena da Amazônia
wc_history,World Cup,,2014,WC-4c13f03c-2887-5e74-8bd3-88161b5e84e6,2014-06-23,group,A,,Croatia,Mexico,HRV,MEX,1,3,,,False,False,,,Arena Pernambuco
wc_history,World Cup,,2014,WC-5598d8c1-ad7a-5bfd-b6a1-c6c2f8f41003,2014-06-23,group,A,,Cameroon,Brazil,CMR,BRA,1,4,,,False,False,,,Estádio Nacional
wc_history,World Cup,,2014,WC-ae2e85ef-e783-5edb-a475-6f840e61eb63,2014-06-23,group,B,,Netherlands,Chile,NLD,CHL,2,0,,,False,False,,,Arena Corinthians
wc_history,World Cup,,2014,WC-cffd1e8d-c1e6-5a18-ad82-a1901764d01d,2014-06-23,group,B,,Australia,Spain,AUS,ESP,0,3,,,False,False,,,Arena da Baixada
wc_history,World Cup,,2014,WC-0ea0812a-3589-5a72-9d06-94d2e0c70503,2014-06-24,group,D,,Italy,Uruguay,ITA,URY,0,1,,,False,False,,,Arena das Dunas
wc_history,World Cup,,2014,WC-3440d7e1-cbf7-5b9f-8c4c-4930661dbcad,2014-06-24,group,C,,Japan,Colombia,JPN,COL,1,4,,,False,False,,,Arena Pantanal
wc_history,World Cup,,2014,WC-a967ff5d-2701-5eda-87c2-782e069ea1ff,2014-06-24,group,D,,Costa Rica,England,CRI,ENG,0,0,,,False,False,,,Estádio Mineirão
wc_history,World Cup,,2014,WC-dd0ca636-f357-595c-a58c-92e5285c64a3,2014-06-24,group,C,,Greece,Ivory Coast,GRC,CIV,2,1,,,False,False,,,Estádio Castelão
wc_history,World Cup,,2014,WC-19ff6e30-5221-5f12-ae8c-e34a9e9516c4,2014-06-25,group,E,,Ecuador,France,ECU,FRA,0,0,,,False,False,,,Estádio do Maracanã
wc_history,World Cup,,2014,WC-228f2acd-0093-5ac3-b4b3-d41a2761be6d,2014-06-25,group,F,,Nigeria,Argentina,NGA,ARG,2,3,,,False,False,,,Estádio Beira-Rio
wc_history,World Cup,,2014,WC-4f6b2330-d974-5e41-8d9e-c9595fd3e568,2014-06-25,group,F,,Bosnia and Herzegovina,Iran,BIH,IRN,3,1,,,False,False,,,Arena Fonte Nova
wc_history,World Cup,,2014,WC-5d0adb57-9de3-598c-b230-600724f69423,2014-06-25,group,E,,Honduras,Switzerland,HND,CHE,0,3,,,False,False,,,Arena da Amazônia
wc_history,World Cup,,2014,WC-365e9b48-e626-5722-94f9-5855209e5a39,2014-06-26,group,G,,United States,Germany,USA,DEU,0,1,,,False,False,,,Arena Pernambuco
wc_history,World Cup,,2014,WC-6042f204-e8df-5fc9-b4e8-58a30a502c4a,2014-06-26,group,H,,Algeria,Russia,DZA,RUS,1,1,,,False,False,,,Arena da Baixada
wc_history,World Cup,,2014,WC-635e80ff-78f5-537a-9908-0f6204677a54,2014-06-26,group,G,,Portugal,Ghana,PRT,GHA,2,1,,,False,False,,,Estádio Nacional
wc_history,World Cup,,2014,WC-b7d89515-876a-5079-804d-6dc94e31865f,2014-06-26,group,H,,South Korea,Belgium,KOR,BEL,0,1,,,False,False,,,Arena Corinthians
wc_history,World Cup,,2014,WC-1ef3e05e-44e1-5524-8627-62051920a30f,2014-06-28,round_of_16,,,Colombia,Uruguay,COL,URY,2,0,,,False,False,,,Estádio do Maracanã
wc_history,World Cup,,2014,WC-d0d6d43e-ecdd-5567-9a17-e06bf3faf5cc,2014-06-28,round_of_16,,,Brazil,Chile,BRA,CHL,1,1,,,True,True,3,2,Estádio Mineirão
wc_history,World Cup,,2014,WC-d8d31133-15d6-5c7c-b247-059478803d82,2014-06-29,round_of_16,,,Costa Rica,Greece,CRI,GRC,1,1,,,True,True,5,3,Arena Pernambuco
wc_history,World Cup,,2014,WC-e7f9d13d-5cc1-516a-85a4-fa1896055024,2014-06-29,round_of_16,,,Netherlands,Mexico,NLD,MEX,2,1,,,False,False,,,Estádio Castelão
wc_history,World Cup,,2014,WC-4c4a2eb6-c214-510f-a696-590e87502f81,2014-06-30,round_of_16,,,Germany,Algeria,DEU,DZA,2,1,,,True,False,,,Estádio Beira-Rio
wc_history,World Cup,,2014,WC-c25ff0d1-5ee5-5a8b-8cbc-900885abd60a,2014-06-30,round_of_16,,,France,Nigeria,FRA,NGA,2,0,,,False,False,,,Estádio Nacional
wc_history,World Cup,,2014,WC-3016daff-a2a3-58d1-95ad-cbdd40dcdbdd,2014-07-01,round_of_16,,,Argentina,Switzerland,ARG,CHE,1,0,,,True,False,,,Arena Corinthians
wc_history,World Cup,,2014,WC-fd92890c-4e9a-5c08-9f7f-3aef9d900dae,2014-07-01,round_of_16,,,Belgium,United States,BEL,USA,2,1,,,True,False,,,Arena Fonte Nova
wc_history,World Cup,,2014,WC-841ab232-b56d-5113-9a19-6cd335d82aa7,2014-07-04,quarter_final,,,Brazil,Colombia,BRA,COL,2,1,,,False,False,,,Estádio Castelão
wc_history,World Cup,,2014,WC-9a50c773-7948-56fc-9a30-46ffb3cfc34c,2014-07-04,quarter_final,,,France,Germany,FRA,DEU,0,1,,,False,False,,,Estádio do Maracanã
wc_history,World Cup,,2014,WC-2cc9c4b5-2092-5c87-964c-2654cdfcc148,2014-07-05,quarter_final,,,Argentina,Belgium,ARG,BEL,1,0,,,False,False,,,Estádio Nacional
wc_history,World Cup,,2014,WC-4252ebb2-2f7c-57d9-997b-8cb11f262866,2014-07-05,quarter_final,,,Netherlands,Costa Rica,NLD,CRI,0,0,,,True,True,4,3,Arena Fonte Nova
wc_history,World Cup,,2014,WC-ff25d626-6c3f-5339-a120-dc0b5cf79692,2014-07-08,semi_final,,,Brazil,Germany,BRA,DEU,1,7,,,False,False,,,Estádio Mineirão
wc_history,World Cup,,2014,WC-9c649cfb-c85a-51cf-8b74-8cb8cad29a73,2014-07-09,semi_final,,,Netherlands,Argentina,NLD,ARG,0,0,,,True,True,2,4,Arena Corinthians
wc_history,World Cup,,2014,WC-97a08a0f-016f-5a98-b4c0-6995e892b568,2014-07-12,third-place match,,,Brazil,Netherlands,BRA,NLD,0,3,,,False,False,,,Estádio Nacional
wc_history,World Cup,,2014,WC-0c220966-ef59-5d7c-9b45-18e3ee4f7dd4,2014-07-13,final,,,Germany,Argentina,DEU,ARG,1,0,,,True,False,,,Estádio do Maracanã
wc_history,World Cup,,2018,WC-03a70d96-ad94-56e9-b9d4-a9d0e3e33c25,2018-06-14,group,A,,Russia,Saudi Arabia,RUS,SAU,5,0,,,False,False,,,Luzhniki Stadium
wc_history,World Cup,,2018,WC-13ea63f3-6ec2-5265-a7e6-1ff80bcf3533,2018-06-15,group,B,,Portugal,Spain,PRT,ESP,3,3,,,False,False,,,Fisht Olympic Stadium
wc_history,World Cup,,2018,WC-adab9a34-e980-52ff-9664-6223a721f7c7,2018-06-15,group,B,,Morocco,Iran,MAR,IRN,0,1,,,False,False,,,Krestovsky Stadium
wc_history,World Cup,,2018,WC-f85a5bfa-30c8-524e-898f-41fde1198f28,2018-06-15,group,A,,Egypt,Uruguay,EGY,URY,0,1,,,False,False,,,Central Stadium
wc_history,World Cup,,2018,WC-0e3b664e-f007-5fa0-9d45-db33b2ea4bb5,2018-06-16,group,D,,Croatia,Nigeria,HRV,NGA,2,0,,,False,False,,,Kaliningrad Stadium
wc_history,World Cup,,2018,WC-35de1b70-7ba9-5909-81d2-8217b2d0abc7,2018-06-16,group,D,,Argentina,Iceland,ARG,ISL,1,1,,,False,False,,,Otkritie Arena
wc_history,World Cup,,2018,WC-69aebb1c-780f-51e1-a60d-c027b48bc29c,2018-06-16,group,C,,Peru,Denmark,PER,DNK,0,1,,,False,False,,,Mordovia Arena
wc_history,World Cup,,2018,WC-7ec5155b-3629-54fd-9270-0cbe18140f94,2018-06-16,group,C,,France,Australia,FRA,AUS,2,1,,,False,False,,,Kazan Arena
wc_history,World Cup,,2018,WC-3174e8e7-5ba2-50c5-8772-922c3c39095f,2018-06-17,group,F,,Germany,Mexico,DEU,MEX,0,1,,,False,False,,,Luzhniki Stadium
wc_history,World Cup,,2018,WC-97fe5f7d-f078-5bb0-a453-cda5ea9f83f1,2018-06-17,group,E,,Costa Rica,Serbia,CRI,SRB,0,1,,,False,False,,,Samara Arena
wc_history,World Cup,,2018,WC-c7d5bfdf-2054-53e5-9e83-de73f5a4ebae,2018-06-17,group,E,,Brazil,Switzerland,BRA,CHE,1,1,,,False,False,,,Rostov Arena
wc_history,World Cup,,2018,WC-2780cb34-c75d-5960-8f8f-7543a929e494,2018-06-18,group,G,,Tunisia,England,TUN,ENG,1,2,,,False,False,,,Volgograd Arena
wc_history,World Cup,,2018,WC-4fdbf0c8-baf1-50b4-8ef8-41516bf8bff3,2018-06-18,group,F,,Sweden,South Korea,SWE,KOR,1,0,,,False,False,,,Nizhny Novgorod Stadium
wc_history,World Cup,,2018,WC-e4904c79-6f8f-5a94-8cc1-511fb7c20e0f,2018-06-18,group,G,,Belgium,Panama,BEL,PAN,3,0,,,False,False,,,Fisht Olympic Stadium
wc_history,World Cup,,2018,WC-4d776020-546b-5375-965b-5dd9ed450829,2018-06-19,group,A,,Russia,Egypt,RUS,EGY,3,1,,,False,False,,,Krestovsky Stadium
wc_history,World Cup,,2018,WC-5abc423e-8ad7-5ed6-a569-02b01491dfa4,2018-06-19,group,H,,Colombia,Japan,COL,JPN,1,2,,,False,False,,,Mordovia Arena
wc_history,World Cup,,2018,WC-9692c0cd-0107-56ea-9b4f-7e06260921d6,2018-06-19,group,H,,Poland,Senegal,POL,SEN,1,2,,,False,False,,,Otkritie Arena
wc_history,World Cup,,2018,WC-67742f69-50e2-5fae-b8ef-d0d2e0f84dab,2018-06-20,group,A,,Uruguay,Saudi Arabia,URY,SAU,1,0,,,False,False,,,Rostov Arena
wc_history,World Cup,,2018,WC-bfd1703b-e05c-539b-97f6-8ee3e907f4e4,2018-06-20,group,B,,Iran,Spain,IRN,ESP,0,1,,,False,False,,,Kazan Arena
wc_history,World Cup,,2018,WC-c3b311b0-df28-50d3-b920-318fe9eba8ed,2018-06-20,group,B,,Portugal,Morocco,PRT,MAR,1,0,,,False,False,,,Luzhniki Stadium
wc_history,World Cup,,2018,WC-20561103-d2d9-5968-b7fe-18ebb8930605,2018-06-21,group,C,,Denmark,Australia,DNK,AUS,1,1,,,False,False,,,Samara Arena
wc_history,World Cup,,2018,WC-9e5a52aa-6a45-5e6d-a47f-58d5cc1cc0f7,2018-06-21,group,D,,Argentina,Croatia,ARG,HRV,0,3,,,False,False,,,Nizhny Novgorod Stadium
wc_history,World Cup,,2018,WC-9ea9e88d-3423-541b-ba53-8f4def2ea5f0,2018-06-21,group,C,,France,Peru,FRA,PER,1,0,,,False,False,,,Central Stadium
wc_history,World Cup,,2018,WC-0c68398a-2b81-5378-86bd-b9dcf212f279,2018-06-22,group,D,,Nigeria,Iceland,NGA,ISL,2,0,,,False,False,,,Volgograd Arena
wc_history,World Cup,,2018,WC-9bab9a51-5487-559e-a2b3-b4d9faad7347,2018-06-22,group,E,,Brazil,Costa Rica,BRA,CRI,2,0,,,False,False,,,Krestovsky Stadium
wc_history,World Cup,,2018,WC-adeb0c10-f29c-5bb9-94fe-1a1b77ef2837,2018-06-22,group,E,,Serbia,Switzerland,SRB,CHE,1,2,,,False,False,,,Kaliningrad Stadium
wc_history,World Cup,,2018,WC-53507609-ac05-558f-8334-7b548d78683f,2018-06-23,group,G,,Belgium,Tunisia,BEL,TUN,5,2,,,False,False,,,Otkritie Arena
wc_history,World Cup,,2018,WC-bafa9aef-cba7-5779-8a5e-b81f1c00c93c,2018-06-23,group,F,,South Korea,Mexico,KOR,MEX,1,2,,,False,False,,,Rostov Arena
wc_history,World Cup,,2018,WC-c90f89d2-1583-5bf5-b06b-ef9dd86fa32f,2018-06-23,group,F,,Germany,Sweden,DEU,SWE,2,1,,,False,False,,,Fisht Olympic Stadium
wc_history,World Cup,,2018,WC-50b91f2f-5c1d-53f3-8aae-95d3e792dd9e,2018-06-24,group,H,,Poland,Colombia,POL,COL,0,3,,,False,False,,,Kazan Arena
wc_history,World Cup,,2018,WC-b62f21b2-ce66-5be9-8c45-50db6ac8bd54,2018-06-24,group,G,,England,Panama,ENG,PAN,6,1,,,False,False,,,Nizhny Novgorod Stadium
wc_history,World Cup,,2018,WC-bd1460af-d434-5313-ace3-4a556348b884,2018-06-24,group,H,,Japan,Senegal,JPN,SEN,2,2,,,False,False,,,Central Stadium
wc_history,World Cup,,2018,WC-83c9d3de-d083-5937-90e7-46ebc613e500,2018-06-25,group,B,,Spain,Morocco,ESP,MAR,2,2,,,False,False,,,Kaliningrad Stadium
wc_history,World Cup,,2018,WC-8f401657-b567-58e2-b290-d563c52a701f,2018-06-25,group,A,,Uruguay,Russia,URY,RUS,3,0,,,False,False,,,Samara Arena
wc_history,World Cup,,2018,WC-a00eb9b8-a683-5b0c-9ea7-e12a57fbe6f8,2018-06-25,group,B,,Iran,Portugal,IRN,PRT,1,1,,,False,False,,,Mordovia Arena
wc_history,World Cup,,2018,WC-faf95b68-18be-589a-a4ab-6f76c6a2383b,2018-06-25,group,A,,Saudi Arabia,Egypt,SAU,EGY,2,1,,,False,False,,,Volgograd Arena
wc_history,World Cup,,2018,WC-1529b4ee-2282-514f-b907-e805ebd4b153,2018-06-26,group,C,,Australia,Peru,AUS,PER,0,2,,,False,False,,,Fisht Olympic Stadium
wc_history,World Cup,,2018,WC-acaf598b-236c-569f-be4c-76759197a778,2018-06-26,group,D,,Iceland,Croatia,ISL,HRV,1,2,,,False,False,,,Rostov Arena
wc_history,World Cup,,2018,WC-b23491af-ad48-59f3-b458-33466c8a416d,2018-06-26,group,D,,Nigeria,Argentina,NGA,ARG,1,2,,,False,False,,,Krestovsky Stadium
wc_history,World Cup,,2018,WC-b480ae54-7c21-56ce-930b-568062aef3eb,2018-06-26,group,C,,Denmark,France,DNK,FRA,0,0,,,False,False,,,Luzhniki Stadium
wc_history,World Cup,,2018,WC-0c1f0461-42c6-571f-bb1e-bd32e864db5d,2018-06-27,group,F,,Mexico,Sweden,MEX,SWE,0,3,,,False,False,,,Central Stadium
wc_history,World Cup,,2018,WC-438f8857-fa18-5317-ae19-c354d174dfca,2018-06-27,group,F,,South Korea,Germany,KOR,DEU,2,0,,,False,False,,,Kazan Arena
wc_history,World Cup,,2018,WC-a11a795f-c6c9-5f74-abf3-9b54739cce2b,2018-06-27,group,E,,Serbia,Brazil,SRB,BRA,0,2,,,False,False,,,Otkritie Arena
wc_history,World Cup,,2018,WC-b06a0e9e-42e6-50fa-868c-5d8c5ccdaa30,2018-06-27,group,E,,Switzerland,Costa Rica,CHE,CRI,2,2,,,False,False,,,Nizhny Novgorod Stadium
wc_history,World Cup,,2018,WC-6952a8c7-f304-5398-b3f8-48d02006fce0,2018-06-28,group,H,,Senegal,Colombia,SEN,COL,0,1,,,False,False,,,Samara Arena
wc_history,World Cup,,2018,WC-9d87b40d-3857-5181-a12f-159b6593f980,2018-06-28,group,G,,England,Belgium,ENG,BEL,0,1,,,False,False,,,Kaliningrad Stadium
wc_history,World Cup,,2018,WC-a9d37f95-2e0c-586d-9873-0968641e5522,2018-06-28,group,H,,Japan,Poland,JPN,POL,0,1,,,False,False,,,Volgograd Arena
wc_history,World Cup,,2018,WC-bdbd60b2-f00d-5d70-9611-7d973351da52,2018-06-28,group,G,,Panama,Tunisia,PAN,TUN,1,2,,,False,False,,,Mordovia Arena
wc_history,World Cup,,2018,WC-6d2088f0-35c0-58b1-b7ff-d2db48e3e03b,2018-06-30,round_of_16,,,Uruguay,Portugal,URY,PRT,2,1,,,False,False,,,Fisht Olympic Stadium
wc_history,World Cup,,2018,WC-8c49bdcf-94b0-50b2-9319-dfe61385749f,2018-06-30,round_of_16,,,France,Argentina,FRA,ARG,4,3,,,False,False,,,Kazan Arena
wc_history,World Cup,,2018,WC-3ad776e2-6cd7-55ea-beac-17ba86fa8581,2018-07-01,round_of_16,,,Spain,Russia,ESP,RUS,1,1,,,True,True,3,4,Luzhniki Stadium
wc_history,World Cup,,2018,WC-a6be8b6f-c046-5615-be43-52c4589f0b51,2018-07-01,round_of_16,,,Croatia,Denmark,HRV,DNK,1,1,,,True,True,3,2,Nizhny Novgorod Stadium
wc_history,World Cup,,2018,WC-40644abe-5d6b-5060-9ae2-4207a1cd5cb6,2018-07-02,round_of_16,,,Brazil,Mexico,BRA,MEX,2,0,,,False,False,,,Samara Arena
wc_history,World Cup,,2018,WC-b6f0367d-8a2c-5ce3-b889-7f373501b1ae,2018-07-02,round_of_16,,,Belgium,Japan,BEL,JPN,3,2,,,False,False,,,Rostov Arena
wc_history,World Cup,,2018,WC-4a9edc82-271f-5488-8ce8-48f109289ea0,2018-07-03,round_of_16,,,Sweden,Switzerland,SWE,CHE,1,0,,,False,False,,,Krestovsky Stadium
wc_history,World Cup,,2018,WC-fc54db68-3853-5b43-84ab-447ccd3baec1,2018-07-03,round_of_16,,,Colombia,England,COL,ENG,1,1,,,True,True,3,4,Otkritie Arena
wc_history,World Cup,,2018,WC-b233c212-d417-5646-925b-23021448eaed,2018-07-06,quarter_final,,,Brazil,Belgium,BRA,BEL,1,2,,,False,False,,,Kazan Arena
wc_history,World Cup,,2018,WC-e074aecd-9790-5895-8f83-5deaca33b749,2018-07-06,quarter_final,,,Uruguay,France,URY,FRA,0,2,,,False,False,,,Nizhny Novgorod Stadium
wc_history,World Cup,,2018,WC-05e8f1f5-9b45-5605-908f-c6e2b97868c1,2018-07-07,quarter_final,,,Sweden,England,SWE,ENG,0,2,,,False,False,,,Samara Arena
wc_history,World Cup,,2018,WC-b85a85e2-c207-52de-86f2-0422387228ef,2018-07-07,quarter_final,,,Russia,Croatia,RUS,HRV,2,2,,,True,True,3,4,Fisht Olympic Stadium
wc_history,World Cup,,2018,WC-40e18275-09d7-51df-b82e-8158aae4c867,2018-07-10,semi_final,,,France,Belgium,FRA,BEL,1,0,,,False,False,,,Krestovsky Stadium
wc_history,World Cup,,2018,WC-bb204b94-1008-5fed-ab5c-318ced6d2974,2018-07-11,semi_final,,,Croatia,England,HRV,ENG,2,1,,,True,False,,,Luzhniki Stadium
wc_history,World Cup,,2018,WC-3612ea5d-5d9b-5c3e-8792-9bc2f947da2a,2018-07-14,third-place match,,,Belgium,England,BEL,ENG,2,0,,,False,False,,,Krestovsky Stadium
wc_history,World Cup,,2018,WC-b1a2d34f-a70a-5809-9b25-e8699bc0f60b,2018-07-15,final,,,France,Croatia,FRA,HRV,4,2,,,False,False,,,Luzhniki Stadium
wc_history,World Cup,,2022,WC-95f6ea5d-e9c1-5ec0-9f73-3bcaa598f1e0,2022-11-20,group,A,,Qatar,Ecuador,QAT,ECU,0,2,,,False,False,,,Al Bayt Stadium
wc_history,World Cup,,2022,WC-171fb46e-09b7-50aa-9710-ecdf2a1ab181,2022-11-21,group,B,,United States,Wales,USA,WAL,1,1,,,False,False,,,Ahmad bin Ali Stadium
wc_history,World Cup,,2022,WC-2cd3ef6e-80e3-5df0-a799-42598f481f68,2022-11-21,group,A,,Senegal,Netherlands,SEN,NLD,0,2,,,False,False,,,Al Thumama Stadium
wc_history,World Cup,,2022,WC-bc8da311-d38b-503f-bb6d-c2e69f6e625b,2022-11-21,group,B,,England,Iran,ENG,IRN,6,2,,,False,False,,,Khalifa International Stadium
wc_history,World Cup,,2022,WC-0253e09f-774a-5109-b400-0b0f45f6247f,2022-11-22,group,D,,Denmark,Tunisia,DNK,TUN,0,0,,,False,False,,,Education City Stadium
wc_history,World Cup,,2022,WC-238aaa82-523f-513d-bbcb-0c7f1a565194,2022-11-22,group,D,,France,Australia,FRA,AUS,4,1,,,False,False,,,Al Janoub Stadium
wc_history,World Cup,,2022,WC-3d7050e3-652c-5a89-bd8c-6332c8743256,2022-11-22,group,C,,Argentina,Saudi Arabia,ARG,SAU,1,2,,,False,False,,,Lusail Stadium
wc_history,World Cup,,2022,WC-a1defe65-7c5d-51e7-b716-c75ce38524c2,2022-11-22,group,C,,Mexico,Poland,MEX,POL,0,0,,,False,False,,,Stadium 974
wc_history,World Cup,,2022,WC-108861a5-bb5c-5832-a45d-e677a2ac69fa,2022-11-23,group,E,,Germany,Japan,DEU,JPN,1,2,,,False,False,,,Khalifa International Stadium
wc_history,World Cup,,2022,WC-2a2f1ae5-7aa4-5dc4-9310-daa3f597d6e1,2022-11-23,group,F,,Belgium,Canada,BEL,CAN,1,0,,,False,False,,,Ahmad bin Ali Stadium
wc_history,World Cup,,2022,WC-35675581-e8d7-5940-bed3-c8f7f3aee127,2022-11-23,group,F,,Morocco,Croatia,MAR,HRV,0,0,,,False,False,,,Al Bayt Stadium
wc_history,World Cup,,2022,WC-78cfdb1a-dafe-530a-b926-0fc26f4d7fe7,2022-11-23,group,E,,Spain,Costa Rica,ESP,CRI,7,0,,,False,False,,,Al Thumama Stadium
wc_history,World Cup,,2022,WC-06968cef-b9dc-55e8-95c8-dbe19558e848,2022-11-24,group,H,,Uruguay,South Korea,URY,KOR,0,0,,,False,False,,,Education City Stadium
wc_history,World Cup,,2022,WC-3b34c130-c0bb-5056-a8a5-127a897f0ad2,2022-11-24,group,G,,Switzerland,Cameroon,CHE,CMR,1,0,,,False,False,,,Al Janoub Stadium
wc_history,World Cup,,2022,WC-6306c95b-6516-53d0-882d-2519a29e5e33,2022-11-24,group,G,,Brazil,Serbia,BRA,SRB,2,0,,,False,False,,,Lusail Stadium
wc_history,World Cup,,2022,WC-9317d181-4ef9-5442-81e6-98b7a69157be,2022-11-24,group,H,,Portugal,Ghana,PRT,GHA,3,2,,,False,False,,,Stadium 974
wc_history,World Cup,,2022,WC-1f2f2b78-eb02-5b56-912e-ef3eaaf9584e,2022-11-25,group,A,,Qatar,Senegal,QAT,SEN,1,3,,,False,False,,,Al Thumama Stadium
wc_history,World Cup,,2022,WC-5b72ba66-f20f-555e-a3f9-8e15dd35030b,2022-11-25,group,B,,England,United States,ENG,USA,0,0,,,False,False,,,Al Bayt Stadium
wc_history,World Cup,,2022,WC-da49e370-71d6-5844-a8bb-c2a3ad743c12,2022-11-25,group,B,,Wales,Iran,WAL,IRN,0,2,,,False,False,,,Ahmad bin Ali Stadium
wc_history,World Cup,,2022,WC-e95c3c3d-b87f-55fc-9627-2a1a4d4c3b13,2022-11-25,group,A,,Netherlands,Ecuador,NLD,ECU,1,1,,,False,False,,,Khalifa International Stadium
wc_history,World Cup,,2022,WC-235fb742-37da-5fd5-9715-99f4b268ba3f,2022-11-26,group,D,,Tunisia,Australia,TUN,AUS,0,1,,,False,False,,,Al Janoub Stadium
wc_history,World Cup,,2022,WC-2a6bdb8b-1c3e-5964-adb1-e632de560094,2022-11-26,group,C,,Poland,Saudi Arabia,POL,SAU,2,0,,,False,False,,,Education City Stadium
wc_history,World Cup,,2022,WC-845dc6f2-b454-5d1b-886e-efe46976c8a7,2022-11-26,group,C,,Argentina,Mexico,ARG,MEX,2,0,,,False,False,,,Lusail Stadium
wc_history,World Cup,,2022,WC-e0a4c871-8983-528f-867d-af86a9c00845,2022-11-26,group,D,,France,Denmark,FRA,DNK,2,1,,,False,False,,,Stadium 974
wc_history,World Cup,,2022,WC-10e8b664-d714-5ad6-919e-18465f7ebc22,2022-11-27,group,E,,Spain,Germany,ESP,DEU,1,1,,,False,False,,,Al Bayt Stadium
wc_history,World Cup,,2022,WC-26d8483c-e63b-5c62-9521-785d7b594558,2022-11-27,group,F,,Belgium,Morocco,BEL,MAR,0,2,,,False,False,,,Al Thumama Stadium
wc_history,World Cup,,2022,WC-6cb0bd77-d423-5c3a-ae48-80153e40dd74,2022-11-27,group,E,,Japan,Costa Rica,JPN,CRI,0,1,,,False,False,,,Ahmad bin Ali Stadium
wc_history,World Cup,,2022,WC-70fb13e8-081f-5f2a-8b6d-06801cadb53d,2022-11-27,group,F,,Croatia,Canada,HRV,CAN,4,1,,,False,False,,,Khalifa International Stadium
wc_history,World Cup,,2022,WC-44301c2b-3655-5e31-93ef-b8e83c2b5ff7,2022-11-28,group,G,,Brazil,Switzerland,BRA,CHE,1,0,,,False,False,,,Stadium 974
wc_history,World Cup,,2022,WC-4a461703-480d-5281-9e6f-f0e1be08b1a7,2022-11-28,group,H,,Portugal,Uruguay,PRT,URY,2,0,,,False,False,,,Lusail Stadium
wc_history,World Cup,,2022,WC-7f0ed410-0615-521a-bcf3-160f1494d007,2022-11-28,group,G,,Cameroon,Serbia,CMR,SRB,3,3,,,False,False,,,Al Janoub Stadium
wc_history,World Cup,,2022,WC-edc52d99-2594-5741-9601-4e245c3b2511,2022-11-28,group,H,,South Korea,Ghana,KOR,GHA,2,3,,,False,False,,,Education City Stadium
wc_history,World Cup,,2022,WC-2035e8d6-71bc-54ea-9942-4202f06895f9,2022-11-29,group,A,,Ecuador,Senegal,ECU,SEN,1,2,,,False,False,,,Khalifa International Stadium
wc_history,World Cup,,2022,WC-d6dca5ac-8844-5fb9-81cc-7b0af026ecd3,2022-11-29,group,A,,Netherlands,Qatar,NLD,QAT,2,0,,,False,False,,,Al Bayt Stadium
wc_history,World Cup,,2022,WC-e9bd9746-e806-5e59-8a9e-fd273be68344,2022-11-29,group,B,,Wales,England,WAL,ENG,0,3,,,False,False,,,Ahmad bin Ali Stadium
wc_history,World Cup,,2022,WC-f53d98ff-57b5-5bdb-aecd-c16a9a946c0e,2022-11-29,group,B,,Iran,United States,IRN,USA,0,1,,,False,False,,,Al Thumama Stadium
wc_history,World Cup,,2022,WC-50162908-36d4-5ac6-a785-19feae267df1,2022-11-30,group,C,,Saudi Arabia,Mexico,SAU,MEX,1,2,,,False,False,,,Lusail Stadium
wc_history,World Cup,,2022,WC-5022444d-f097-5919-861f-3840f63862f1,2022-11-30,group,D,,Tunisia,France,TUN,FRA,1,0,,,False,False,,,Education City Stadium
wc_history,World Cup,,2022,WC-b051eee3-159c-51aa-a38e-54991d7730de,2022-11-30,group,D,,Australia,Denmark,AUS,DNK,1,0,,,False,False,,,Al Janoub Stadium
wc_history,World Cup,,2022,WC-c0fdaf0b-50a5-5cf8-844e-481bc80dc3cd,2022-11-30,group,C,,Poland,Argentina,POL,ARG,0,2,,,False,False,,,Stadium 974
wc_history,World Cup,,2022,WC-632a1024-b5fe-5df0-a1b1-2aebd178f4e4,2022-12-01,group,F,,Croatia,Belgium,HRV,BEL,0,0,,,False,False,,,Ahmad bin Ali Stadium
wc_history,World Cup,,2022,WC-79c20c8a-2cde-5b28-8545-1958d8634524,2022-12-01,group,E,,Costa Rica,Germany,CRI,DEU,2,4,,,False,False,,,Al Bayt Stadium
wc_history,World Cup,,2022,WC-83ae8c6b-c7c7-5ec4-896c-669339c558da,2022-12-01,group,F,,Canada,Morocco,CAN,MAR,1,2,,,False,False,,,Al Thumama Stadium
wc_history,World Cup,,2022,WC-997a12c6-cfee-5615-8365-0d1bd3cc1062,2022-12-01,group,E,,Japan,Spain,JPN,ESP,2,1,,,False,False,,,Khalifa International Stadium
wc_history,World Cup,,2022,WC-4d0adb30-305b-57ae-a8af-efff128560b0,2022-12-02,group,H,,South Korea,Portugal,KOR,PRT,2,1,,,False,False,,,Education City Stadium
wc_history,World Cup,,2022,WC-60799425-edb9-528b-9f6d-12f35be49fb4,2022-12-02,group,H,,Ghana,Uruguay,GHA,URY,0,2,,,False,False,,,Al Janoub Stadium
wc_history,World Cup,,2022,WC-b25393cb-d0d2-5605-a453-1e60986627ac,2022-12-02,group,G,,Serbia,Switzerland,SRB,CHE,2,3,,,False,False,,,Stadium 974
wc_history,World Cup,,2022,WC-fb9a84f5-4400-5e36-8777-446b450c1334,2022-12-02,group,G,,Cameroon,Brazil,CMR,BRA,1,0,,,False,False,,,Lusail Stadium
wc_history,World Cup,,2022,WC-1417452a-dc98-59c2-8e3f-46f1f1c5d175,2022-12-03,round_of_16,,,Argentina,Australia,ARG,AUS,2,1,,,False,False,,,Ahmad bin Ali Stadium
wc_history,World Cup,,2022,WC-6b4c338a-0f2c-5dca-937a-90ff3e98c7db,2022-12-03,round_of_16,,,Netherlands,United States,NLD,USA,3,1,,,False,False,,,Khalifa International Stadium
wc_history,World Cup,,2022,WC-36cb71f7-ffd7-5591-9408-521db32241cc,2022-12-04,round_of_16,,,England,Senegal,ENG,SEN,3,0,,,False,False,,,Al Bayt Stadium
wc_history,World Cup,,2022,WC-91bd493c-f56a-5e35-82b9-09cdcccd6c7d,2022-12-04,round_of_16,,,France,Poland,FRA,POL,3,1,,,False,False,,,Al Thumama Stadium
wc_history,World Cup,,2022,WC-68d6b325-1d50-5d79-b8c4-b71cc62f4956,2022-12-05,round_of_16,,,Brazil,South Korea,BRA,KOR,4,1,,,False,False,,,Stadium 974
wc_history,World Cup,,2022,WC-f48de4b6-64e6-548c-a745-f95e71fc65fa,2022-12-05,round_of_16,,,Japan,Croatia,JPN,HRV,1,1,,,True,True,1,3,Al Janoub Stadium
wc_history,World Cup,,2022,WC-0152a883-b8f6-5656-b596-16bd5050b7ec,2022-12-06,round_of_16,,,Portugal,Switzerland,PRT,CHE,6,1,,,False,False,,,Lusail Stadium
wc_history,World Cup,,2022,WC-c2b900b1-b5f0-5d17-8293-7ffae27d39dd,2022-12-06,round_of_16,,,Morocco,Spain,MAR,ESP,0,0,,,True,True,3,0,Education City Stadium
wc_history,World Cup,,2022,WC-02035e62-390d-517e-98ca-5e52feb17737,2022-12-09,quarter_final,,,Netherlands,Argentina,NLD,ARG,2,2,,,True,True,3,4,Lusail Stadium
wc_history,World Cup,,2022,WC-5dce998c-d59e-559f-a770-aa5bbbd57b3b,2022-12-09,quarter_final,,,Croatia,Brazil,HRV,BRA,1,1,,,True,True,4,2,Education City Stadium
wc_history,World Cup,,2022,WC-0bb0d35e-8394-52d7-8bcd-6a0338e259ef,2022-12-10,quarter_final,,,Morocco,Portugal,MAR,PRT,1,0,,,False,False,,,Al Thumama Stadium
wc_history,World Cup,,2022,WC-889faae7-9a32-56c0-8d17-3895d954a13d,2022-12-10,quarter_final,,,England,France,ENG,FRA,1,2,,,False,False,,,Al Bayt Stadium
wc_history,World Cup,,2022,WC-f4265fb1-3b3d-585f-8b2f-b66948961e31,2022-12-13,semi_final,,,Argentina,Croatia,ARG,HRV,3,0,,,False,False,,,Lusail Stadium
wc_history,World Cup,,2022,WC-05f0c30c-6970-5c63-b0a6-e75b2454ddfb,2022-12-14,semi_final,,,France,Morocco,FRA,MAR,2,0,,,False,False,,,Al Bayt Stadium
wc_history,World Cup,,2022,WC-7c19d83e-44b2-5eeb-b20c-c82ccc8bd6eb,2022-12-17,third-place match,,,Croatia,Morocco,HRV,MAR,2,1,,,False,False,,,Khalifa International Stadium
wc_history,World Cup,,2022,WC-f9033dbf-2547-5e34-a258-0b384fb2926e,2022-12-18,final,,,Argentina,France,ARG,FRA,3,3,,,True,True,4,2,Lusail Stadium
conmebol_qualifiers,WC2026 Qualifiers,CONMEBOL,FIFA World Cup 2026™ CONMEBOL Qualifiers,Q26-CONMEBOL-400017275,2023-09-07,Round One,,1,Paraguay,Peru,PAR,PER,0,0,,,False,False,,,Estadio Antonio Aranda
conmebol_qualifiers,WC2026 Qualifiers,CONMEBOL,FIFA World Cup 2026™ CONMEBOL Qualifiers,Q26-CONMEBOL-400017276,2023-09-07,Round One,,1,Colombia,Venezuela,COL,VEN,1,0,,,False,False,,,Metropolitano Roberto Melendez
conmebol_qualifiers,WC2026 Qualifiers,CONMEBOL,FIFA World Cup 2026™ CONMEBOL Qualifiers,Q26-CONMEBOL-400017277,2023-09-08,Round One,,1,Argentina,Ecuador,ARG,ECU,1,0,,,False,False,,,El Monumental - Estadio Monumental Antonio Vespucio Liberti
conmebol_qualifiers,WC2026 Qualifiers,CONMEBOL,FIFA World Cup 2026™ CONMEBOL Qualifiers,Q26-CONMEBOL-400017278,2023-09-08,Round One,,1,Uruguay,Chile,URU,CHI,3,1,,,False,False,,,Estadio Centenario
conmebol_qualifiers,WC2026 Qualifiers,CONMEBOL,FIFA World Cup 2026™ CONMEBOL Qualifiers,Q26-CONMEBOL-400017279,2023-09-09,Round One,,1,Brazil,Bolivia,BRA,BOL,5,1,,,False,False,,,Mangueirão - Estádio Estadual Jornalista Edgar Proença
conmebol_qualifiers,WC2026 Qualifiers,CONMEBOL,FIFA World Cup 2026™ CONMEBOL Qualifiers,Q26-CONMEBOL-400017280,2023-09-12,Round One,,2,Bolivia,Argentina,BOL,ARG,0,3,,,False,False,,,Estadio Hernando Siles
conmebol_qualifiers,WC2026 Qualifiers,CONMEBOL,FIFA World Cup 2026™ CONMEBOL Qualifiers,Q26-CONMEBOL-400017281,2023-09-12,Round One,,2,Ecuador,Uruguay,ECU,URU,2,1,,,False,False,,,Estadio Rodrigo Paz Delgado
conmebol_qualifiers,WC2026 Qualifiers,CONMEBOL,FIFA World Cup 2026™ CONMEBOL Qualifiers,Q26-CONMEBOL-400017284,2023-09-12,Round One,,2,Venezuela,Paraguay,VEN,PAR,1,0,,,False,False,,,Estadio Monumental de Maturin
conmebol_qualifiers,WC2026 Qualifiers,CONMEBOL,FIFA World Cup 2026™ CONMEBOL Qualifiers,Q26-CONMEBOL-400017282,2023-09-13,Round One,,2,Chile,Colombia,CHI,COL,0,0,,,False,False,,,Estadio Monumental David Arellano
conmebol_qualifiers,WC2026 Qualifiers,CONMEBOL,FIFA World Cup 2026™ CONMEBOL Qualifiers,Q26-CONMEBOL-400017283,2023-09-13,Round One,,2,Peru,Brazil,PER,BRA,0,1,,,False,False,,,Estadio Nacional
afc_qualifiers,WC2026 Qualifiers,AFC,FIFA World Cup 2026™ AFC Qualifiers,Q26-AFC-400017152,2023-10-12,Round One,,,Myanmar,Macau,MYA,MAC,5,1,,,False,False,,,Thuwunna YTC Stadium
afc_qualifiers,WC2026 Qualifiers,AFC,FIFA World Cup 2026™ AFC Qualifiers,Q26-AFC-400017148,2023-10-12,Round One,,,Chinese Taipei,Timor-Leste,TPE,TLS,4,0,,,False,False,,,National Stadium
afc_qualifiers,WC2026 Qualifiers,AFC,FIFA World Cup 2026™ AFC Qualifiers,Q26-AFC-400017151,2023-10-12,Round One,,,Maldives,Bangladesh,MDV,BAN,1,1,,,False,False,,,Rasmee Dhandu (Galolhu) National Stadium
afc_qualifiers,WC2026 Qualifiers,AFC,FIFA World Cup 2026™ AFC Qualifiers,Q26-AFC-400017154,2023-10-12,Round One,,,Singapore,Guam,SGP,GUM,2,1,,,False,False,,,National Stadium
afc_qualifiers,WC2026 Qualifiers,AFC,FIFA World Cup 2026™ AFC Qualifiers,Q26-AFC-400017153,2023-10-12,Round One,,,Nepal,Laos,NEP,LAO,1,1,,,False,False,,,Dasharath Rangasala Stadium
afc_qualifiers,WC2026 Qualifiers,AFC,FIFA World Cup 2026™ AFC Qualifiers,Q26-AFC-400017149,2023-10-12,Round One,,,Hong Kong,Bhutan,HKG,BHU,4,0,,,False,False,,,Hong Kong Stadium
afc_qualifiers,WC2026 Qualifiers,AFC,FIFA World Cup 2026™ AFC Qualifiers,Q26-AFC-400017150,2023-10-12,Round One,,,Indonesia,Brunei,IDN,BRU,6,0,,,False,False,,,Gelora Bung Karno Stadium
afc_qualifiers,WC2026 Qualifiers,AFC,FIFA World Cup 2026™ AFC Qualifiers,Q26-AFC-400017156,2023-10-12,Round One,,,Cambodia,Pakistan,CAM,PAK,0,0,,,False,False,,,National Sports Complex (Olympic Stadium)
afc_qualifiers,WC2026 Qualifiers,AFC,FIFA World Cup 2026™ AFC Qualifiers,Q26-AFC-400017147,2023-10-12,Round One,,,Afghanistan,Mongolia,AFG,MNG,1,0,,,False,False,,,Central Republican Stadium
afc_qualifiers,WC2026 Qualifiers,AFC,FIFA World Cup 2026™ AFC Qualifiers,Q26-AFC-400017155,2023-10-12,Round One,,,Yemen,Sri Lanka,YEM,SRI,3,0,,,False,False,,,Damac Club Stadium
conmebol_qualifiers,WC2026 Qualifiers,CONMEBOL,FIFA World Cup 2026™ CONMEBOL Qualifiers,Q26-CONMEBOL-400017342,2023-10-12,Round One,,3,Colombia,Uruguay,COL,URU,2,2,,,False,False,,,Metropolitano Roberto Melendez
conmebol_qualifiers,WC2026 Qualifiers,CONMEBOL,FIFA World Cup 2026™ CONMEBOL Qualifiers,Q26-CONMEBOL-400017345,2023-10-12,Round One,,3,Bolivia,Ecuador,BOL,ECU,1,2,,,False,False,,,Estadio Hernando Siles
conmebol_qualifiers,WC2026 Qualifiers,CONMEBOL,FIFA World Cup 2026™ CONMEBOL Qualifiers,Q26-CONMEBOL-400017343,2023-10-12,Round One,,3,Argentina,Paraguay,ARG,PAR,1,0,,,False,False,,,El Monumental - Estadio Monumental Antonio Vespucio Liberti
conmebol_qualifiers,WC2026 Qualifiers,CONMEBOL,FIFA World Cup 2026™ CONMEBOL Qualifiers,Q26-CONMEBOL-400017347,2023-10-13,Round One,,3,Chile,Peru,CHI,PER,2,0,,,False,False,,,Estadio Monumental David Arellano
conmebol_qualifiers,WC2026 Qualifiers,CONMEBOL,FIFA World Cup 2026™ CONMEBOL Qualifiers,Q26-CONMEBOL-400017350,2023-10-13,Round One,,3,Brazil,Venezuela,BRA,VEN,1,1,,,False,False,,,Arena Pantanal
afc_qualifiers,WC2026 Qualifiers,AFC,FIFA World Cup 2026™ AFC Qualifiers,Q26-AFC-400017158,2023-10-17,Round One,,,Guam,Singapore,GUM,SGP,0,1,,,False,False,,,Guam FA Field
afc_qualifiers,WC2026 Qualifiers,AFC,FIFA World Cup 2026™ AFC Qualifiers,Q26-AFC-400017159,2023-10-17,Round One,,,Mongolia,Afghanistan,MNG,AFG,0,1,,,False,False,,,MFF Football Centre
afc_qualifiers,WC2026 Qualifiers,AFC,FIFA World Cup 2026™ AFC Qualifiers,Q26-AFC-400017164,2023-10-17,Round One,,,Pakistan,Cambodia,PAK,CAM,1,0,,,False,False,,,Jinnah Sports Stadium
afc_qualifiers,WC2026 Qualifiers,AFC,FIFA World Cup 2026™ AFC Qualifiers,Q26-AFC-400017165,2023-10-17,Round One,,,Sri Lanka,Yemen,SRI,YEM,1,1,,,False,False,,,Racecourse Sports Complex
afc_qualifiers,WC2026 Qualifiers,AFC,FIFA World Cup 2026™ AFC Qualifiers,Q26-AFC-400017166,2023-10-17,Round One,,,Timor-Leste,Chinese Taipei,TLS,TPE,0,3,,,False,False,,,National Stadium
afc_qualifiers,WC2026 Qualifiers,AFC,FIFA World Cup 2026™ AFC Qualifiers,Q26-AFC-400017163,2023-10-17,Round One,,,Macau,Myanmar,MAC,MYA,0,0,,,False,False,,,Macau Olympic Complex
afc_qualifiers,WC2026 Qualifiers,AFC,FIFA World Cup 2026™ AFC Qualifiers,Q26-AFC-400017160,2023-10-17,Round One,,,Bangladesh,Maldives,BAN,MDV,2,1,,,False,False,,,Bashundhara Kings Arena
afc_qualifiers,WC2026 Qualifiers,AFC,FIFA World Cup 2026™ AFC Qualifiers,Q26-AFC-400017157,2023-10-17,Round One,,,Bhutan,Hong Kong,BHU,HKG,2,0,,,False,False,,,Changlimithang Stadium
afc_qualifiers,WC2026 Qualifiers,AFC,FIFA World Cup 2026™ AFC Qualifiers,Q26-AFC-400017162,2023-10-17,Round One,,,Laos,Nepal,LAO,NEP,0,1,,,False,False,,,New Laos National Stadium
afc_qualifiers,WC2026 Qualifiers,AFC,FIFA World Cup 2026™ AFC Qualifiers,Q26-AFC-400017161,2023-10-17,Round One,,,Brunei,Indonesia,BRU,IDN,0,6,,,False,False,,,Hassanal Bolkiah National Stadium
conmebol_qualifiers,WC2026 Qualifiers,CONMEBOL,FIFA World Cup 2026™ CONMEBOL Qualifiers,Q26-CONMEBOL-400017349,2023-10-17,Round One,,4,Venezuela,Chile,VEN,CHI,3,0,,,False,False,,,Estadio Monumental de Maturin
conmebol_qualifiers,WC2026 Qualifiers,CONMEBOL,FIFA World Cup 2026™ CONMEBOL Qualifiers,Q26-CONMEBOL-400017341,2023-10-17,Round One,,4,Paraguay,Bolivia,PAR,BOL,1,0,,,False,False,,,Estadio Defensores del Chaco
conmebol_qualifiers,WC2026 Qualifiers,CONMEBOL,FIFA World Cup 2026™ CONMEBOL Qualifiers,Q26-CONMEBOL-400017346,2023-10-17,Round One,,4,Ecuador,Colombia,ECU,COL,0,0,,,False,False,,,Estadio Rodrigo Paz Delgado
conmebol_qualifiers,WC2026 Qualifiers,CONMEBOL,FIFA World Cup 2026™ CONMEBOL Qualifiers,Q26-CONMEBOL-400017344,2023-10-18,Round One,,4,Uruguay,Brazil,URU,BRA,2,0,,,False,False,,,Estadio Centenario
conmebol_qualifiers,WC2026 Qualifiers,CONMEBOL,FIFA World Cup 2026™ CONMEBOL Qualifiers,Q26-CONMEBOL-400017348,2023-10-18,Round One,,4,Peru,Argentina,PER,ARG,0,2,,,False,False,,,Estadio Nacional
caf_qualifiers,WC2026 Qualifiers,CAF,FIFA World Cup 2026™ CAF Qualifiers,Q26-CAF-400017591,2023-11-15,Round One,C,1,Rwanda,Zimbabwe,RWA,ZIM,0,0,,,False,False,,,Stade Huye
caf_qualifiers,WC2026 Qualifiers,CAF,FIFA World Cup 2026™ CAF Qualifiers,Q26-CAF-400017584,2023-11-15,Round One,B,1,Congo DR,Mauritania,COD,MTN,2,0,,,False,False,,,Stade de Martyrs
caf_qualifiers,WC2026 Qualifiers,CAF,FIFA World Cup 2026™ CAF Qualifiers,Q26-CAF-400017580,2023-11-15,Round One,A,1,Ethiopia,Sierra Leone,ETH,SLE,0,0,,,False,False,,,Stade El Abdi
afc_qualifiers,WC2026 Qualifiers,AFC,FIFA World Cup 2026™ AFC Qualifiers,Q26-AFC-400017269,2023-11-16,Round Two,I,1,Australia,Bangladesh,AUS,BAN,7,0,,,False,False,,,Melbourne Rectangular Stadium
afc_qualifiers,WC2026 Qualifiers,AFC,FIFA World Cup 2026™ AFC Qualifiers,Q26-AFC-400017254,2023-11-16,Round Two,B,1,Japan,Myanmar,JPN,MYA,5,0,,,False,False,,,Suita City Football Stadium
afc_qualifiers,WC2026 Qualifiers,AFC,FIFA World Cup 2026™ AFC Qualifiers,Q26-AFC-400017211,2023-11-16,Round Two,F,1,Philippines,Vietnam,PHI,VIE,0,2,,,False,False,,,Rizal Memorial Stadium
afc_qualifiers,WC2026 Qualifiers,AFC,FIFA World Cup 2026™ AFC Qualifiers,Q26-AFC-400017245,2023-11-16,Round Two,C,1,Korea Republic,Singapore,KOR,SGP,5,0,,,False,False,,,Seoul World Cup Stadium
afc_qualifiers,WC2026 Qualifiers,AFC,FIFA World Cup 2026™ AFC Qualifiers,Q26-AFC-400017249,2023-11-16,Round Two,C,1,Thailand,China PR,THA,CHN,1,2,,,False,False,,,Rajamangala National Stadium
afc_qualifiers,WC2026 Qualifiers,AFC,FIFA World Cup 2026™ AFC Qualifiers,Q26-AFC-400017232,2023-11-16,Round Two,D,1,Malaysia,Kyrgyz Republic,MAS,KGZ,4,3,,,False,False,,,Bukit Jalil National Stadium
afc_qualifiers,WC2026 Qualifiers,AFC,FIFA World Cup 2026™ AFC Qualifiers,Q26-AFC-400017201,2023-11-16,Round Two,G,1,Tajikistan,Jordan,TJK,JOR,1,1,,,False,False,,,Central Republican Stadium
afc_qualifiers,WC2026 Qualifiers,AFC,FIFA World Cup 2026™ AFC Qualifiers,Q26-AFC-400017223,2023-11-16,Round Two,E,1,Turkmenistan,Uzbekistan,TKM,UZB,1,3,,,False,False,,,Ashgabat Stadium
afc_qualifiers,WC2026 Qualifiers,AFC,FIFA World Cup 2026™ AFC Qualifiers,Q26-AFC-400017268,2023-11-16,Round Two,I,1,Lebanon,Palestine,LBN,PLE,0,0,,,False,False,,,Khalid Bin Mohammed Stadium
afc_qualifiers,WC2026 Qualifiers,AFC,FIFA World Cup 2026™ AFC Qualifiers,Q26-AFC-400017218,2023-11-16,Round Two,E,1,IR Iran,Hong Kong,IRN,HKG,4,0,,,False,False,,,Azadi Stadium
afc_qualifiers,WC2026 Qualifiers,AFC,FIFA World Cup 2026™ AFC Qualifiers,Q26-AFC-400017206,2023-11-16,Round Two,F,1,Iraq,Indonesia,IRQ,IDN,5,1,,,False,False,,,Basra International Stadium
afc_qualifiers,WC2026 Qualifiers,AFC,FIFA World Cup 2026™ AFC Qualifiers,Q26-AFC-400017233,2023-11-16,Round Two,D,1,Oman,Chinese Taipei,OMA,TPE,3,0,,,False,False,,,Boshar - Sultan Qaboos Sports Complex
afc_qualifiers,WC2026 Qualifiers,AFC,FIFA World Cup 2026™ AFC Qualifiers,Q26-AFC-400017188,2023-11-16,Round Two,H,1,United Arab Emirates,Nepal,UAE,NEP,4,0,,,False,False,,,Al Maktoum Stadium
afc_qualifiers,WC2026 Qualifiers,AFC,FIFA World Cup 2026™ AFC Qualifiers,Q26-AFC-400017176,2023-11-16,Round Two,A,1,Qatar,Afghanistan,QAT,AFG,8,1,,,False,False,,,Khalifa International Stadium
afc_qualifiers,WC2026 Qualifiers,AFC,FIFA World Cup 2026™ AFC Qualifiers,Q26-AFC-400017197,2023-11-16,Round Two,G,1,Saudi Arabia,Pakistan,KSA,PAK,4,0,,,False,False,,,Al-Fateh Club Stadium
afc_qualifiers,WC2026 Qualifiers,AFC,FIFA World Cup 2026™ AFC Qualifiers,Q26-AFC-400017174,2023-11-16,Round Two,A,1,Kuwait,India,KUW,IND,0,1,,,False,False,,,Jaber Al-Ahmad International Stadium
afc_qualifiers,WC2026 Qualifiers,AFC,FIFA World Cup 2026™ AFC Qualifiers,Q26-AFC-400017259,2023-11-16,Round Two,B,1,Syria,Korea DPR,SYR,PRK,1,0,,,False,False,,,Prince Abdullah Al-Faisal Stadium
afc_qualifiers,WC2026 Qualifiers,AFC,FIFA World Cup 2026™ AFC Qualifiers,Q26-AFC-400017181,2023-11-16,Round Two,H,1,Yemen,Bahrain,YEM,BHR,0,2,,,False,False,,,Prince Sultan bin Abdulaziz Sports City Stadium
caf_qualifiers,WC2026 Qualifiers,CAF,FIFA World Cup 2026™ CAF Qualifiers,Q26-CAF-400017610,2023-11-16,Round One,F,1,Burundi,The Gambia,BDI,GAM,3,2,,,False,False,,,Benjamin Mkapa (National Stadium)
caf_qualifiers,WC2026 Qualifiers,CAF,FIFA World Cup 2026™ CAF Qualifiers,Q26-CAF-400017616,2023-11-16,Round One,G,1,Botswana,Mozambique,BOT,MOZ,2,3,,,False,False,,,Obed Itani Chilume Stadium
caf_qualifiers,WC2026 Qualifiers,CAF,FIFA World Cup 2026™ CAF Qualifiers,Q26-CAF-400017583,2023-11-16,Round One,B,1,Sudan,Togo,SDN,TOG,1,1,,,False,False,,,Benina Martyrs Stadium
caf_qualifiers,WC2026 Qualifiers,CAF,FIFA World Cup 2026™ CAF Qualifiers,Q26-CAF-400017577,2023-11-16,Round One,A,1,Egypt,Djibouti,EGY,DJI,6,0,,,False,False,,,Cairo International Stadium
caf_qualifiers,WC2026 Qualifiers,CAF,FIFA World Cup 2026™ CAF Qualifiers,Q26-CAF-400017607,2023-11-16,Round One,F,1,Gabon,Kenya,GAB,KEN,2,1,,,False,False,,,Stade de Franceville
caf_qualifiers,WC2026 Qualifiers,CAF,FIFA World Cup 2026™ CAF Qualifiers,Q26-CAF-400017614,2023-11-16,Round One,G,1,Algeria,Somalia,ALG,SOM,3,1,,,False,False,,,Stade Nelson Mandela
caf_qualifiers,WC2026 Qualifiers,CAF,FIFA World Cup 2026™ CAF Qualifiers,Q26-CAF-400017589,2023-11-16,Round One,C,1,Nigeria,Lesotho,NGA,LES,1,1,,,False,False,,,Godswill Akpabio International Stadium
caf_qualifiers,WC2026 Qualifiers,CAF,FIFA World Cup 2026™ CAF Qualifiers,Q26-CAF-400017594,2023-11-16,Round One,D,1,Cabo Verde,Angola,CPV,ANG,0,0,,,False,False,,,Estádio Nacional de Cabo Verde
conmebol_qualifiers,WC2026 Qualifiers,CONMEBOL,FIFA World Cup 2026™ CONMEBOL Qualifiers,Q26-CONMEBOL-400017641,2023-11-16,Round One,,5,Bolivia,Peru,BOL,PER,2,0,,,False,False,,,Estadio Hernando Siles
conmebol_qualifiers,WC2026 Qualifiers,CONMEBOL,FIFA World Cup 2026™ CONMEBOL Qualifiers,Q26-CONMEBOL-400017645,2023-11-16,Round One,,5,Venezuela,Ecuador,VEN,ECU,0,0,,,False,False,,,Estadio Monumental de Maturin
caf_qualifiers,WC2026 Qualifiers,CAF,FIFA World Cup 2026™ CAF Qualifiers,Q26-CAF-400017597,2023-11-17,Round One,D,1,Eswatini,Libya,SWZ,LBY,0,1,,,False,False,,,Mbombela Stadium
caf_qualifiers,WC2026 Qualifiers,CAF,FIFA World Cup 2026™ CAF Qualifiers,Q26-CAF-400017627,2023-11-17,Round One,I,1,Comoros,Central African Republic,COM,CTA,4,2,,,False,False,,,Stade de Moroni
caf_qualifiers,WC2026 Qualifiers,CAF,FIFA World Cup 2026™ CAF Qualifiers,Q26-CAF-400017612,2023-11-17,Round One,G,1,Guinea,Uganda,GUI,UGA,2,1,,,False,False,,,Stade Municipal de Berkane
caf_qualifiers,WC2026 Qualifiers,CAF,FIFA World Cup 2026™ CAF Qualifiers,Q26-CAF-400017622,2023-11-17,Round One,H,1,Liberia,Malawi,LBR,MWI,0,1,,,False,False,,,Samuel Kanyon Doe Sports Complex
caf_qualifiers,WC2026 Qualifiers,CAF,FIFA World Cup 2026™ CAF Qualifiers,Q26-CAF-400017602,2023-11-17,Round One,E,1,Zambia,Congo,ZAM,CGO,4,2,,,False,False,,,Levy Mwanawasa Stadium
caf_qualifiers,WC2026 Qualifiers,CAF,FIFA World Cup 2026™ CAF Qualifiers,Q26-CAF-400017624,2023-11-17,Round One,I,1,Ghana,Madagascar,GHA,MAD,1,0,,,False,False,,,Baba Yara Stadium
caf_qualifiers,WC2026 Qualifiers,CAF,FIFA World Cup 2026™ CAF Qualifiers,Q26-CAF-400017595,2023-11-17,Round One,D,1,Cameroon,Mauritius,CMR,MRI,3,0,,,False,False,,,Japoma Stadium
caf_qualifiers,WC2026 Qualifiers,CAF,FIFA World Cup 2026™ CAF Qualifiers,Q26-CAF-400017620,2023-11-17,Round One,H,1,Tunisia,São Tomé and Príncipe,TUN,STP,4,0,,,False,False,,,Stade Hammadi Agrebi
caf_qualifiers,WC2026 Qualifiers,CAF,FIFA World Cup 2026™ CAF Qualifiers,Q26-CAF-400017576,2023-11-17,Round One,A,1,Burkina Faso,Guinea-Bissau,BFA,GNB,1,1,,,False,False,,,Marrakech Stadium
caf_qualifiers,WC2026 Qualifiers,CAF,FIFA World Cup 2026™ CAF Qualifiers,Q26-CAF-400017625,2023-11-17,Round One,I,1,Mali,Chad,MLI,CHA,3,1,,,False,False,,,Stade du 26 mars (National Stadium)
caf_qualifiers,WC2026 Qualifiers,CAF,FIFA World Cup 2026™ CAF Qualifiers,Q26-CAF-400017608,2023-11-17,Round One,F,1,Côte d'Ivoire,Seychelles,CIV,SEY,9,0,,,False,False,,,Stade Olympique d'Ebimpé
conmebol_qualifiers,WC2026 Qualifiers,CONMEBOL,FIFA World Cup 2026™ CONMEBOL Qualifiers,Q26-CONMEBOL-400017647,2023-11-17,Round One,,5,Argentina,Uruguay,ARG,URU,0,2,,,False,False,,,La Bombonera - Estadio Alberto J. Armando
conmebol_qualifiers,WC2026 Qualifiers,CONMEBOL,FIFA World Cup 2026™ CONMEBOL Qualifiers,Q26-CONMEBOL-400017639,2023-11-17,Round One,,5,Colombia,Brazil,COL,BRA,2,1,,,False,False,,,Metropolitano Roberto Melendez
conmebol_qualifiers,WC2026 Qualifiers,CONMEBOL,FIFA World Cup 2026™ CONMEBOL Qualifiers,Q26-CONMEBOL-400017643,2023-11-17,Round One,,5,Chile,Paraguay,CHI,PAR,0,0,,,False,False,,,Estadio Monumental David Arellano
caf_qualifiers,WC2026 Qualifiers,CAF,FIFA World Cup 2026™ CAF Qualifiers,Q26-CAF-400017588,2023-11-18,Round One,C,1,South Africa,Benin,RSA,BEN,2,1,,,False,False,,,Moses Mabhida Stadium 
caf_qualifiers,WC2026 Qualifiers,CAF,FIFA World Cup 2026™ CAF Qualifiers,Q26-CAF-400017600,2023-11-18,Round One,E,1,Niger,Tanzania,NIG,TAN,0,1,,,False,False,,,Marrakech Stadium
caf_qualifiers,WC2026 Qualifiers,CAF,FIFA World Cup 2026™ CAF Qualifiers,Q26-CAF-400017585,2023-11-18,Round One,B,1,Senegal,South Sudan,SEN,SSD,4,0,,,False,False,,,Stade Me Abdoulaye Wade
caf_qualifiers,WC2026 Qualifiers,CAF,FIFA World Cup 2026™ CAF Qualifiers,Q26-CAF-400017592,2023-11-19,Round One,C,2,Zimbabwe,Nigeria,ZIM,NGA,1,1,,,False,False,,,Stade Huye
caf_qualifiers,WC2026 Qualifiers,CAF,FIFA World Cup 2026™ CAF Qualifiers,Q26-CAF-400017609,2023-11-19,Round One,F,2,Burundi,Gabon,BDI,GAB,1,2,,,False,False,,,Benjamin Mkapa (National Stadium)
caf_qualifiers,WC2026 Qualifiers,CAF,FIFA World Cup 2026™ CAF Qualifiers,Q26-CAF-400017617,2023-11-19,Round One,G,2,Mozambique,Algeria,MOZ,ALG,0,2,,,False,False,,,Estadio do Zimpeto
caf_qualifiers,WC2026 Qualifiers,CAF,FIFA World Cup 2026™ CAF Qualifiers,Q26-CAF-400017581,2023-11-19,Round One,A,2,Sierra Leone,Egypt,SLE,EGY,0,2,,,False,False,,,Samuel Kanyon Doe Sports Complex
caf_qualifiers,WC2026 Qualifiers,CAF,FIFA World Cup 2026™ CAF Qualifiers,Q26-CAF-400017582,2023-11-19,Round One,B,2,Sudan,Congo DR,SDN,COD,1,0,,,False,False,,,Benina Martyrs Stadium
caf_qualifiers,WC2026 Qualifiers,CAF,FIFA World Cup 2026™ CAF Qualifiers,Q26-CAF-400017578,2023-11-20,Round One,A,2,Djibouti,Guinea-Bissau,DJI,GNB,0,1,,,False,False,,,Cairo International Stadium
caf_qualifiers,WC2026 Qualifiers,CAF,FIFA World Cup 2026™ CAF Qualifiers,Q26-CAF-400017606,2023-11-20,Round One,F,2,The Gambia,Côte d'Ivoire,GAM,CIV,0,2,,,False,False,,,Benjamin Mkapa (National Stadium)
caf_qualifiers,WC2026 Qualifiers,CAF,FIFA World Cup 2026™ CAF Qualifiers,Q26-CAF-400017611,2023-11-20,Round One,F,2,Seychelles,Kenya,SEY,KEN,0,5,,,False,False,,,Stade Felix Houphouet-Boigny
caf_qualifiers,WC2026 Qualifiers,CAF,FIFA World Cup 2026™ CAF Qualifiers,Q26-CAF-400017629,2023-11-20,Round One,I,2,Chad,Madagascar,CHA,MAD,0,3,,,False,False,,,Stade Municipal
caf_qualifiers,WC2026 Qualifiers,CAF,FIFA World Cup 2026™ CAF Qualifiers,Q26-CAF-400017626,2023-11-20,Round One,I,2,Mali,Central African Republic,MLI,CTA,1,1,,,False,False,,,Stade du 26 mars (National Stadium)
afc_qualifiers,WC2026 Qualifiers,AFC,FIFA World Cup 2026™ AFC Qualifiers,Q26-AFC-400017193,2023-11-21,Round Two,G,2,Pakistan,Tajikistan,PAK,TJK,1,6,,,False,False,,,Jinnah Sports Stadium
afc_qualifiers,WC2026 Qualifiers,AFC,FIFA World Cup 2026™ AFC Qualifiers,Q26-AFC-400017252,2023-11-21,Round Two,B,2,Myanmar,Korea DPR,MYA,PRK,1,6,,,False,False,,,Thuwunna YTC Stadium
afc_qualifiers,WC2026 Qualifiers,AFC,FIFA World Cup 2026™ AFC Qualifiers,Q26-AFC-400017227,2023-11-21,Round Two,D,2,Chinese Taipei,Malaysia,TPE,MAS,0,1,,,False,False,,,Municipal Stadium
afc_qualifiers,WC2026 Qualifiers,AFC,FIFA World Cup 2026™ AFC Qualifiers,Q26-AFC-400017204,2023-11-21,Round Two,F,2,Philippines,Indonesia,PHI,IDN,1,1,,,False,False,,,Rizal Memorial Stadium
afc_qualifiers,WC2026 Qualifiers,AFC,FIFA World Cup 2026™ AFC Qualifiers,Q26-AFC-400017263,2023-11-21,Round Two,I,2,Bangladesh,Lebanon,BAN,LBN,1,1,,,False,False,,,Bashundhara Kings Arena
afc_qualifiers,WC2026 Qualifiers,AFC,FIFA World Cup 2026™ AFC Qualifiers,Q26-AFC-400017241,2023-11-21,Round Two,C,2,Singapore,Thailand,SGP,THA,1,3,,,False,False,,,National Stadium
afc_qualifiers,WC2026 Qualifiers,AFC,FIFA World Cup 2026™ AFC Qualifiers,Q26-AFC-400017216,2023-11-21,Round Two,E,2,Hong Kong,Turkmenistan,HKG,TKM,2,2,,,False,False,,,Hong Kong Stadium
afc_qualifiers,WC2026 Qualifiers,AFC,FIFA World Cup 2026™ AFC Qualifiers,Q26-AFC-400017243,2023-11-21,Round Two,C,2,China PR,Korea Republic,CHN,KOR,0,3,,,False,False,,,Shenzhen Universiade Sports Centre
afc_qualifiers,WC2026 Qualifiers,AFC,FIFA World Cup 2026™ AFC Qualifiers,Q26-AFC-400017213,2023-11-21,Round Two,F,2,Vietnam,Iraq,VIE,IRQ,0,1,,,False,False,,,My Dinh National Stadium
afc_qualifiers,WC2026 Qualifiers,AFC,FIFA World Cup 2026™ AFC Qualifiers,Q26-AFC-400017225,2023-11-21,Round Two,E,2,Uzbekistan,IR Iran,UZB,IRN,2,2,,,False,False,,,Milliy Stadium
afc_qualifiers,WC2026 Qualifiers,AFC,FIFA World Cup 2026™ AFC Qualifiers,Q26-AFC-400017179,2023-11-21,Round Two,H,2,Nepal,Yemen,NEP,YEM,0,2,,,False,False,,,Dasharath Rangasala Stadium
afc_qualifiers,WC2026 Qualifiers,AFC,FIFA World Cup 2026™ AFC Qualifiers,Q26-AFC-400017172,2023-11-21,Round Two,A,2,India,Qatar,IND,QAT,0,3,,,False,False,,,Kalinga Stadium
afc_qualifiers,WC2026 Qualifiers,AFC,FIFA World Cup 2026™ AFC Qualifiers,Q26-AFC-400017238,2023-11-21,Round Two,D,2,Kyrgyz Republic,Oman,KGZ,OMA,1,0,,,False,False,,,Dolen Omurzakov Stadium
afc_qualifiers,WC2026 Qualifiers,AFC,FIFA World Cup 2026™ AFC Qualifiers,Q26-AFC-400017274,2023-11-21,Round Two,I,2,Palestine,Australia,PLE,AUS,0,1,,,False,False,,,Jaber Al-Ahmad International Stadium
afc_qualifiers,WC2026 Qualifiers,AFC,FIFA World Cup 2026™ AFC Qualifiers,Q26-AFC-400017261,2023-11-21,Round Two,B,2,Syria,Japan,SYR,JPN,0,5,,,False,False,,,Prince Abdullah Al-Faisal Stadium
afc_qualifiers,WC2026 Qualifiers,AFC,FIFA World Cup 2026™ AFC Qualifiers,Q26-AFC-400017187,2023-11-21,Round Two,H,2,Bahrain,United Arab Emirates,BHR,UAE,0,2,,,False,False,,,Bahrain National Stadium
afc_qualifiers,WC2026 Qualifiers,AFC,FIFA World Cup 2026™ AFC Qualifiers,Q26-AFC-400017195,2023-11-21,Round Two,G,2,Jordan,Saudi Arabia,JOR,KSA,0,2,,,False,False,,,Amman International Stadium
afc_qualifiers,WC2026 Qualifiers,AFC,FIFA World Cup 2026™ AFC Qualifiers,Q26-AFC-400017168,2023-11-21,Round Two,A,2,Afghanistan,Kuwait,AFG,KUW,0,4,,,False,False,,,Prince Mohammed Bin Fahad Bin Abdul Aziz
caf_qualifiers,WC2026 Qualifiers,CAF,FIFA World Cup 2026™ CAF Qualifiers,Q26-CAF-400017590,2023-11-21,Round One,C,2,Rwanda,South Africa,RWA,RSA,2,0,,,False,False,,,Stade Huye
caf_qualifiers,WC2026 Qualifiers,CAF,FIFA World Cup 2026™ CAF Qualifiers,Q26-CAF-400017579,2023-11-21,Round One,A,2,Ethiopia,Burkina Faso,ETH,BFA,0,3,,,False,False,,,Stade El Abdi
caf_qualifiers,WC2026 Qualifiers,CAF,FIFA World Cup 2026™ CAF Qualifiers,Q26-CAF-400017593,2023-11-21,Round One,C,2,Lesotho,Benin,LES,BEN,0,0,,,False,False,,,Moses Mabhida Stadium 
caf_qualifiers,WC2026 Qualifiers,CAF,FIFA World Cup 2026™ CAF Qualifiers,Q26-CAF-400017623,2023-11-21,Round One,H,2,Malawi,Tunisia,MWI,TUN,0,1,,,False,False,,,Bingu National Stadium
caf_qualifiers,WC2026 Qualifiers,CAF,FIFA World Cup 2026™ CAF Qualifiers,Q26-CAF-400017615,2023-11-21,Round One,G,2,Botswana,Guinea,BOT,GUI,1,0,,,False,False,,,Obed Itani Chilume Stadium
caf_qualifiers,WC2026 Qualifiers,CAF,FIFA World Cup 2026™ CAF Qualifiers,Q26-CAF-400017613,2023-11-21,Round One,G,2,Somalia,Uganda,SOM,UGA,0,1,,,False,False,,,Stade Municipal de Berkane
caf_qualifiers,WC2026 Qualifiers,CAF,FIFA World Cup 2026™ CAF Qualifiers,Q26-CAF-400017596,2023-11-21,Round One,D,2,Eswatini,Cabo Verde,SWZ,CPV,0,2,,,False,False,,,Mbombela Stadium
caf_qualifiers,WC2026 Qualifiers,CAF,FIFA World Cup 2026™ CAF Qualifiers,Q26-CAF-400017586,2023-11-21,Round One,B,2,South Sudan,Mauritania,SSD,MTN,0,0,,,False,False,,,Stade Me Abdoulaye Wade
caf_qualifiers,WC2026 Qualifiers,CAF,FIFA World Cup 2026™ CAF Qualifiers,Q26-CAF-400017587,2023-11-21,Round One,B,2,Togo,Senegal,TOG,SEN,0,0,,,False,False,,,Stade de Kégué
caf_qualifiers,WC2026 Qualifiers,CAF,FIFA World Cup 2026™ CAF Qualifiers,Q26-CAF-400017598,2023-11-21,Round One,D,2,Mauritius,Angola,MRI,ANG,0,0,,,False,False,,,Côte d'Or National Sports Complex
caf_qualifiers,WC2026 Qualifiers,CAF,FIFA World Cup 2026™ CAF Qualifiers,Q26-CAF-400017618,2023-11-21,Round One,H,2,São Tomé and Príncipe,Namibia,STP,NAM,0,2,,,False,False,,,Agadir Stadium
caf_qualifiers,WC2026 Qualifiers,CAF,FIFA World Cup 2026™ CAF Qualifiers,Q26-CAF-400017628,2023-11-21,Round One,I,2,Comoros,Ghana,COM,GHA,1,0,,,False,False,,,Stade de Moroni
caf_qualifiers,WC2026 Qualifiers,CAF,FIFA World Cup 2026™ CAF Qualifiers,Q26-CAF-400017599,2023-11-21,Round One,D,2,Libya,Cameroon,LBY,CMR,1,1,,,False,False,,,Benina Martyrs Stadium
caf_qualifiers,WC2026 Qualifiers,CAF,FIFA World Cup 2026™ CAF Qualifiers,Q26-CAF-400017605,2023-11-21,Round One,E,2,Tanzania,Morocco,TAN,MAR,0,2,,,False,False,,,Benjamin Mkapa (National Stadium)
caf_qualifiers,WC2026 Qualifiers,CAF,FIFA World Cup 2026™ CAF Qualifiers,Q26-CAF-400017601,2023-11-21,Round One,E,2,Niger,Zambia,NIG,ZAM,2,1,,,False,False,,,Marrakech Stadium
conmebol_qualifiers,WC2026 Qualifiers,CONMEBOL,FIFA World Cup 2026™ CONMEBOL Qualifiers,Q26-CONMEBOL-400017646,2023-11-21,Round One,,6,Paraguay,Colombia,PAR,COL,0,1,,,False,False,,,Estadio Defensores del Chaco
conmebol_qualifiers,WC2026 Qualifiers,CONMEBOL,FIFA World Cup 2026™ CONMEBOL Qualifiers,Q26-CONMEBOL-400017640,2023-11-21,Round One,,6,Uruguay,Bolivia,URU,BOL,3,0,,,False,False,,,Estadio Centenario
conmebol_qualifiers,WC2026 Qualifiers,CONMEBOL,FIFA World Cup 2026™ CONMEBOL Qualifiers,Q26-CONMEBOL-400017642,2023-11-21,Round One,,6,Ecuador,Chile,ECU,CHI,1,0,,,False,False,,,Estadio Rodrigo Paz Delgado
conmebol_qualifiers,WC2026 Qualifiers,CONMEBOL,FIFA World Cup 2026™ CONMEBOL Qualifiers,Q26-CONMEBOL-400017648,2023-11-22,Round One,,6,Brazil,Argentina,BRA,ARG,0,1,,,False,False,,,Maracanã - Estádio Jornalista Mário Filho
conmebol_qualifiers,WC2026 Qualifiers,CONMEBOL,FIFA World Cup 2026™ CONMEBOL Qualifiers,Q26-CONMEBOL-400017644,2023-11-22,Round One,,6,Peru,Venezuela,PER,VEN,1,1,,,False,False,,,Estadio Nacional
afc_qualifiers,WC2026 Qualifiers,AFC,FIFA World Cup 2026™ AFC Qualifiers,Q26-AFC-400017229,2024-03-21,Round Two,D,3,Chinese Taipei,Kyrgyz Republic,TPE,KGZ,0,2,,,False,False,,,Nanzih Football Stadium
afc_qualifiers,WC2026 Qualifiers,AFC,FIFA World Cup 2026™ AFC Qualifiers,Q26-AFC-400017191,2024-03-21,Round Two,G,3,Pakistan,Jordan,PAK,JOR,0,3,,,False,False,,,Jinnah Sports Stadium
afc_qualifiers,WC2026 Qualifiers,AFC,FIFA World Cup 2026™ AFC Qualifiers,Q26-AFC-400017270,2024-03-21,Round Two,I,3,Australia,Lebanon,AUS,LBN,2,0,,,False,False,,,Western Sydney Stadium
afc_qualifiers,WC2026 Qualifiers,AFC,FIFA World Cup 2026™ AFC Qualifiers,Q26-AFC-400017255,2024-03-21,Round Two,B,3,Japan,Korea DPR,JPN,PRK,1,0,,,False,False,,,Olympic Stadium
afc_qualifiers,WC2026 Qualifiers,AFC,FIFA World Cup 2026™ AFC Qualifiers,Q26-AFC-400017247,2024-03-21,Round Two,C,3,Korea Republic,Thailand,KOR,THA,1,1,,,False,False,,,Seoul World Cup Stadium
afc_qualifiers,WC2026 Qualifiers,AFC,FIFA World Cup 2026™ AFC Qualifiers,Q26-AFC-400017253,2024-03-21,Round Two,B,3,Myanmar,Syria,MYA,SYR,1,1,,,False,False,,,Thuwunna YTC Stadium
afc_qualifiers,WC2026 Qualifiers,AFC,FIFA World Cup 2026™ AFC Qualifiers,Q26-AFC-400017217,2024-03-21,Round Two,E,3,Hong Kong,Uzbekistan,HKG,UZB,0,2,,,False,False,,,Mongkok Stadium
afc_qualifiers,WC2026 Qualifiers,AFC,FIFA World Cup 2026™ AFC Qualifiers,Q26-AFC-400017239,2024-03-21,Round Two,C,3,Singapore,China PR,SGP,CHN,2,2,,,False,False,,,National Stadium
afc_qualifiers,WC2026 Qualifiers,AFC,FIFA World Cup 2026™ AFC Qualifiers,Q26-AFC-400017205,2024-03-21,Round Two,F,3,Indonesia,Vietnam,IDN,VIE,1,0,,,False,False,,,Gelora Bung Karno Stadium
afc_qualifiers,WC2026 Qualifiers,AFC,FIFA World Cup 2026™ AFC Qualifiers,Q26-AFC-400017219,2024-03-21,Round Two,E,3,IR Iran,Turkmenistan,IRN,TKM,5,0,,,False,False,,,Azadi Stadium
afc_qualifiers,WC2026 Qualifiers,AFC,FIFA World Cup 2026™ AFC Qualifiers,Q26-AFC-400017234,2024-03-21,Round Two,D,3,Oman,Malaysia,OMA,MAS,2,0,,,False,False,,,Boshar - Sultan Qaboos Sports Complex
afc_qualifiers,WC2026 Qualifiers,AFC,FIFA World Cup 2026™ AFC Qualifiers,Q26-AFC-400017189,2024-03-21,Round Two,H,3,United Arab Emirates,Yemen,UAE,YEM,2,1,,,False,False,,,Al Nahyan Stadium
afc_qualifiers,WC2026 Qualifiers,AFC,FIFA World Cup 2026™ AFC Qualifiers,Q26-AFC-400017272,2024-03-21,Round Two,I,3,Palestine,Bangladesh,PLE,BAN,5,0,,,False,False,,,Jaber Al-Ahmad International Stadium
afc_qualifiers,WC2026 Qualifiers,AFC,FIFA World Cup 2026™ AFC Qualifiers,Q26-AFC-400017178,2024-03-21,Round Two,A,3,Qatar,Kuwait,QAT,KUW,3,0,,,False,False,,,Jassim Bin Hamad Stadium
afc_qualifiers,WC2026 Qualifiers,AFC,FIFA World Cup 2026™ AFC Qualifiers,Q26-AFC-400017207,2024-03-21,Round Two,F,3,Iraq,Philippines,IRQ,PHI,1,0,,,False,False,,,Basra International Stadium
afc_qualifiers,WC2026 Qualifiers,AFC,FIFA World Cup 2026™ AFC Qualifiers,Q26-AFC-400017182,2024-03-21,Round Two,H,3,Nepal,Bahrain,NEP,BHR,0,5,,,False,False,,,Bahrain National Stadium
afc_qualifiers,WC2026 Qualifiers,AFC,FIFA World Cup 2026™ AFC Qualifiers,Q26-AFC-400017199,2024-03-21,Round Two,G,3,Saudi Arabia,Tajikistan,KSA,TJK,1,0,,,False,False,,,King Saud University Stadium
afc_qualifiers,WC2026 Qualifiers,AFC,FIFA World Cup 2026™ AFC Qualifiers,Q26-AFC-400017167,2024-03-21,Round Two,A,3,Afghanistan,India,AFG,IND,0,0,,,False,False,,,Damac Club Stadium
concacaf_qualifiers,WC2026 Qualifiers,CONCACAF,FIFA World Cup 2026™ Concacaf Qualifiers,Q26-CONCACAF-400017785,2024-03-22,First Round,,,Anguilla,Turks and Caicos Islands,AIA,TCA,0,0,,,False,False,,,Raymond E. Guishard Stadium
concacaf_qualifiers,WC2026 Qualifiers,CONCACAF,FIFA World Cup 2026™ Concacaf Qualifiers,Q26-CONCACAF-400017784,2024-03-22,First Round,,,US Virgin Islands,British Virgin Islands,VIR,VGB,1,1,,,False,False,,,Bethlehem Soccer Complex
afc_qualifiers,WC2026 Qualifiers,AFC,FIFA World Cup 2026™ AFC Qualifiers,Q26-AFC-400017267,2024-03-26,Round Two,I,4,Lebanon,Australia,LBN,AUS,0,5,,,False,False,,,Canberra Stadium
afc_qualifiers,WC2026 Qualifiers,AFC,FIFA World Cup 2026™ AFC Qualifiers,Q26-AFC-400017265,2024-03-26,Round Two,I,4,Bangladesh,Palestine,BAN,PLE,0,1,,,False,False,,,Bashundhara Kings Arena
afc_qualifiers,WC2026 Qualifiers,AFC,FIFA World Cup 2026™ AFC Qualifiers,Q26-AFC-400017210,2024-03-26,Round Two,F,4,Philippines,Iraq,PHI,IRQ,0,5,,,False,False,,,Rizal Memorial Stadium
afc_qualifiers,WC2026 Qualifiers,AFC,FIFA World Cup 2026™ AFC Qualifiers,Q26-AFC-400017212,2024-03-26,Round Two,F,4,Vietnam,Indonesia,VIE,IDN,0,3,,,False,False,,,My Dinh National Stadium
afc_qualifiers,WC2026 Qualifiers,AFC,FIFA World Cup 2026™ AFC Qualifiers,Q26-AFC-400017242,2024-03-26,Round Two,C,4,China PR,Singapore,CHN,SGP,4,1,,,False,False,,,Tianjin Olympic Sports Center Stadium
afc_qualifiers,WC2026 Qualifiers,AFC,FIFA World Cup 2026™ AFC Qualifiers,Q26-AFC-400017250,2024-03-26,Round Two,C,4,Thailand,Korea Republic,THA,KOR,0,3,,,False,False,,,Rajamangala National Stadium
afc_qualifiers,WC2026 Qualifiers,AFC,FIFA World Cup 2026™ AFC Qualifiers,Q26-AFC-400017170,2024-03-26,Round Two,A,4,India,Afghanistan,IND,AFG,1,2,,,False,False,,,Indira Gandhi Athletic Stadium
afc_qualifiers,WC2026 Qualifiers,AFC,FIFA World Cup 2026™ AFC Qualifiers,Q26-AFC-400017236,2024-03-26,Round Two,D,4,Kyrgyz Republic,Chinese Taipei,KGZ,TPE,5,1,,,False,False,,,Dolen Omurzakov Stadium
afc_qualifiers,WC2026 Qualifiers,AFC,FIFA World Cup 2026™ AFC Qualifiers,Q26-AFC-400017231,2024-03-26,Round Two,D,4,Malaysia,Oman,MAS,OMA,0,2,,,False,False,,,Bukit Jalil National Stadium
afc_qualifiers,WC2026 Qualifiers,AFC,FIFA World Cup 2026™ AFC Qualifiers,Q26-AFC-400017224,2024-03-26,Round Two,E,4,Uzbekistan,Hong Kong,UZB,HKG,3,0,,,False,False,,,Milliy Stadium
afc_qualifiers,WC2026 Qualifiers,AFC,FIFA World Cup 2026™ AFC Qualifiers,Q26-AFC-400017202,2024-03-26,Round Two,G,4,Tajikistan,Saudi Arabia,TJK,KSA,1,1,,,False,False,,,Central Republican Stadium
afc_qualifiers,WC2026 Qualifiers,AFC,FIFA World Cup 2026™ AFC Qualifiers,Q26-AFC-400017222,2024-03-26,Round Two,E,4,Turkmenistan,IR Iran,TKM,IRN,0,1,,,False,False,,,Ashgabat Stadium
afc_qualifiers,WC2026 Qualifiers,AFC,FIFA World Cup 2026™ AFC Qualifiers,Q26-AFC-400017185,2024-03-26,Round Two,H,4,Bahrain,Nepal,BHR,NEP,3,0,,,False,False,,,Bahrain National Stadium
afc_qualifiers,WC2026 Qualifiers,AFC,FIFA World Cup 2026™ AFC Qualifiers,Q26-AFC-400017183,2024-03-26,Round Two,H,4,Yemen,United Arab Emirates,YEM,UAE,0,3,,,False,False,,,Prince Saud Bin Jalawi Stadium
afc_qualifiers,WC2026 Qualifiers,AFC,FIFA World Cup 2026™ AFC Qualifiers,Q26-AFC-400017260,2024-03-26,Round Two,B,4,Syria,Myanmar,SYR,MYA,7,0,,,False,False,,,Prince Mohammed Bin Fahad Bin Abdul Aziz
afc_qualifiers,WC2026 Qualifiers,AFC,FIFA World Cup 2026™ AFC Qualifiers,Q26-AFC-400017194,2024-03-26,Round Two,G,4,Jordan,Pakistan,JOR,PAK,7,0,,,False,False,,,Amman International Stadium
afc_qualifiers,WC2026 Qualifiers,AFC,FIFA World Cup 2026™ AFC Qualifiers,Q26-AFC-400017175,2024-03-26,Round Two,A,4,Kuwait,Qatar,KUW,QAT,1,2,,,False,False,,,Ali Al-Salem Al-Sabah Stadium
concacaf_qualifiers,WC2026 Qualifiers,CONCACAF,FIFA World Cup 2026™ Concacaf Qualifiers,Q26-CONCACAF-400017783,2024-03-26,First Round,,,British Virgin Islands,US Virgin Islands,VGB,VIR,0,0,,,True,True,4,2,A. O. Shirley Recreation Ground
concacaf_qualifiers,WC2026 Qualifiers,CONCACAF,FIFA World Cup 2026™ Concacaf Qualifiers,Q26-CONCACAF-400017782,2024-03-26,First Round,,,Turks and Caicos Islands,Anguilla,TCA,AIA,1,1,,,True,True,3,4,TCIFA National Academy
caf_qualifiers,WC2026 Qualifiers,CAF,FIFA World Cup 2026™ CAF Qualifiers,Q26-CAF-400018170,2024-06-05,Round One,B,3,Togo,South Sudan,TOG,SSD,1,1,,,False,False,,,Stade de Kégué
caf_qualifiers,WC2026 Qualifiers,CAF,FIFA World Cup 2026™ CAF Qualifiers,Q26-CAF-400018163,2024-06-05,Round One,A,3,Sierra Leone,Djibouti,SLE,DJI,2,1,,,False,False,,,Stade El Abdi
caf_qualifiers,WC2026 Qualifiers,CAF,FIFA World Cup 2026™ CAF Qualifiers,Q26-CAF-400018212,2024-06-05,Round One,I,3,Central African Republic,Chad,CTA,CHA,1,0,,,False,False,,,Stade Municipal
caf_qualifiers,WC2026 Qualifiers,CAF,FIFA World Cup 2026™ CAF Qualifiers,Q26-CAF-400018204,2024-06-05,Round One,H,3,Namibia,Liberia,NAM,LBR,1,1,,,False,False,,,Orlando Stadium
caf_qualifiers,WC2026 Qualifiers,CAF,FIFA World Cup 2026™ CAF Qualifiers,Q26-CAF-400018203,2024-06-05,Round One,H,3,Tunisia,Equatorial Guinea,TUN,EQG,1,0,,,False,False,,,Stade Hammadi Agrebi
concacaf_qualifiers,WC2026 Qualifiers,CONCACAF,FIFA World Cup 2026™ Concacaf Qualifiers,Q26-CONCACAF-400017740,2024-06-05,Second Round,A,1,Antigua and Barbuda,Bermuda,ATG,BER,1,1,,,False,False,,,ABFA Technical Centre
concacaf_qualifiers,WC2026 Qualifiers,CONCACAF,FIFA World Cup 2026™ Concacaf Qualifiers,Q26-CONCACAF-400017781,2024-06-05,Second Round,F,1,Suriname,St. Vincent / Grenadines,SUR,VIN,4,1,,,False,False,,,Franklin Essed Stadium
concacaf_qualifiers,WC2026 Qualifiers,CONCACAF,FIFA World Cup 2026™ Concacaf Qualifiers,Q26-CONCACAF-400017750,2024-06-05,Second Round,C,1,Curaçao,Barbados,CUW,BRB,4,1,,,False,False,,,Ergilio Hato Stadium
concacaf_qualifiers,WC2026 Qualifiers,CONCACAF,FIFA World Cup 2026™ Concacaf Qualifiers,Q26-CONCACAF-400017730,2024-06-05,Second Round,B,1,Trinidad and Tobago,Grenada,TRI,GRN,2,2,,,False,False,,,Hasely Crawford Stadium
afc_qualifiers,WC2026 Qualifiers,AFC,FIFA World Cup 2026™ AFC Qualifiers,Q26-AFC-400017203,2024-06-06,Round Two,F,5,Indonesia,Iraq,IDN,IRQ,0,2,,,False,False,,,Gelora Bung Karno Stadium
afc_qualifiers,WC2026 Qualifiers,AFC,FIFA World Cup 2026™ AFC Qualifiers,Q26-AFC-400017264,2024-06-06,Round Two,I,5,Bangladesh,Australia,BAN,AUS,0,2,,,False,False,,,Bashundhara Kings Arena
afc_qualifiers,WC2026 Qualifiers,AFC,FIFA World Cup 2026™ AFC Qualifiers,Q26-AFC-400017228,2024-06-06,Round Two,D,5,Chinese Taipei,Oman,TPE,OMA,0,3,,,False,False,,,Municipal Stadium
afc_qualifiers,WC2026 Qualifiers,AFC,FIFA World Cup 2026™ AFC Qualifiers,Q26-AFC-400017240,2024-06-06,Round Two,C,5,Singapore,Korea Republic,SGP,KOR,0,7,,,False,False,,,National Stadium
afc_qualifiers,WC2026 Qualifiers,AFC,FIFA World Cup 2026™ AFC Qualifiers,Q26-AFC-400017215,2024-06-06,Round Two,E,5,Hong Kong,IR Iran,HKG,IRN,2,4,,,False,False,,,Hong Kong Stadium
afc_qualifiers,WC2026 Qualifiers,AFC,FIFA World Cup 2026™ AFC Qualifiers,Q26-AFC-400017244,2024-06-06,Round Two,C,5,China PR,Thailand,CHN,THA,1,1,,,False,False,,,Shenyang Olympic Sports Center Stadium
afc_qualifiers,WC2026 Qualifiers,AFC,FIFA World Cup 2026™ AFC Qualifiers,Q26-AFC-400017214,2024-06-06,Round Two,F,5,Vietnam,Philippines,VIE,PHI,3,2,,,False,False,,,My Dinh National Stadium
afc_qualifiers,WC2026 Qualifiers,AFC,FIFA World Cup 2026™ AFC Qualifiers,Q26-AFC-400017251,2024-06-06,Round Two,B,5,Myanmar,Japan,MYA,JPN,0,5,,,False,False,,,Thuwunna YTC Stadium
afc_qualifiers,WC2026 Qualifiers,AFC,FIFA World Cup 2026™ AFC Qualifiers,Q26-AFC-400017262,2024-06-06,Round Two,B,5,Korea DPR,Syria,PRK,SYR,1,0,,,False,False,,,New Laos National Stadium
afc_qualifiers,WC2026 Qualifiers,AFC,FIFA World Cup 2026™ AFC Qualifiers,Q26-AFC-400017171,2024-06-06,Round Two,A,5,India,Kuwait,IND,KUW,0,0,,,False,False,,,Vivekananda Yuba Bharati Krirangan
afc_qualifiers,WC2026 Qualifiers,AFC,FIFA World Cup 2026™ AFC Qualifiers,Q26-AFC-400017226,2024-06-06,Round Two,E,5,Uzbekistan,Turkmenistan,UZB,TKM,3,1,,,False,False,,,Milliy Stadium
afc_qualifiers,WC2026 Qualifiers,AFC,FIFA World Cup 2026™ AFC Qualifiers,Q26-AFC-400017237,2024-06-06,Round Two,D,5,Kyrgyz Republic,Malaysia,KGZ,MAS,1,1,,,False,False,,,Dolen Omurzakov Stadium
afc_qualifiers,WC2026 Qualifiers,AFC,FIFA World Cup 2026™ AFC Qualifiers,Q26-AFC-400017192,2024-06-06,Round Two,G,5,Pakistan,Saudi Arabia,PAK,KSA,0,3,,,False,False,,,Jinnah Sports Stadium
afc_qualifiers,WC2026 Qualifiers,AFC,FIFA World Cup 2026™ AFC Qualifiers,Q26-AFC-400017169,2024-06-06,Round Two,A,5,Afghanistan,Qatar,AFG,QAT,0,0,,,False,False,,,Prince Abdullah bin Jalawi Sport City Stadium
afc_qualifiers,WC2026 Qualifiers,AFC,FIFA World Cup 2026™ AFC Qualifiers,Q26-AFC-400017273,2024-06-06,Round Two,I,5,Palestine,Lebanon,PLE,LBN,0,0,,,False,False,,,Jassim Bin Hamad Stadium
afc_qualifiers,WC2026 Qualifiers,AFC,FIFA World Cup 2026™ AFC Qualifiers,Q26-AFC-400017184,2024-06-06,Round Two,H,5,Nepal,United Arab Emirates,NEP,UAE,0,4,,,False,False,,,Prince Mohammed Bin Fahad Bin Abdul Aziz
afc_qualifiers,WC2026 Qualifiers,AFC,FIFA World Cup 2026™ AFC Qualifiers,Q26-AFC-400017196,2024-06-06,Round Two,G,5,Jordan,Tajikistan,JOR,TJK,3,0,,,False,False,,,Amman International Stadium
afc_qualifiers,WC2026 Qualifiers,AFC,FIFA World Cup 2026™ AFC Qualifiers,Q26-AFC-400017186,2024-06-06,Round Two,H,5,Bahrain,Yemen,BHR,YEM,0,0,,,False,False,,,Bahrain National Stadium
caf_qualifiers,WC2026 Qualifiers,CAF,FIFA World Cup 2026™ CAF Qualifiers,Q26-CAF-400018206,2024-06-06,Round One,H,3,Malawi,São Tomé and Príncipe,MWI,STP,3,1,,,False,False,,,Bingu National Stadium
caf_qualifiers,WC2026 Qualifiers,CAF,FIFA World Cup 2026™ CAF Qualifiers,Q26-CAF-400018167,2024-06-06,Round One,A,3,Guinea-Bissau,Ethiopia,GNB,ETH,0,0,,,False,False,,,Estádio 24 de Setembro
caf_qualifiers,WC2026 Qualifiers,CAF,FIFA World Cup 2026™ CAF Qualifiers,Q26-CAF-400018172,2024-06-06,Round One,B,3,Mauritania,Sudan,MTN,SDN,0,2,,,False,False,,,Stade Cheikha Ould Boïdiya
caf_qualifiers,WC2026 Qualifiers,CAF,FIFA World Cup 2026™ CAF Qualifiers,Q26-CAF-400018182,2024-06-06,Round One,D,3,Libya,Mauritius,LBY,MRI,2,1,,,False,False,,,Benina Martyrs Stadium
caf_qualifiers,WC2026 Qualifiers,CAF,FIFA World Cup 2026™ CAF Qualifiers,Q26-CAF-400018162,2024-06-06,Round One,A,3,Egypt,Burkina Faso,EGY,BFA,2,1,,,False,False,,,Cairo International Stadium
caf_qualifiers,WC2026 Qualifiers,CAF,FIFA World Cup 2026™ CAF Qualifiers,Q26-CAF-400018169,2024-06-06,Round One,B,3,Senegal,Congo DR,SEN,COD,1,1,,,False,False,,,Stade Me Abdoulaye Wade
caf_qualifiers,WC2026 Qualifiers,CAF,FIFA World Cup 2026™ CAF Qualifiers,Q26-CAF-400018178,2024-06-06,Round One,C,3,Benin,Rwanda,BEN,RWA,1,0,,,False,False,,,Stade Felix Houphouet-Boigny
caf_qualifiers,WC2026 Qualifiers,CAF,FIFA World Cup 2026™ CAF Qualifiers,Q26-CAF-400018199,2024-06-06,Round One,G,3,Algeria,Guinea,ALG,GUI,1,2,,,False,False,,,Stade Nelson Mandela
caf_qualifiers,WC2026 Qualifiers,CAF,FIFA World Cup 2026™ CAF Qualifiers,Q26-CAF-400018211,2024-06-06,Round One,I,3,Mali,Ghana,MLI,GHA,1,2,,,False,False,,,Stade du 26 mars (National Stadium)
concacaf_qualifiers,WC2026 Qualifiers,CONCACAF,FIFA World Cup 2026™ Concacaf Qualifiers,Q26-CONCACAF-400017767,2024-06-06,Second Round,E,1,Guatemala,Dominica,GUA,DMA,6,0,,,False,False,,,Estadio Doroteo Guamuch Flores
concacaf_qualifiers,WC2026 Qualifiers,CONCACAF,FIFA World Cup 2026™ Concacaf Qualifiers,Q26-CONCACAF-400017756,2024-06-06,Second Round,D,1,Nicaragua,Montserrat,NCA,MSR,4,1,,,False,False,,,Estadio Nacional
concacaf_qualifiers,WC2026 Qualifiers,CONCACAF,FIFA World Cup 2026™ Concacaf Qualifiers,Q26-CONCACAF-400017768,2024-06-06,Second Round,E,1,Jamaica,Dominican Republic,JAM,DOM,1,0,,,False,False,,,Independence Park (National Stadium)
concacaf_qualifiers,WC2026 Qualifiers,CONCACAF,FIFA World Cup 2026™ Concacaf Qualifiers,Q26-CONCACAF-400017746,2024-06-06,Second Round,C,1,Haiti,St. Lucia,HAI,LCA,2,1,,,False,False,,,BFA Turf
caf_qualifiers,WC2026 Qualifiers,CAF,FIFA World Cup 2026™ CAF Qualifiers,Q26-CAF-400018176,2024-06-07,Round One,C,3,Zimbabwe,Lesotho,ZIM,LES,0,2,,,False,False,,,Orlando Stadium
caf_qualifiers,WC2026 Qualifiers,CAF,FIFA World Cup 2026™ CAF Qualifiers,Q26-CAF-400018193,2024-06-07,Round One,F,3,Kenya,Burundi,KEN,BDI,1,1,,,False,False,,,Bingu National Stadium
caf_qualifiers,WC2026 Qualifiers,CAF,FIFA World Cup 2026™ CAF Qualifiers,Q26-CAF-400018200,2024-06-07,Round One,G,3,Mozambique,Somalia,MOZ,SOM,2,1,,,False,False,,,Estadio do Zimpeto
caf_qualifiers,WC2026 Qualifiers,CAF,FIFA World Cup 2026™ CAF Qualifiers,Q26-CAF-400018197,2024-06-07,Round One,G,3,Uganda,Botswana,UGA,BOT,1,0,,,False,False,,,Mandela National Stadium
caf_qualifiers,WC2026 Qualifiers,CAF,FIFA World Cup 2026™ CAF Qualifiers,Q26-CAF-400018209,2024-06-07,Round One,I,3,Madagascar,Comoros,MAD,COM,2,1,,,False,False,,,Soccer City Stadium
caf_qualifiers,WC2026 Qualifiers,CAF,FIFA World Cup 2026™ CAF Qualifiers,Q26-CAF-400018184,2024-06-07,Round One,D,3,Angola,Eswatini,ANG,SWZ,1,0,,,False,False,,,Estádio 11 de Novembro
caf_qualifiers,WC2026 Qualifiers,CAF,FIFA World Cup 2026™ CAF Qualifiers,Q26-CAF-400018175,2024-06-07,Round One,C,3,Nigeria,South Africa,NGA,RSA,1,1,,,False,False,,,Godswill Akpabio International Stadium
caf_qualifiers,WC2026 Qualifiers,CAF,FIFA World Cup 2026™ CAF Qualifiers,Q26-CAF-400018189,2024-06-07,Round One,E,3,Morocco,Zambia,MAR,ZAM,2,1,,,False,False,,,Agadir Stadium
caf_qualifiers,WC2026 Qualifiers,CAF,FIFA World Cup 2026™ CAF Qualifiers,Q26-CAF-400018195,2024-06-07,Round One,F,3,Côte d'Ivoire,Gabon,CIV,GAB,1,0,,,False,False,,,Stade Amadou Gon Coulibaly
concacaf_qualifiers,WC2026 Qualifiers,CONCACAF,FIFA World Cup 2026™ Concacaf Qualifiers,Q26-CONCACAF-400017758,2024-06-07,Second Round,D,1,Panama,Guyana,PAN,GUY,2,0,,,False,False,,,Estadio Rommel Fernandez
concacaf_qualifiers,WC2026 Qualifiers,CONCACAF,FIFA World Cup 2026™ Concacaf Qualifiers,Q26-CONCACAF-400017738,2024-06-07,Second Round,A,1,Honduras,Cuba,HON,CUB,3,1,,,False,False,,,Estadio Nacional José de la Paz Herrera (Chelato Uclés)
concacaf_qualifiers,WC2026 Qualifiers,CONCACAF,FIFA World Cup 2026™ Concacaf Qualifiers,Q26-CONCACAF-400017774,2024-06-07,Second Round,F,1,El Salvador,Puerto Rico,SLV,PUR,0,0,,,False,False,,,Estadio Cuscatlan
concacaf_qualifiers,WC2026 Qualifiers,CONCACAF,FIFA World Cup 2026™ Concacaf Qualifiers,Q26-CONCACAF-400017724,2024-06-07,Second Round,B,1,Costa Rica,St. Kitts and Nevis,CRC,SKN,4,0,,,False,False,,,Estadio Nacional de Costa Rica
caf_qualifiers,WC2026 Qualifiers,CAF,FIFA World Cup 2026™ CAF Qualifiers,Q26-CAF-400018185,2024-06-08,Round One,D,3,Cameroon,Cabo Verde,CMR,CPV,4,1,,,False,False,,,Stade Omnisports Ahmadou-Ahidjo
caf_qualifiers,WC2026 Qualifiers,CAF,FIFA World Cup 2026™ CAF Qualifiers,Q26-CAF-400018191,2024-06-08,Round One,F,3,The Gambia,Seychelles,GAM,SEY,5,1,,,False,False,,,Stade Municipal de Berkane
concacaf_qualifiers,WC2026 Qualifiers,CONCACAF,FIFA World Cup 2026™ Concacaf Qualifiers,Q26-CONCACAF-400017762,2024-06-08,Second Round,E,2,British Virgin Islands,Guatemala,VGB,GUA,0,3,,,False,False,,,A. O. Shirley Recreation Ground
concacaf_qualifiers,WC2026 Qualifiers,CONCACAF,FIFA World Cup 2026™ Concacaf Qualifiers,Q26-CONCACAF-400017773,2024-06-08,Second Round,F,2,Anguilla,Suriname,AIA,SUR,0,4,,,False,False,,,Raymond E. Guishard Stadium
concacaf_qualifiers,WC2026 Qualifiers,CONCACAF,FIFA World Cup 2026™ Concacaf Qualifiers,Q26-CONCACAF-400017723,2024-06-08,Second Round,B,2,Bahamas,Trinidad and Tobago,BAH,TRI,1,7,,,False,False,,,SKNFA Technical Center
caf_qualifiers,WC2026 Qualifiers,CAF,FIFA World Cup 2026™ CAF Qualifiers,Q26-CAF-400018207,2024-06-09,Round One,H,4,São Tomé and Príncipe,Liberia,STP,LBR,0,1,,,False,False,,,Stade Municipal
caf_qualifiers,WC2026 Qualifiers,CAF,FIFA World Cup 2026™ CAF Qualifiers,Q26-CAF-400018168,2024-06-09,Round One,B,4,Congo DR,Togo,COD,TOG,1,0,,,False,False,,,Stade de Martyrs
caf_qualifiers,WC2026 Qualifiers,CAF,FIFA World Cup 2026™ CAF Qualifiers,Q26-CAF-400018164,2024-06-09,Round One,A,4,Djibouti,Ethiopia,DJI,ETH,1,1,,,False,False,,,Stade El Abdi
caf_qualifiers,WC2026 Qualifiers,CAF,FIFA World Cup 2026™ CAF Qualifiers,Q26-CAF-400018171,2024-06-09,Round One,B,4,Mauritania,Senegal,MTN,SEN,0,1,,,False,False,,,Stade Cheikha Ould Boïdiya
caf_qualifiers,WC2026 Qualifiers,CAF,FIFA World Cup 2026™ CAF Qualifiers,Q26-CAF-400018205,2024-06-09,Round One,H,4,Namibia,Tunisia,NAM,TUN,0,0,,,False,False,,,Orlando Stadium
concacaf_qualifiers,WC2026 Qualifiers,CONCACAF,FIFA World Cup 2026™ Concacaf Qualifiers,Q26-CONCACAF-400017760,2024-06-09,Second Round,D,2,Belize,Nicaragua,BLZ,NCA,0,4,,,False,False,,,FFB Field
concacaf_qualifiers,WC2026 Qualifiers,CONCACAF,FIFA World Cup 2026™ Concacaf Qualifiers,Q26-CONCACAF-400017743,2024-06-09,Second Round,C,2,Aruba,Curaçao,ARU,CUW,0,2,,,False,False,,,Complejo Deportivo Guillermo Prospero Trinidad
concacaf_qualifiers,WC2026 Qualifiers,CONCACAF,FIFA World Cup 2026™ Concacaf Qualifiers,Q26-CONCACAF-400017735,2024-06-09,Second Round,A,2,Cayman Islands,Antigua and Barbuda,CAY,ATG,1,0,,,False,False,,,Truman Bodden Stadium
concacaf_qualifiers,WC2026 Qualifiers,CONCACAF,FIFA World Cup 2026™ Concacaf Qualifiers,Q26-CONCACAF-400017771,2024-06-09,Second Round,E,2,Dominica,Jamaica,DMA,JAM,2,3,,,False,False,,,Windsor Park
concacaf_qualifiers,WC2026 Qualifiers,CONCACAF,FIFA World Cup 2026™ Concacaf Qualifiers,Q26-CONCACAF-400017779,2024-06-09,Second Round,F,2,St. Vincent / Grenadines,El Salvador,VIN,SLV,1,3,,,False,False,,,Franklin Essed Stadium
concacaf_qualifiers,WC2026 Qualifiers,CONCACAF,FIFA World Cup 2026™ Concacaf Qualifiers,Q26-CONCACAF-400017745,2024-06-09,Second Round,C,2,Barbados,Haiti,BRB,HAI,1,3,,,False,False,,,BFA Turf
concacaf_qualifiers,WC2026 Qualifiers,CONCACAF,FIFA World Cup 2026™ Concacaf Qualifiers,Q26-CONCACAF-400017727,2024-06-09,Second Round,B,2,Grenada,Costa Rica,GRN,CRC,0,3,,,False,False,,,Kirani James Athletics Stadium
concacaf_qualifiers,WC2026 Qualifiers,CONCACAF,FIFA World Cup 2026™ Concacaf Qualifiers,Q26-CONCACAF-400017733,2024-06-09,Second Round,A,2,Bermuda,Honduras,BER,HON,1,6,,,False,False,,,National Sports Centre (National Stadium)
caf_qualifiers,WC2026 Qualifiers,CAF,FIFA World Cup 2026™ CAF Qualifiers,Q26-CAF-400018201,2024-06-10,Round One,G,4,Somalia,Botswana,SOM,BOT,1,3,,,False,False,,,Estadio do Zimpeto
caf_qualifiers,WC2026 Qualifiers,CAF,FIFA World Cup 2026™ CAF Qualifiers,Q26-CAF-400018202,2024-06-10,Round One,H,4,Equatorial Guinea,Malawi,EQG,MWI,1,0,,,False,False,,,Nuevo Estadio de Malabo
caf_qualifiers,WC2026 Qualifiers,CAF,FIFA World Cup 2026™ CAF Qualifiers,Q26-CAF-400018177,2024-06-10,Round One,C,4,Benin,Nigeria,BEN,NGA,2,1,,,False,False,,,Stade Felix Houphouet-Boigny
caf_qualifiers,WC2026 Qualifiers,CAF,FIFA World Cup 2026™ CAF Qualifiers,Q26-CAF-400018166,2024-06-10,Round One,A,4,Guinea-Bissau,Egypt,GNB,EGY,1,1,,,False,False,,,Estádio 24 de Setembro
caf_qualifiers,WC2026 Qualifiers,CAF,FIFA World Cup 2026™ CAF Qualifiers,Q26-CAF-400018196,2024-06-10,Round One,G,4,Uganda,Algeria,UGA,ALG,1,2,,,False,False,,,Mandela National Stadium
caf_qualifiers,WC2026 Qualifiers,CAF,FIFA World Cup 2026™ CAF Qualifiers,Q26-CAF-400018165,2024-06-10,Round One,A,4,Burkina Faso,Sierra Leone,BFA,SLE,2,2,,,False,False,,,Stade du 26 mars (National Stadium)
caf_qualifiers,WC2026 Qualifiers,CAF,FIFA World Cup 2026™ CAF Qualifiers,Q26-CAF-400018210,2024-06-10,Round One,I,4,Ghana,Central African Republic,GHA,CTA,4,3,,,False,False,,,Baba Yara Stadium
caf_qualifiers,WC2026 Qualifiers,CAF,FIFA World Cup 2026™ CAF Qualifiers,Q26-CAF-400018198,2024-06-10,Round One,G,4,Guinea,Mozambique,GUI,MOZ,0,1,,,False,False,,,Stade El Abdi
concacaf_qualifiers,WC2026 Qualifiers,CONCACAF,FIFA World Cup 2026™ Concacaf Qualifiers,Q26-CONCACAF-400017752,2024-06-10,Second Round,D,2,Montserrat,Panama,MSR,PAN,1,3,,,False,False,,,Estadio Nacional
afc_qualifiers,WC2026 Qualifiers,AFC,FIFA World Cup 2026™ AFC Qualifiers,Q26-AFC-400017256,2024-06-11,Round Two,B,6,Japan,Syria,JPN,SYR,5,0,,,False,False,,,Edion Peace Wing Hiroshima
afc_qualifiers,WC2026 Qualifiers,AFC,FIFA World Cup 2026™ AFC Qualifiers,Q26-AFC-400017246,2024-06-11,Round Two,C,6,Korea Republic,China PR,KOR,CHN,1,0,,,False,False,,,Seoul World Cup Stadium
afc_qualifiers,WC2026 Qualifiers,AFC,FIFA World Cup 2026™ AFC Qualifiers,Q26-AFC-400017271,2024-06-11,Round Two,I,6,Australia,Palestine,AUS,PLE,5,0,,,False,False,,,Perth Rectangular Stadium
afc_qualifiers,WC2026 Qualifiers,AFC,FIFA World Cup 2026™ AFC Qualifiers,Q26-AFC-400017248,2024-06-11,Round Two,C,6,Thailand,Singapore,THA,SGP,3,1,,,False,False,,,Rajamangala National Stadium
afc_qualifiers,WC2026 Qualifiers,AFC,FIFA World Cup 2026™ AFC Qualifiers,Q26-AFC-400017209,2024-06-11,Round Two,F,6,Indonesia,Philippines,IDN,PHI,2,0,,,False,False,,,Gelora Bung Karno Stadium
afc_qualifiers,WC2026 Qualifiers,AFC,FIFA World Cup 2026™ AFC Qualifiers,Q26-AFC-400017257,2024-06-11,Round Two,B,6,Korea DPR,Myanmar,PRK,MYA,4,1,,,False,False,,,New Laos National Stadium
afc_qualifiers,WC2026 Qualifiers,AFC,FIFA World Cup 2026™ AFC Qualifiers,Q26-AFC-400017230,2024-06-11,Round Two,D,6,Malaysia,Chinese Taipei,MAS,TPE,3,1,,,False,False,,,Bukit Jalil National Stadium
afc_qualifiers,WC2026 Qualifiers,AFC,FIFA World Cup 2026™ AFC Qualifiers,Q26-AFC-400017200,2024-06-11,Round Two,G,6,Tajikistan,Pakistan,TJK,PAK,3,0,,,False,False,,,Central Republican Stadium
afc_qualifiers,WC2026 Qualifiers,AFC,FIFA World Cup 2026™ AFC Qualifiers,Q26-AFC-400017221,2024-06-11,Round Two,E,6,Turkmenistan,Hong Kong,TKM,HKG,0,0,,,False,False,,,Ashgabat Stadium
afc_qualifiers,WC2026 Qualifiers,AFC,FIFA World Cup 2026™ AFC Qualifiers,Q26-AFC-400017177,2024-06-11,Round Two,A,6,Qatar,India,QAT,IND,2,1,,,False,False,,,Jassim Bin Hamad Stadium
afc_qualifiers,WC2026 Qualifiers,AFC,FIFA World Cup 2026™ AFC Qualifiers,Q26-AFC-400017173,2024-06-11,Round Two,A,6,Kuwait,Afghanistan,KUW,AFG,1,0,,,False,False,,,Ali Al-Salem Al-Sabah Stadium
afc_qualifiers,WC2026 Qualifiers,AFC,FIFA World Cup 2026™ AFC Qualifiers,Q26-AFC-400017266,2024-06-11,Round Two,I,6,Lebanon,Bangladesh,LBN,BAN,4,0,,,False,False,,,Khalifa International Stadium
afc_qualifiers,WC2026 Qualifiers,AFC,FIFA World Cup 2026™ AFC Qualifiers,Q26-AFC-400017235,2024-06-11,Round Two,D,6,Oman,Kyrgyz Republic,OMA,KGZ,1,1,,,False,False,,,Boshar - Sultan Qaboos Sports Complex
afc_qualifiers,WC2026 Qualifiers,AFC,FIFA World Cup 2026™ AFC Qualifiers,Q26-AFC-400017220,2024-06-11,Round Two,E,6,IR Iran,Uzbekistan,IRN,UZB,0,0,,,False,False,,,Azadi Stadium
afc_qualifiers,WC2026 Qualifiers,AFC,FIFA World Cup 2026™ AFC Qualifiers,Q26-AFC-400017190,2024-06-11,Round Two,H,6,United Arab Emirates,Bahrain,UAE,BHR,1,1,,,False,False,,,Zabeel Stadium
afc_qualifiers,WC2026 Qualifiers,AFC,FIFA World Cup 2026™ AFC Qualifiers,Q26-AFC-400017198,2024-06-11,Round Two,G,6,Saudi Arabia,Jordan,KSA,JOR,1,2,,,False,False,,,King Saud University Stadium
afc_qualifiers,WC2026 Qualifiers,AFC,FIFA World Cup 2026™ AFC Qualifiers,Q26-AFC-400017180,2024-06-11,Round Two,H,6,Yemen,Nepal,YEM,NEP,2,2,,,False,False,,,Prince Mohammed Bin Fahad Bin Abdul Aziz
afc_qualifiers,WC2026 Qualifiers,AFC,FIFA World Cup 2026™ AFC Qualifiers,Q26-AFC-400017208,2024-06-11,Round Two,F,6,Iraq,Vietnam,IRQ,VIE,3,1,,,False,False,,,Basra International Stadium
caf_qualifiers,WC2026 Qualifiers,CAF,FIFA World Cup 2026™ CAF Qualifiers,Q26-CAF-400018173,2024-06-11,Round One,B,4,South Sudan,Sudan,SSD,SDN,0,3,,,False,False,,,Juba Stadium
caf_qualifiers,WC2026 Qualifiers,CAF,FIFA World Cup 2026™ CAF Qualifiers,Q26-CAF-400018194,2024-06-11,Round One,F,4,Kenya,Côte d'Ivoire,KEN,CIV,0,0,,,False,False,,,Bingu National Stadium
caf_qualifiers,WC2026 Qualifiers,CAF,FIFA World Cup 2026™ CAF Qualifiers,Q26-CAF-400018181,2024-06-11,Round One,D,4,Mauritius,Eswatini,MRI,SWZ,2,1,,,False,False,,,Côte d'Or National Sports Complex
caf_qualifiers,WC2026 Qualifiers,CAF,FIFA World Cup 2026™ CAF Qualifiers,Q26-CAF-400018208,2024-06-11,Round One,I,4,Madagascar,Mali,MAD,MLI,0,0,,,False,False,,,Soccer City Stadium
caf_qualifiers,WC2026 Qualifiers,CAF,FIFA World Cup 2026™ CAF Qualifiers,Q26-CAF-400018179,2024-06-11,Round One,C,4,South Africa,Zimbabwe,RSA,ZIM,3,1,,,False,False,,,Free State Stadium
caf_qualifiers,WC2026 Qualifiers,CAF,FIFA World Cup 2026™ CAF Qualifiers,Q26-CAF-400018188,2024-06-11,Round One,E,4,Zambia,Tanzania,ZAM,TAN,0,1,,,False,False,,,Levy Mwanawasa Stadium
caf_qualifiers,WC2026 Qualifiers,CAF,FIFA World Cup 2026™ CAF Qualifiers,Q26-CAF-400018174,2024-06-11,Round One,C,4,Lesotho,Rwanda,LES,RWA,0,1,,,False,False,,,Moses Mabhida Stadium 
caf_qualifiers,WC2026 Qualifiers,CAF,FIFA World Cup 2026™ CAF Qualifiers,Q26-CAF-400018180,2024-06-11,Round One,D,4,Cabo Verde,Libya,CPV,LBY,1,0,,,False,False,,,Estádio Nacional de Cabo Verde
caf_qualifiers,WC2026 Qualifiers,CAF,FIFA World Cup 2026™ CAF Qualifiers,Q26-CAF-400018213,2024-06-11,Round One,I,4,Chad,Comoros,CHA,COM,0,2,,,False,False,,,Stade Municipal
caf_qualifiers,WC2026 Qualifiers,CAF,FIFA World Cup 2026™ CAF Qualifiers,Q26-CAF-400018186,2024-06-11,Round One,E,4,Congo,Morocco,CGO,MAR,0,6,,,False,False,,,Agadir Stadium
caf_qualifiers,WC2026 Qualifiers,CAF,FIFA World Cup 2026™ CAF Qualifiers,Q26-CAF-400018190,2024-06-11,Round One,F,4,Gabon,The Gambia,GAB,GAM,3,2,,,False,False,,,Stade de Franceville
caf_qualifiers,WC2026 Qualifiers,CAF,FIFA World Cup 2026™ CAF Qualifiers,Q26-CAF-400018183,2024-06-11,Round One,D,4,Angola,Cameroon,ANG,CMR,1,1,,,False,False,,,Estádio 11 de Novembro
caf_qualifiers,WC2026 Qualifiers,CAF,FIFA World Cup 2026™ CAF Qualifiers,Q26-CAF-400018192,2024-06-11,Round One,F,4,Seychelles,Burundi,SEY,BDI,1,3,,,False,False,,,Stade Municipal de Berkane
concacaf_qualifiers,WC2026 Qualifiers,CONCACAF,FIFA World Cup 2026™ Concacaf Qualifiers,Q26-CONCACAF-400017748,2024-06-11,Second Round,C,3,St. Lucia,Aruba,LCA,ARU,2,2,,,False,False,,,BFA Turf
concacaf_qualifiers,WC2026 Qualifiers,CONCACAF,FIFA World Cup 2026™ Concacaf Qualifiers,Q26-CONCACAF-400017728,2024-06-11,Second Round,B,3,St. Kitts and Nevis,Bahamas,SKN,BAH,1,0,,,False,False,,,Warner Park
concacaf_qualifiers,WC2026 Qualifiers,CONCACAF,FIFA World Cup 2026™ Concacaf Qualifiers,Q26-CONCACAF-400017755,2024-06-11,Second Round,D,3,Guyana,Belize,GUY,BLZ,3,1,,,False,False,,,BFA Turf
concacaf_qualifiers,WC2026 Qualifiers,CONCACAF,FIFA World Cup 2026™ Concacaf Qualifiers,Q26-CONCACAF-400017776,2024-06-12,Second Round,F,3,Puerto Rico,Anguilla,PUR,AIA,8,0,,,False,False,,,Juan Ramon Loubriel Stadium
concacaf_qualifiers,WC2026 Qualifiers,CONCACAF,FIFA World Cup 2026™ Concacaf Qualifiers,Q26-CONCACAF-400017764,2024-06-12,Second Round,E,3,Dominican Republic,British Virgin Islands,DOM,VGB,4,0,,,False,False,,,Estadio Panamericano
euro2024,Euro 2024,UEFA,2024,EURO2024-01,2024-06-14,group,A,,Germany,Scotland,GER,SCO,5,1,3,0,False,False,,,München
euro2024,Euro 2024,UEFA,2024,EURO2024-02,2024-06-15,group,A,,Hungary,Switzerland,,SUI,1,3,0,2,False,False,,,Köln
euro2024,Euro 2024,UEFA,2024,EURO2024-07,2024-06-15,group,B,,Spain,Croatia,ESP,CRO,3,0,3,0,False,False,,,Berlin
euro2024,Euro 2024,UEFA,2024,EURO2024-08,2024-06-15,group,B,,Italy,Albania,,,2,1,2,1,False,False,,,Dortmund
euro2024,Euro 2024,UEFA,2024,EURO2024-13,2024-06-16,group,C,,Slovenia,Denmark,,,1,1,0,1,False,False,,,Stuttgart
euro2024,Euro 2024,UEFA,2024,EURO2024-14,2024-06-16,group,C,,Serbia,England,,ENG,0,1,0,1,False,False,,,Gelsenkirchen
euro2024,Euro 2024,UEFA,2024,EURO2024-19,2024-06-16,group,D,,Poland,Netherlands,,NED,1,2,1,1,False,False,,,Hamburg
euro2024,Euro 2024,UEFA,2024,EURO2024-20,2024-06-17,group,D,,Austria,France,AUT,FRA,0,1,0,1,False,False,,,Düsseldorf
euro2024,Euro 2024,UEFA,2024,EURO2024-25,2024-06-17,group,E,,Romania,Ukraine,,,3,0,1,0,False,False,,,München
euro2024,Euro 2024,UEFA,2024,EURO2024-26,2024-06-17,group,E,,Belgium,Slovakia,BEL,,0,1,0,1,False,False,,,Frankfurt
euro2024,Euro 2024,UEFA,2024,EURO2024-31,2024-06-18,group,F,,Turkey,Georgia,TUR,,3,1,1,1,False,False,,,Dortmund
euro2024,Euro 2024,UEFA,2024,EURO2024-32,2024-06-18,group,F,,Portugal,Czech Republic,POR,,2,1,0,0,False,False,,,Leipzig
euro2024,Euro 2024,UEFA,2024,EURO2024-03,2024-06-19,group,A,,Germany,Hungary,GER,,2,0,1,0,False,False,,,Stuttgart
euro2024,Euro 2024,UEFA,2024,EURO2024-04,2024-06-19,group,A,,Scotland,Switzerland,SCO,SUI,1,1,1,1,False,False,,,Köln
euro2024,Euro 2024,UEFA,2024,EURO2024-09,2024-06-19,group,B,,Croatia,Albania,CRO,,2,2,0,1,False,False,,,Hamburg
euro2024,Euro 2024,UEFA,2024,EURO2024-10,2024-06-20,group,B,,Spain,Italy,ESP,,1,0,0,0,False,False,,,Gelsenkirchen
euro2024,Euro 2024,UEFA,2024,EURO2024-15,2024-06-20,group,C,,Slovenia,Serbia,,,1,1,0,0,False,False,,,München
euro2024,Euro 2024,UEFA,2024,EURO2024-16,2024-06-20,group,C,,Denmark,England,,ENG,1,1,1,1,False,False,,,Frankfurt
euro2024,Euro 2024,UEFA,2024,EURO2024-21,2024-06-21,group,D,,Poland,Austria,,AUT,1,3,1,1,False,False,,,Berlin
euro2024,Euro 2024,UEFA,2024,EURO2024-22,2024-06-21,group,D,,Netherlands,France,NED,FRA,0,0,,,False,False,,,Leipzig
euro2024,Euro 2024,UEFA,2024,EURO2024-27,2024-06-21,group,E,,Slovakia,Ukraine,,,1,2,1,0,False,False,,,Düsseldorf
euro2024,Euro 2024,UEFA,2024,EURO2024-28,2024-06-22,group,E,,Belgium,Romania,BEL,,2,0,1,0,False,False,,,Köln
euro2024,Euro 2024,UEFA,2024,EURO2024-33,2024-06-22,group,F,,Georgia,Czech Republic,,,1,1,1,0,False,False,,,Hamburg
euro2024,Euro 2024,UEFA,2024,EURO2024-34,2024-06-22,group,F,,Turkey,Portugal,TUR,POR,0,3,0,2,False,False,,,Dortmund
euro2024,Euro 2024,UEFA,2024,EURO2024-05,2024-06-23,group,A,,Switzerland,Germany,SUI,GER,1,1,1,0,False,False,,,Frankfurt
euro2024,Euro 2024,UEFA,2024,EURO2024-06,2024-06-23,group,A,,Scotland,Hungary,SCO,,0,1,0,0,False,False,,,Stuttgart
euro2024,Euro 2024,UEFA,2024,EURO2024-11,2024-06-24,group,B,,Albania,Spain,,ESP,0,1,0,1,False,False,,,Düsseldorf
euro2024,Euro 2024,UEFA,2024,EURO2024-12,2024-06-24,group,B,,Croatia,Italy,CRO,,1,1,0,0,False,False,,,Leipzig
euro2024,Euro 2024,UEFA,2024,EURO2024-17,2024-06-25,group,C,,England,Slovenia,ENG,,0,0,,,False,False,,,Köln
euro2024,Euro 2024,UEFA,2024,EURO2024-18,2024-06-25,group,C,,Denmark,Serbia,,,0,0,,,False,False,,,München
euro2024,Euro 2024,UEFA,2024,EURO2024-23,2024-06-25,group,D,,Netherlands,Austria,NED,AUT,2,3,0,1,False,False,,,Berlin
euro2024,Euro 2024,UEFA,2024,EURO2024-24,2024-06-25,group,D,,France,Poland,FRA,,1,1,0,0,False,False,,,Dortmund
euro2024,Euro 2024,UEFA,2024,EURO2024-29,2024-06-26,group,E,,Slovakia,Romania,,,1,1,1,1,False,False,,,Frankfurt
euro2024,Euro 2024,UEFA,2024,EURO2024-30,2024-06-26,group,E,,Ukraine,Belgium,,BEL,0,0,,,False,False,,,Stuttgart
euro2024,Euro 2024,UEFA,2024,EURO2024-35,2024-06-26,group,F,,Georgia,Portugal,,POR,2,0,1,0,False,False,,,Gelsenkirchen
euro2024,Euro 2024,UEFA,2024,EURO2024-36,2024-06-26,group,F,,Czech Republic,Turkey,,TUR,1,2,0,0,False,False,,,Hamburg
euro2024,Euro 2024,UEFA,2024,EURO2024-37,2024-06-29,round_of_16,,,Switzerland,Italy,SUI,,2,0,1,0,False,False,,,Berlin
euro2024,Euro 2024,UEFA,2024,EURO2024-38,2024-06-29,round_of_16,,,Germany,Denmark,GER,,2,0,0,0,False,False,,,Dortmund
euro2024,Euro 2024,UEFA,2024,EURO2024-39,2024-06-30,round_of_16,,,England,Slovakia,ENG,,2,1,0,1,True,False,,,Gelsenkirchen
euro2024,Euro 2024,UEFA,2024,EURO2024-40,2024-06-30,round_of_16,,,Spain,Georgia,ESP,,4,1,1,1,False,False,,,Köln
euro2024,Euro 2024,UEFA,2024,EURO2024-41,2024-07-01,round_of_16,,,France,Belgium,FRA,BEL,1,0,0,0,False,False,,,Düsseldorf
euro2024,Euro 2024,UEFA,2024,EURO2024-42,2024-07-01,round_of_16,,,Portugal,Slovenia,POR,,0,0,0,0,True,True,3,0,Frankfurt
euro2024,Euro 2024,UEFA,2024,EURO2024-43,2024-07-02,round_of_16,,,Romania,Netherlands,,NED,0,3,0,1,False,False,,,München
euro2024,Euro 2024,UEFA,2024,EURO2024-44,2024-07-02,round_of_16,,,Austria,Turkey,AUT,TUR,1,2,0,1,False,False,,,Leipzig
euro2024,Euro 2024,UEFA,2024,EURO2024-45,2024-07-05,quarter_final,,,Spain,Germany,ESP,GER,2,1,0,0,True,False,,,Stuttgart
euro2024,Euro 2024,UEFA,2024,EURO2024-46,2024-07-05,quarter_final,,,Portugal,France,POR,FRA,0,0,0,0,True,True,3,5,Hamburg
euro2024,Euro 2024,UEFA,2024,EURO2024-47,2024-07-06,quarter_final,,,England,Switzerland,ENG,SUI,1,1,0,0,True,True,5,3,Düsseldorf
euro2024,Euro 2024,UEFA,2024,EURO2024-48,2024-07-06,quarter_final,,,Netherlands,Turkey,NED,TUR,2,1,0,1,False,False,,,Berlin
euro2024,Euro 2024,UEFA,2024,EURO2024-49,2024-07-09,semi_final,,,Spain,France,ESP,FRA,2,1,2,1,False,False,,,München
euro2024,Euro 2024,UEFA,2024,EURO2024-50,2024-07-10,semi_final,,,Netherlands,England,NED,ENG,1,2,1,1,False,False,,,Dortmund
euro2024,Euro 2024,UEFA,2024,EURO2024-51,2024-07-14,final,,,Spain,England,ESP,ENG,2,1,0,0,False,False,,,Berlin
afc_qualifiers,WC2026 Qualifiers,AFC,FIFA World Cup 2026™ AFC Qualifiers,Q26-AFC-400018516,2024-09-05,Round Three,C,1,Australia,Bahrain,AUS,BHR,0,1,,,False,False,,,Cbus Super Stadium
afc_qualifiers,WC2026 Qualifiers,AFC,FIFA World Cup 2026™ AFC Qualifiers,Q26-AFC-400018509,2024-09-05,Round Three,C,1,Japan,China PR,JPN,CHN,7,0,,,False,False,,,Saitama Stadium
afc_qualifiers,WC2026 Qualifiers,AFC,FIFA World Cup 2026™ AFC Qualifiers,Q26-AFC-400018479,2024-09-05,Round Three,B,1,Korea Republic,Palestine,KOR,PLE,0,0,,,False,False,,,Seoul World Cup Stadium
afc_qualifiers,WC2026 Qualifiers,AFC,FIFA World Cup 2026™ AFC Qualifiers,Q26-AFC-400018461,2024-09-05,Round Three,A,1,Uzbekistan,Korea DPR,UZB,PRK,1,0,,,False,False,,,Milliy Stadium
afc_qualifiers,WC2026 Qualifiers,AFC,FIFA World Cup 2026™ AFC Qualifiers,Q26-AFC-400018438,2024-09-05,Round Three,A,1,IR Iran,Kyrgyz Republic,IRN,KGZ,1,0,,,False,False,,,Foolad Shahr Stadium
afc_qualifiers,WC2026 Qualifiers,AFC,FIFA World Cup 2026™ AFC Qualifiers,Q26-AFC-400018468,2024-09-05,Round Three,B,1,Iraq,Oman,IRQ,OMA,1,0,,,False,False,,,Basra International Stadium
afc_qualifiers,WC2026 Qualifiers,AFC,FIFA World Cup 2026™ AFC Qualifiers,Q26-AFC-400018447,2024-09-05,Round Three,A,1,Qatar,United Arab Emirates,QAT,UAE,1,3,,,False,False,,,Ahmad Bin Ali Stadium
afc_qualifiers,WC2026 Qualifiers,AFC,FIFA World Cup 2026™ AFC Qualifiers,Q26-AFC-400018472,2024-09-05,Round Three,B,1,Jordan,Kuwait,JOR,KUW,1,1,,,False,False,,,Amman International Stadium
afc_qualifiers,WC2026 Qualifiers,AFC,FIFA World Cup 2026™ AFC Qualifiers,Q26-AFC-400018514,2024-09-05,Round Three,C,1,Saudi Arabia,Indonesia,KSA,IDN,1,1,,,False,False,,,King Abdullah Sports City Stadium
conmebol_qualifiers,WC2026 Qualifiers,CONMEBOL,FIFA World Cup 2026™ CONMEBOL Qualifiers,Q26-CONMEBOL-400018618,2024-09-05,Round One,,7,Bolivia,Venezuela,BOL,VEN,4,0,,,False,False,,,Estadio Municipal de El Alto
ofc_qualifiers,WC2026 Qualifiers,OFC,FIFA World Cup 2026™ OFC Qualifiers,Q26-OFC-400018587,2024-09-05,First Round,Matches,,Cook Islands,Tonga,COK,TGA,1,3,,,False,False,,,FFS Football Stadium Field 1
conmebol_qualifiers,WC2026 Qualifiers,CONMEBOL,FIFA World Cup 2026™ CONMEBOL Qualifiers,Q26-CONMEBOL-400018611,2024-09-06,Round One,,7,Argentina,Chile,ARG,CHI,3,0,,,False,False,,,El Monumental - Estadio Monumental Antonio Vespucio Liberti
conmebol_qualifiers,WC2026 Qualifiers,CONMEBOL,FIFA World Cup 2026™ CONMEBOL Qualifiers,Q26-CONMEBOL-400018612,2024-09-06,Round One,,7,Uruguay,Paraguay,URU,PAR,0,0,,,False,False,,,Estadio Centenario
ofc_qualifiers,WC2026 Qualifiers,OFC,FIFA World Cup 2026™ OFC Qualifiers,Q26-OFC-400018586,2024-09-06,First Round,Matches,,American Samoa,Samoa,ASA,SAM,0,2,,,False,False,,,FFS Football Stadium Field 1
conmebol_qualifiers,WC2026 Qualifiers,CONMEBOL,FIFA World Cup 2026™ CONMEBOL Qualifiers,Q26-CONMEBOL-400018617,2024-09-07,Round One,,7,Brazil,Ecuador,BRA,ECU,1,0,,,False,False,,,Estádio Major Antônio Couto Pereira
conmebol_qualifiers,WC2026 Qualifiers,CONMEBOL,FIFA World Cup 2026™ CONMEBOL Qualifiers,Q26-CONMEBOL-400018616,2024-09-07,Round One,,7,Peru,Colombia,PER,COL,1,1,,,False,False,,,Estadio Nacional
ofc_qualifiers,WC2026 Qualifiers,OFC,FIFA World Cup 2026™ OFC Qualifiers,Q26-OFC-400018585,2024-09-09,First Round,Matches,,Tonga,Samoa,TGA,SAM,1,2,,,False,False,,,FFS Football Stadium Field 1
afc_qualifiers,WC2026 Qualifiers,AFC,FIFA World Cup 2026™ AFC Qualifiers,Q26-AFC-400018441,2024-09-10,Round Three,A,2,Korea DPR,Qatar,PRK,QAT,2,2,,,False,False,,,New Laos National Stadium
afc_qualifiers,WC2026 Qualifiers,AFC,FIFA World Cup 2026™ AFC Qualifiers,Q26-AFC-400018507,2024-09-10,Round Three,C,2,Indonesia,Australia,IDN,AUS,0,0,,,False,False,,,Gelora Bung Karno Stadium
afc_qualifiers,WC2026 Qualifiers,AFC,FIFA World Cup 2026™ AFC Qualifiers,Q26-AFC-400018501,2024-09-10,Round Three,C,2,China PR,Saudi Arabia,CHN,KSA,1,2,,,False,False,,,Suoyuwan Football Stadium
afc_qualifiers,WC2026 Qualifiers,AFC,FIFA World Cup 2026™ AFC Qualifiers,Q26-AFC-400018487,2024-09-10,Round Three,B,2,Oman,Korea Republic,OMA,KOR,1,3,,,False,False,,,Boshar - Sultan Qaboos Sports Complex
afc_qualifiers,WC2026 Qualifiers,AFC,FIFA World Cup 2026™ AFC Qualifiers,Q26-AFC-400018459,2024-09-10,Round Three,A,2,Kyrgyz Republic,Uzbekistan,KGZ,UZB,2,3,,,False,False,,,Dolen Omurzakov Stadium
afc_qualifiers,WC2026 Qualifiers,AFC,FIFA World Cup 2026™ AFC Qualifiers,Q26-AFC-400018491,2024-09-10,Round Three,B,2,Palestine,Jordan,PLE,JOR,1,3,,,False,False,,,KLFA Stadium
afc_qualifiers,WC2026 Qualifiers,AFC,FIFA World Cup 2026™ AFC Qualifiers,Q26-AFC-400018450,2024-09-10,Round Three,A,2,United Arab Emirates,IR Iran,UAE,IRN,0,1,,,False,False,,,Hazza Bin Zayed Stadium
afc_qualifiers,WC2026 Qualifiers,AFC,FIFA World Cup 2026™ AFC Qualifiers,Q26-AFC-400018497,2024-09-10,Round Three,C,2,Bahrain,Japan,BHR,JPN,0,5,,,False,False,,,Bahrain National Stadium
afc_qualifiers,WC2026 Qualifiers,AFC,FIFA World Cup 2026™ AFC Qualifiers,Q26-AFC-400018480,2024-09-10,Round Three,B,2,Kuwait,Iraq,KUW,IRQ,0,0,,,False,False,,,Jaber Al-Ahmad International Stadium
conmebol_qualifiers,WC2026 Qualifiers,CONMEBOL,FIFA World Cup 2026™ CONMEBOL Qualifiers,Q26-CONMEBOL-400018610,2024-09-10,Round One,,8,Colombia,Argentina,COL,ARG,2,1,,,False,False,,,Metropolitano Roberto Melendez
conmebol_qualifiers,WC2026 Qualifiers,CONMEBOL,FIFA World Cup 2026™ CONMEBOL Qualifiers,Q26-CONMEBOL-400018613,2024-09-10,Round One,,8,Ecuador,Peru,ECU,PER,1,0,,,False,False,,,Estadio Rodrigo Paz Delgado
conmebol_qualifiers,WC2026 Qualifiers,CONMEBOL,FIFA World Cup 2026™ CONMEBOL Qualifiers,Q26-CONMEBOL-400018619,2024-09-10,Round One,,8,Chile,Bolivia,CHI,BOL,1,2,,,False,False,,,Estadio Nacional Julio Martínez Prádanos
conmebol_qualifiers,WC2026 Qualifiers,CONMEBOL,FIFA World Cup 2026™ CONMEBOL Qualifiers,Q26-CONMEBOL-400018614,2024-09-10,Round One,,8,Venezuela,Uruguay,VEN,URU,0,0,,,False,False,,,Estadio Monumental de Maturin
conmebol_qualifiers,WC2026 Qualifiers,CONMEBOL,FIFA World Cup 2026™ CONMEBOL Qualifiers,Q26-CONMEBOL-400018615,2024-09-11,Round One,,8,Paraguay,Brazil,PAR,BRA,1,0,,,False,False,,,Estadio Defensores del Chaco
afc_qualifiers,WC2026 Qualifiers,AFC,FIFA World Cup 2026™ AFC Qualifiers,Q26-AFC-400018517,2024-10-10,Round Three,C,3,Australia,China PR,AUS,CHN,3,1,,,False,False,,,Adelaide Oval
afc_qualifiers,WC2026 Qualifiers,AFC,FIFA World Cup 2026™ AFC Qualifiers,Q26-AFC-400018460,2024-10-10,Round Three,A,3,Uzbekistan,IR Iran,UZB,IRN,0,0,,,False,False,,,Milliy Stadium
afc_qualifiers,WC2026 Qualifiers,AFC,FIFA World Cup 2026™ AFC Qualifiers,Q26-AFC-400018471,2024-10-10,Round Three,B,3,Jordan,Korea Republic,JOR,KOR,0,2,,,False,False,,,Amman International Stadium
afc_qualifiers,WC2026 Qualifiers,AFC,FIFA World Cup 2026™ AFC Qualifiers,Q26-AFC-400018488,2024-10-10,Round Three,B,3,Oman,Kuwait,OMA,KUW,4,0,,,False,False,,,Boshar - Sultan Qaboos Sports Complex
afc_qualifiers,WC2026 Qualifiers,AFC,FIFA World Cup 2026™ AFC Qualifiers,Q26-AFC-400018448,2024-10-10,Round Three,A,3,Qatar,Kyrgyz Republic,QAT,KGZ,3,1,,,False,False,,,Al Thumama Stadium
afc_qualifiers,WC2026 Qualifiers,AFC,FIFA World Cup 2026™ AFC Qualifiers,Q26-AFC-400018451,2024-10-10,Round Three,A,3,United Arab Emirates,Korea DPR,UAE,PRK,1,1,,,False,False,,,Hazza Bin Zayed Stadium
afc_qualifiers,WC2026 Qualifiers,AFC,FIFA World Cup 2026™ AFC Qualifiers,Q26-AFC-400018496,2024-10-10,Round Three,C,3,Bahrain,Indonesia,BHR,IDN,2,2,,,False,False,,,Bahrain National Stadium
afc_qualifiers,WC2026 Qualifiers,AFC,FIFA World Cup 2026™ AFC Qualifiers,Q26-AFC-400018515,2024-10-10,Round Three,C,3,Saudi Arabia,Japan,KSA,JPN,0,2,,,False,False,,,King Abdullah Sports City Stadium
afc_qualifiers,WC2026 Qualifiers,AFC,FIFA World Cup 2026™ AFC Qualifiers,Q26-AFC-400018469,2024-10-10,Round Three,B,3,Iraq,Palestine,IRQ,PLE,1,0,,,False,False,,,Basra International Stadium
conmebol_qualifiers,WC2026 Qualifiers,CONMEBOL,FIFA World Cup 2026™ CONMEBOL Qualifiers,Q26-CONMEBOL-400018921,2024-10-10,Round One,,9,Bolivia,Colombia,BOL,COL,1,0,,,False,False,,,Estadio Municipal de El Alto
conmebol_qualifiers,WC2026 Qualifiers,CONMEBOL,FIFA World Cup 2026™ CONMEBOL Qualifiers,Q26-CONMEBOL-400018917,2024-10-10,Round One,,9,Ecuador,Paraguay,ECU,PAR,0,0,,,False,False,,,Estadio Rodrigo Paz Delgado
conmebol_qualifiers,WC2026 Qualifiers,CONMEBOL,FIFA World Cup 2026™ CONMEBOL Qualifiers,Q26-CONMEBOL-400018919,2024-10-10,Round One,,9,Venezuela,Argentina,VEN,ARG,1,1,,,False,False,,,Estadio Monumental de Maturin
ofc_qualifiers,WC2026 Qualifiers,OFC,FIFA World Cup 2026™ OFC Qualifiers,Q26-OFC-400018596,2024-10-10,Second Round,A,1,New Caledonia,Papua New Guinea,NCL,PNG,3,1,,,False,False,,,ANZ National Stadium
ofc_qualifiers,WC2026 Qualifiers,OFC,FIFA World Cup 2026™ OFC Qualifiers,Q26-OFC-400018597,2024-10-10,Second Round,A,1,Solomon Islands,Fiji,SOL,FIJ,0,1,,,False,False,,,ANZ National Stadium
conmebol_qualifiers,WC2026 Qualifiers,CONMEBOL,FIFA World Cup 2026™ CONMEBOL Qualifiers,Q26-CONMEBOL-400018922,2024-10-11,Round One,,9,Chile,Brazil,CHI,BRA,1,2,,,False,False,,,Estadio Nacional Julio Martínez Prádanos
ofc_qualifiers,WC2026 Qualifiers,OFC,FIFA World Cup 2026™ OFC Qualifiers,Q26-OFC-400018602,2024-10-11,Second Round,B,1,New Zealand,Tahiti,NZL,TAH,3,0,,,False,False,,,Freshwater Stadium
conmebol_qualifiers,WC2026 Qualifiers,CONMEBOL,FIFA World Cup 2026™ CONMEBOL Qualifiers,Q26-CONMEBOL-400018918,2024-10-12,Round One,,9,Peru,Uruguay,PER,URU,1,0,,,False,False,,,Estadio Nacional
ofc_qualifiers,WC2026 Qualifiers,OFC,FIFA World Cup 2026™ OFC Qualifiers,Q26-OFC-400018603,2024-10-12,Second Round,B,1,Vanuatu,Samoa,VAN,SAM,4,1,,,False,False,,,Freshwater Stadium
afc_qualifiers,WC2026 Qualifiers,AFC,FIFA World Cup 2026™ AFC Qualifiers,Q26-AFC-400018511,2024-10-15,Round Three,C,4,Japan,Australia,JPN,AUS,1,1,,,False,False,,,Saitama Stadium
afc_qualifiers,WC2026 Qualifiers,AFC,FIFA World Cup 2026™ AFC Qualifiers,Q26-AFC-400018475,2024-10-15,Round Three,B,4,Korea Republic,Iraq,KOR,IRQ,3,2,,,False,False,,,Yongin Mireu Stadium
afc_qualifiers,WC2026 Qualifiers,AFC,FIFA World Cup 2026™ AFC Qualifiers,Q26-AFC-400018499,2024-10-15,Round Three,C,4,China PR,Indonesia,CHN,IDN,2,1,,,False,False,,,Qingdao Youth Football Stadium
afc_qualifiers,WC2026 Qualifiers,AFC,FIFA World Cup 2026™ AFC Qualifiers,Q26-AFC-400018456,2024-10-15,Round Three,A,4,Kyrgyz Republic,Korea DPR,KGZ,PRK,1,0,,,False,False,,,Dolen Omurzakov Stadium
afc_qualifiers,WC2026 Qualifiers,AFC,FIFA World Cup 2026™ AFC Qualifiers,Q26-AFC-400018463,2024-10-15,Round Three,A,4,Uzbekistan,United Arab Emirates,UZB,UAE,1,0,,,False,False,,,Milliy Stadium
afc_qualifiers,WC2026 Qualifiers,AFC,FIFA World Cup 2026™ AFC Qualifiers,Q26-AFC-400018436,2024-10-15,Round Three,A,4,IR Iran,Qatar,IRN,QAT,4,1,,,False,False,,,Rashid Stadium
afc_qualifiers,WC2026 Qualifiers,AFC,FIFA World Cup 2026™ AFC Qualifiers,Q26-AFC-400018473,2024-10-15,Round Three,B,4,Jordan,Oman,JOR,OMA,4,0,,,False,False,,,Amman International Stadium
afc_qualifiers,WC2026 Qualifiers,AFC,FIFA World Cup 2026™ AFC Qualifiers,Q26-AFC-400018493,2024-10-15,Round Three,B,4,Palestine,Kuwait,PLE,KUW,2,2,,,False,False,,,Jassim Bin Hamad Stadium
afc_qualifiers,WC2026 Qualifiers,AFC,FIFA World Cup 2026™ AFC Qualifiers,Q26-AFC-400018512,2024-10-15,Round Three,C,4,Saudi Arabia,Bahrain,KSA,BHR,0,0,,,False,False,,,King Abdullah Sports City Stadium
conmebol_qualifiers,WC2026 Qualifiers,CONMEBOL,FIFA World Cup 2026™ CONMEBOL Qualifiers,Q26-CONMEBOL-400018914,2024-10-15,Round One,,10,Colombia,Chile,COL,CHI,4,0,,,False,False,,,Metropolitano Roberto Melendez
conmebol_qualifiers,WC2026 Qualifiers,CONMEBOL,FIFA World Cup 2026™ CONMEBOL Qualifiers,Q26-CONMEBOL-400018920,2024-10-15,Round One,,10,Paraguay,Venezuela,PAR,VEN,2,1,,,False,False,,,Estadio Defensores del Chaco
conmebol_qualifiers,WC2026 Qualifiers,CONMEBOL,FIFA World Cup 2026™ CONMEBOL Qualifiers,Q26-CONMEBOL-400018916,2024-10-15,Round One,,10,Uruguay,Ecuador,URU,ECU,0,0,,,False,False,,,Estadio Centenario
conmebol_qualifiers,WC2026 Qualifiers,CONMEBOL,FIFA World Cup 2026™ CONMEBOL Qualifiers,Q26-CONMEBOL-400018915,2024-10-16,Round One,,10,Argentina,Bolivia,ARG,BOL,6,0,,,False,False,,,El Monumental - Estadio Monumental Antonio Vespucio Liberti
conmebol_qualifiers,WC2026 Qualifiers,CONMEBOL,FIFA World Cup 2026™ CONMEBOL Qualifiers,Q26-CONMEBOL-400018923,2024-10-16,Round One,,10,Brazil,Peru,BRA,PER,4,0,,,False,False,,,Estádio Nacional Mané Garrincha
afc_qualifiers,WC2026 Qualifiers,AFC,FIFA World Cup 2026™ AFC Qualifiers,Q26-AFC-400018519,2024-11-14,Round Three,C,5,Australia,Saudi Arabia,AUS,KSA,0,0,,,False,False,,,Melbourne Rectangular Stadium
afc_qualifiers,WC2026 Qualifiers,AFC,FIFA World Cup 2026™ AFC Qualifiers,Q26-AFC-400018440,2024-11-14,Round Three,A,5,Korea DPR,IR Iran,PRK,IRN,2,3,,,False,False,,,New Laos National Stadium
afc_qualifiers,WC2026 Qualifiers,AFC,FIFA World Cup 2026™ AFC Qualifiers,Q26-AFC-400018495,2024-11-14,Round Three,C,5,Bahrain,China PR,BHR,CHN,0,1,,,False,False,,,Bahrain National Stadium
afc_qualifiers,WC2026 Qualifiers,AFC,FIFA World Cup 2026™ AFC Qualifiers,Q26-AFC-400018482,2024-11-14,Round Three,B,5,Kuwait,Korea Republic,KUW,KOR,1,3,,,False,False,,,Jaber Al-Ahmad International Stadium
afc_qualifiers,WC2026 Qualifiers,AFC,FIFA World Cup 2026™ AFC Qualifiers,Q26-AFC-400018489,2024-11-14,Round Three,B,5,Oman,Palestine,OMA,PLE,1,0,,,False,False,,,Boshar - Sultan Qaboos Sports Complex
afc_qualifiers,WC2026 Qualifiers,AFC,FIFA World Cup 2026™ AFC Qualifiers,Q26-AFC-400018465,2024-11-14,Round Three,B,5,Iraq,Jordan,IRQ,JOR,0,0,,,False,False,,,Basra International Stadium
afc_qualifiers,WC2026 Qualifiers,AFC,FIFA World Cup 2026™ AFC Qualifiers,Q26-AFC-400018449,2024-11-14,Round Three,A,5,Qatar,Uzbekistan,QAT,UZB,3,2,,,False,False,,,Jassim Bin Hamad Stadium
afc_qualifiers,WC2026 Qualifiers,AFC,FIFA World Cup 2026™ AFC Qualifiers,Q26-AFC-400018453,2024-11-14,Round Three,A,5,United Arab Emirates,Kyrgyz Republic,UAE,KGZ,3,0,,,False,False,,,Mohammed Bin Zayed Stadium
conmebol_qualifiers,WC2026 Qualifiers,CONMEBOL,FIFA World Cup 2026™ CONMEBOL Qualifiers,Q26-CONMEBOL-400019108,2024-11-14,Round One,,11,Venezuela,Brazil,VEN,BRA,1,1,,,False,False,,,Estadio Monumental de Maturin
conmebol_qualifiers,WC2026 Qualifiers,CONMEBOL,FIFA World Cup 2026™ CONMEBOL Qualifiers,Q26-CONMEBOL-400019113,2024-11-14,Round One,,11,Paraguay,Argentina,PAR,ARG,2,1,,,False,False,,,Estadio Defensores del Chaco
ofc_qualifiers,WC2026 Qualifiers,OFC,FIFA World Cup 2026™ OFC Qualifiers,Q26-OFC-400018601,2024-11-14,Second Round,A,2,Solomon Islands,New Caledonia,SOL,NCL,2,3,,,False,False,,,PNG Football Stadium
ofc_qualifiers,WC2026 Qualifiers,OFC,FIFA World Cup 2026™ OFC Qualifiers,Q26-OFC-400018599,2024-11-14,Second Round,A,2,Papua New Guinea,Fiji,PNG,FIJ,3,3,,,False,False,,,PNG Football Stadium
afc_qualifiers,WC2026 Qualifiers,AFC,FIFA World Cup 2026™ AFC Qualifiers,Q26-AFC-400018505,2024-11-15,Round Three,C,5,Indonesia,Japan,IDN,JPN,0,4,,,False,False,,,Gelora Bung Karno Stadium
conmebol_qualifiers,WC2026 Qualifiers,CONMEBOL,FIFA World Cup 2026™ CONMEBOL Qualifiers,Q26-CONMEBOL-400019116,2024-11-15,Round One,,11,Ecuador,Bolivia,ECU,BOL,4,0,,,False,False,,,Isidro Romero - Monumental
ofc_qualifiers,WC2026 Qualifiers,OFC,FIFA World Cup 2026™ OFC Qualifiers,Q26-OFC-400018604,2024-11-15,Second Round,B,2,Samoa,Tahiti,SAM,TAH,0,3,,,False,False,,,Waikato Stadium
ofc_qualifiers,WC2026 Qualifiers,OFC,FIFA World Cup 2026™ OFC Qualifiers,Q26-OFC-400018605,2024-11-15,Second Round,B,2,New Zealand,Vanuatu,NZL,VAN,8,1,,,False,False,,,Waikato Stadium
conmebol_qualifiers,WC2026 Qualifiers,CONMEBOL,FIFA World Cup 2026™ CONMEBOL Qualifiers,Q26-CONMEBOL-400019111,2024-11-16,Round One,,11,Uruguay,Colombia,URU,COL,3,2,,,False,False,,,Estadio Centenario
conmebol_qualifiers,WC2026 Qualifiers,CONMEBOL,FIFA World Cup 2026™ CONMEBOL Qualifiers,Q26-CONMEBOL-400019112,2024-11-16,Round One,,11,Peru,Chile,PER,CHI,0,0,,,False,False,,,Monumental de Ate 'U'
ofc_qualifiers,WC2026 Qualifiers,OFC,FIFA World Cup 2026™ OFC Qualifiers,Q26-OFC-400018598,2024-11-17,Second Round,A,3,Fiji,New Caledonia,FIJ,NCL,1,1,,,False,False,,,PNG Football Stadium
ofc_qualifiers,WC2026 Qualifiers,OFC,FIFA World Cup 2026™ OFC Qualifiers,Q26-OFC-400018600,2024-11-17,Second Round,A,3,Papua New Guinea,Solomon Islands,PNG,SOL,1,2,,,False,False,,,PNG Football Stadium
ofc_qualifiers,WC2026 Qualifiers,OFC,FIFA World Cup 2026™ OFC Qualifiers,Q26-OFC-400018607,2024-11-18,Second Round,B,3,Tahiti,Vanuatu,TAH,VAN,2,0,,,False,False,,,Go Media Stadium
ofc_qualifiers,WC2026 Qualifiers,OFC,FIFA World Cup 2026™ OFC Qualifiers,Q26-OFC-400018606,2024-11-18,Second Round,B,3,Samoa,New Zealand,SAM,NZL,0,8,,,False,False,,,Go Media Stadium
afc_qualifiers,WC2026 Qualifiers,AFC,FIFA World Cup 2026™ AFC Qualifiers,Q26-AFC-400018444,2024-11-19,Round Three,A,6,Korea DPR,Uzbekistan,PRK,UZB,0,1,,,False,False,,,New Laos National Stadium
afc_qualifiers,WC2026 Qualifiers,AFC,FIFA World Cup 2026™ AFC Qualifiers,Q26-AFC-400018506,2024-11-19,Round Three,C,6,Indonesia,Saudi Arabia,IDN,KSA,2,0,,,False,False,,,Gelora Bung Karno Stadium
afc_qualifiers,WC2026 Qualifiers,AFC,FIFA World Cup 2026™ AFC Qualifiers,Q26-AFC-400018500,2024-11-19,Round Three,C,6,China PR,Japan,CHN,JPN,1,3,,,False,False,,,Xiamen Egret Stadium
afc_qualifiers,WC2026 Qualifiers,AFC,FIFA World Cup 2026™ AFC Qualifiers,Q26-AFC-400018455,2024-11-19,Round Three,A,6,Kyrgyz Republic,IR Iran,KGZ,IRN,2,3,,,False,False,,,Dolen Omurzakov Stadium
afc_qualifiers,WC2026 Qualifiers,AFC,FIFA World Cup 2026™ AFC Qualifiers,Q26-AFC-400018492,2024-11-19,Round Three,B,6,Palestine,Korea Republic,PLE,KOR,1,1,,,False,False,,,Amman International Stadium
afc_qualifiers,WC2026 Qualifiers,AFC,FIFA World Cup 2026™ AFC Qualifiers,Q26-AFC-400018452,2024-11-19,Round Three,A,6,United Arab Emirates,Qatar,UAE,QAT,5,0,,,False,False,,,Al Nahyan Stadium
afc_qualifiers,WC2026 Qualifiers,AFC,FIFA World Cup 2026™ AFC Qualifiers,Q26-AFC-400018485,2024-11-19,Round Three,B,6,Oman,Iraq,OMA,IRQ,0,1,,,False,False,,,Boshar - Sultan Qaboos Sports Complex
afc_qualifiers,WC2026 Qualifiers,AFC,FIFA World Cup 2026™ AFC Qualifiers,Q26-AFC-400018481,2024-11-19,Round Three,B,6,Kuwait,Jordan,KUW,JOR,1,1,,,False,False,,,Jaber Al-Ahmad International Stadium
afc_qualifiers,WC2026 Qualifiers,AFC,FIFA World Cup 2026™ AFC Qualifiers,Q26-AFC-400018498,2024-11-19,Round Three,C,6,Bahrain,Australia,BHR,AUS,2,2,,,False,False,,,Bahrain National Stadium
conmebol_qualifiers,WC2026 Qualifiers,CONMEBOL,FIFA World Cup 2026™ CONMEBOL Qualifiers,Q26-CONMEBOL-400019114,2024-11-19,Round One,,12,Bolivia,Paraguay,BOL,PAR,2,2,,,False,False,,,Estadio Municipal de El Alto
conmebol_qualifiers,WC2026 Qualifiers,CONMEBOL,FIFA World Cup 2026™ CONMEBOL Qualifiers,Q26-CONMEBOL-400019109,2024-11-19,Round One,,12,Colombia,Ecuador,COL,ECU,0,1,,,False,False,,,Metropolitano Roberto Melendez
conmebol_qualifiers,WC2026 Qualifiers,CONMEBOL,FIFA World Cup 2026™ CONMEBOL Qualifiers,Q26-CONMEBOL-400019110,2024-11-20,Round One,,12,Argentina,Peru,ARG,PER,1,0,,,False,False,,,La Bombonera - Estadio Alberto J. Armando
conmebol_qualifiers,WC2026 Qualifiers,CONMEBOL,FIFA World Cup 2026™ CONMEBOL Qualifiers,Q26-CONMEBOL-400019115,2024-11-20,Round One,,12,Chile,Venezuela,CHI,VEN,4,2,,,False,False,,,Estadio Nacional Julio Martínez Prádanos
conmebol_qualifiers,WC2026 Qualifiers,CONMEBOL,FIFA World Cup 2026™ CONMEBOL Qualifiers,Q26-CONMEBOL-400019117,2024-11-20,Round One,,12,Brazil,Uruguay,BRA,URU,1,1,,,False,False,,,Fonte Nova Arena
caf_qualifiers,WC2026 Qualifiers,CAF,FIFA World Cup 2026™ CAF Qualifiers,Q26-CAF-400019686,2025-03-19,Round One,D,5,Eswatini,Cameroon,SWZ,CMR,0,0,,,False,False,,,Mbombela Stadium
caf_qualifiers,WC2026 Qualifiers,CAF,FIFA World Cup 2026™ CAF Qualifiers,Q26-CAF-400019708,2025-03-19,Round One,H,5,Liberia,Tunisia,LBR,TUN,0,1,,,False,False,,,Samuel Kanyon Doe Sports Complex
caf_qualifiers,WC2026 Qualifiers,CAF,FIFA World Cup 2026™ CAF Qualifiers,Q26-CAF-400019713,2025-03-19,Round One,I,5,Central African Republic,Madagascar,CTA,MAD,1,4,,,False,False,,,Stade Larbi Zaouli
afc_qualifiers,WC2026 Qualifiers,AFC,FIFA World Cup 2026™ AFC Qualifiers,Q26-AFC-400018518,2025-03-20,Round Three,C,7,Australia,Indonesia,AUS,IDN,5,1,,,False,False,,,Sydney Football Stadium
afc_qualifiers,WC2026 Qualifiers,AFC,FIFA World Cup 2026™ AFC Qualifiers,Q26-AFC-400018508,2025-03-20,Round Three,C,7,Japan,Bahrain,JPN,BHR,2,0,,,False,False,,,Saitama Stadium
afc_qualifiers,WC2026 Qualifiers,AFC,FIFA World Cup 2026™ AFC Qualifiers,Q26-AFC-400018478,2025-03-20,Round Three,B,7,Korea Republic,Oman,KOR,OMA,1,1,,,False,False,,,Goyang Stadium
afc_qualifiers,WC2026 Qualifiers,AFC,FIFA World Cup 2026™ AFC Qualifiers,Q26-AFC-400018464,2025-03-20,Round Three,A,7,Uzbekistan,Kyrgyz Republic,UZB,KGZ,1,0,,,False,False,,,Milliy Stadium
afc_qualifiers,WC2026 Qualifiers,AFC,FIFA World Cup 2026™ AFC Qualifiers,Q26-AFC-400018437,2025-03-20,Round Three,A,7,IR Iran,United Arab Emirates,IRN,UAE,2,0,,,False,False,,,Azadi Stadium
afc_qualifiers,WC2026 Qualifiers,AFC,FIFA World Cup 2026™ AFC Qualifiers,Q26-AFC-400018446,2025-03-20,Round Three,A,7,Qatar,Korea DPR,QAT,PRK,5,1,,,False,False,,,Jassim Bin Hamad Stadium
afc_qualifiers,WC2026 Qualifiers,AFC,FIFA World Cup 2026™ AFC Qualifiers,Q26-AFC-400018474,2025-03-20,Round Three,B,7,Jordan,Palestine,JOR,PLE,3,1,,,False,False,,,Amman International Stadium
afc_qualifiers,WC2026 Qualifiers,AFC,FIFA World Cup 2026™ AFC Qualifiers,Q26-AFC-400018467,2025-03-20,Round Three,B,7,Iraq,Kuwait,IRQ,KUW,2,2,,,False,False,,,Basra International Stadium
afc_qualifiers,WC2026 Qualifiers,AFC,FIFA World Cup 2026™ AFC Qualifiers,Q26-AFC-400018513,2025-03-20,Round Three,C,7,Saudi Arabia,China PR,KSA,CHN,1,0,,,False,False,,,King Saud University Stadium
caf_qualifiers,WC2026 Qualifiers,CAF,FIFA World Cup 2026™ CAF Qualifiers,Q26-CAF-400019699,2025-03-20,Round One,G,5,Mozambique,Uganda,MOZ,UGA,3,1,,,False,False,,,Cairo International Stadium
caf_qualifiers,WC2026 Qualifiers,CAF,FIFA World Cup 2026™ CAF Qualifiers,Q26-CAF-400019679,2025-03-20,Round One,C,5,Zimbabwe,Benin,ZIM,BEN,2,2,,,False,False,,,Moses Mabhida Stadium 
caf_qualifiers,WC2026 Qualifiers,CAF,FIFA World Cup 2026™ CAF Qualifiers,Q26-CAF-400019670,2025-03-20,Round One,A,5,Sierra Leone,Guinea-Bissau,SLE,GNB,3,1,,,False,False,,,Samuel Kanyon Doe Sports Complex
caf_qualifiers,WC2026 Qualifiers,CAF,FIFA World Cup 2026™ CAF Qualifiers,Q26-CAF-400019685,2025-03-20,Round One,D,5,Cabo Verde,Mauritius,CPV,MRI,1,0,,,False,False,,,Estádio Nacional de Cabo Verde
caf_qualifiers,WC2026 Qualifiers,CAF,FIFA World Cup 2026™ CAF Qualifiers,Q26-CAF-400019710,2025-03-20,Round One,H,5,Malawi,Namibia,MWI,NAM,0,1,,,False,False,,,Bingu National Stadium
caf_qualifiers,WC2026 Qualifiers,CAF,FIFA World Cup 2026™ CAF Qualifiers,Q26-CAF-400019694,2025-03-20,Round One,F,5,The Gambia,Kenya,GAM,KEN,3,3,,,False,False,,,Stade Olympique d'Ebimpé
caf_qualifiers,WC2026 Qualifiers,CAF,FIFA World Cup 2026™ CAF Qualifiers,Q26-CAF-400019688,2025-03-20,Round One,D,5,Libya,Angola,LBY,ANG,1,1,,,False,False,,,Benina Martyrs Stadium
caf_qualifiers,WC2026 Qualifiers,CAF,FIFA World Cup 2026™ CAF Qualifiers,Q26-CAF-400019693,2025-03-20,Round One,F,5,Gabon,Seychelles,GAB,SEY,3,0,,,False,False,,,Stade de Franceville
caf_qualifiers,WC2026 Qualifiers,CAF,FIFA World Cup 2026™ CAF Qualifiers,Q26-CAF-400019712,2025-03-20,Round One,I,5,Comoros,Mali,COM,MLI,0,3,,,False,False,,,Stade Municipal de Berkane
conmebol_qualifiers,WC2026 Qualifiers,CONMEBOL,FIFA World Cup 2026™ CONMEBOL Qualifiers,Q26-CONMEBOL-400019531,2025-03-20,Round One,,13,Paraguay,Chile,PAR,CHI,1,0,,,False,False,,,Estadio Defensores del Chaco
uefa_qualifiers,WC2026 Qualifiers,UEFA,FIFA World Cup 2026™ UEFA Qualifiers,Q26-UEFA-400019331,2025-03-21,Round One,H,1,Cyprus,San Marino,CYP,SMR,2,0,,,False,False,,,AEK Arena - Georgios Karapatakis
uefa_qualifiers,WC2026 Qualifiers,UEFA,FIFA World Cup 2026™ UEFA Qualifiers,Q26-UEFA-400019336,2025-03-21,Round One,H,1,Romania,Bosnia and Herzegovina,ROU,BIH,0,1,,,False,False,,,National Arena
uefa_qualifiers,WC2026 Qualifiers,UEFA,FIFA World Cup 2026™ UEFA Qualifiers,Q26-UEFA-400019323,2025-03-21,Round One,G,1,Poland,Lithuania,POL,LTU,1,0,,,False,False,,,PGE Narodowy (National Stadium)
uefa_qualifiers,WC2026 Qualifiers,UEFA,FIFA World Cup 2026™ UEFA Qualifiers,Q26-UEFA-400019318,2025-03-21,Round One,G,1,Malta,Finland,MLT,FIN,0,1,,,False,False,,,Ta'Qali National Stadium
uefa_qualifiers,WC2026 Qualifiers,UEFA,FIFA World Cup 2026™ UEFA Qualifiers,Q26-UEFA-400019367,2025-03-21,Round One,K,1,Andorra,Latvia,AND,LVA,0,1,,,False,False,,,Estadi Nacional
uefa_qualifiers,WC2026 Qualifiers,UEFA,FIFA World Cup 2026™ UEFA Qualifiers,Q26-UEFA-400019374,2025-03-21,Round One,K,1,England,Albania,ENG,ALB,2,0,,,False,False,,,Wembley Stadium
caf_qualifiers,WC2026 Qualifiers,CAF,FIFA World Cup 2026™ CAF Qualifiers,Q26-CAF-400019701,2025-03-21,Round One,G,5,Botswana,Algeria,BOT,ALG,1,3,,,False,False,,,Obed Itani Chilume Stadium
caf_qualifiers,WC2026 Qualifiers,CAF,FIFA World Cup 2026™ CAF Qualifiers,Q26-CAF-400019705,2025-03-21,Round One,H,5,Equatorial Guinea,São Tomé and Príncipe,EQG,STP,2,0,,,False,False,,,Nuevo Estadio de Malabo
caf_qualifiers,WC2026 Qualifiers,CAF,FIFA World Cup 2026™ CAF Qualifiers,Q26-CAF-400019668,2025-03-21,Round One,A,5,Burkina Faso,Djibouti,BFA,DJI,4,1,,,False,False,,,Stade El Abdi
caf_qualifiers,WC2026 Qualifiers,CAF,FIFA World Cup 2026™ CAF Qualifiers,Q26-CAF-400019673,2025-03-21,Round One,B,5,Congo DR,South Sudan,COD,SSD,1,0,,,False,False,,,Stade de Martyrs
caf_qualifiers,WC2026 Qualifiers,CAF,FIFA World Cup 2026™ CAF Qualifiers,Q26-CAF-400019684,2025-03-21,Round One,C,5,Rwanda,Nigeria,RWA,NGA,0,2,,,False,False,,,Stade Amahoro (National Stadium)
caf_qualifiers,WC2026 Qualifiers,CAF,FIFA World Cup 2026™ CAF Qualifiers,Q26-CAF-400019715,2025-03-21,Round One,I,5,Ghana,Chad,GHA,CHA,5,0,,,False,False,,,Accra Sports Stadium
caf_qualifiers,WC2026 Qualifiers,CAF,FIFA World Cup 2026™ CAF Qualifiers,Q26-CAF-400019697,2025-03-21,Round One,F,5,Burundi,Côte d'Ivoire,BDI,CIV,0,1,,,False,False,,,Stade d’Honneur
caf_qualifiers,WC2026 Qualifiers,CAF,FIFA World Cup 2026™ CAF Qualifiers,Q26-CAF-400019672,2025-03-21,Round One,A,5,Ethiopia,Egypt,ETH,EGY,0,2,,,False,False,,,Stade Larbi Zaouli
caf_qualifiers,WC2026 Qualifiers,CAF,FIFA World Cup 2026™ CAF Qualifiers,Q26-CAF-400019700,2025-03-21,Round One,G,5,Guinea,Somalia,GUI,SOM,0,0,,,False,False,,,Stade Olympique d'Ebimpé
caf_qualifiers,WC2026 Qualifiers,CAF,FIFA World Cup 2026™ CAF Qualifiers,Q26-CAF-400019692,2025-03-21,Round One,E,5,Niger,Morocco,NIG,MAR,1,2,,,False,False,,,Stade municipal d'Oujda
conmebol_qualifiers,WC2026 Qualifiers,CONMEBOL,FIFA World Cup 2026™ CONMEBOL Qualifiers,Q26-CONMEBOL-400019527,2025-03-21,Round One,,13,Brazil,Colombia,BRA,COL,2,1,,,False,False,,,Estádio Nacional Mané Garrincha
conmebol_qualifiers,WC2026 Qualifiers,CONMEBOL,FIFA World Cup 2026™ CONMEBOL Qualifiers,Q26-CONMEBOL-400019532,2025-03-21,Round One,,13,Peru,Bolivia,PER,BOL,3,1,,,False,False,,,Estadio Nacional
conmebol_qualifiers,WC2026 Qualifiers,CONMEBOL,FIFA World Cup 2026™ CONMEBOL Qualifiers,Q26-CONMEBOL-400019530,2025-03-21,Round One,,13,Ecuador,Venezuela,ECU,VEN,2,1,,,False,False,,,Estadio Rodrigo Paz Delgado
conmebol_qualifiers,WC2026 Qualifiers,CONMEBOL,FIFA World Cup 2026™ CONMEBOL Qualifiers,Q26-CONMEBOL-400019533,2025-03-21,Round One,,13,Uruguay,Argentina,URU,ARG,0,1,,,False,False,,,Estadio Centenario
ofc_qualifiers,WC2026 Qualifiers,OFC,FIFA World Cup 2026™ OFC Qualifiers,Q26-OFC-400019141,2025-03-21,Third Round - Semi-final,,,New Caledonia,Tahiti,NCL,TAH,3,0,,,False,False,,,Wellington Regional Stadium
ofc_qualifiers,WC2026 Qualifiers,OFC,FIFA World Cup 2026™ OFC Qualifiers,Q26-OFC-400019142,2025-03-21,Third Round - Semi-final,,,New Zealand,Fiji,NZL,FIJ,7,0,,,False,False,,,Wellington Regional Stadium
uefa_qualifiers,WC2026 Qualifiers,UEFA,FIFA World Cup 2026™ UEFA Qualifiers,Q26-UEFA-400019351,2025-03-22,Round One,J,1,Liechtenstein,North Macedonia,LIE,MKD,0,3,,,False,False,,,Rheinpark Stadion
uefa_qualifiers,WC2026 Qualifiers,UEFA,FIFA World Cup 2026™ UEFA Qualifiers,Q26-UEFA-400019400,2025-03-22,Round One,L,1,Montenegro,Gibraltar,MNE,GIB,3,1,,,False,False,,,Gradski Stadion
uefa_qualifiers,WC2026 Qualifiers,UEFA,FIFA World Cup 2026™ UEFA Qualifiers,Q26-UEFA-400019231,2025-03-22,Round One,I,1,Moldova,Norway,MDA,NOR,0,5,,,False,False,,,Zimbru Stadium
uefa_qualifiers,WC2026 Qualifiers,UEFA,FIFA World Cup 2026™ UEFA Qualifiers,Q26-UEFA-400019226,2025-03-22,Round One,I,1,Israel,Estonia,ISR,EST,2,1,,,False,False,,,Nagyerdei Stadion
uefa_qualifiers,WC2026 Qualifiers,UEFA,FIFA World Cup 2026™ UEFA Qualifiers,Q26-UEFA-400019394,2025-03-22,Round One,L,1,Czechia,Faroe Islands,CZE,FRO,2,1,,,False,False,,,Malšovická aréna
uefa_qualifiers,WC2026 Qualifiers,UEFA,FIFA World Cup 2026™ UEFA Qualifiers,Q26-UEFA-400019356,2025-03-22,Round One,J,1,Wales,Kazakhstan,WAL,KAZ,3,1,,,False,False,,,Cardiff City Stadium
caf_qualifiers,WC2026 Qualifiers,CAF,FIFA World Cup 2026™ CAF Qualifiers,Q26-CAF-400019675,2025-03-22,Round One,B,5,Togo,Mauritania,TOG,MTN,2,2,,,False,False,,,Stade de Kégué
caf_qualifiers,WC2026 Qualifiers,CAF,FIFA World Cup 2026™ CAF Qualifiers,Q26-CAF-400019676,2025-03-22,Round One,B,5,Sudan,Senegal,SDN,SEN,0,0,,,False,False,,,Benina Martyrs Stadium
caf_qualifiers,WC2026 Qualifiers,CAF,FIFA World Cup 2026™ CAF Qualifiers,Q26-CAF-400019696,2025-03-23,Round One,F,6,Kenya,Gabon,KEN,GAB,1,2,,,False,False,,,Nyayo National Stadium
caf_qualifiers,WC2026 Qualifiers,CAF,FIFA World Cup 2026™ CAF Qualifiers,Q26-CAF-400019687,2025-03-23,Round One,D,6,Eswatini,Mauritius,SWZ,MRI,3,3,,,False,False,,,Mbombela Stadium
uefa_qualifiers,WC2026 Qualifiers,UEFA,FIFA World Cup 2026™ UEFA Qualifiers,Q26-UEFA-400019314,2025-03-24,Round One,G,2,Lithuania,Finland,LTU,FIN,2,2,,,False,False,,,S. Darius & S. Girenas Stadium
uefa_qualifiers,WC2026 Qualifiers,UEFA,FIFA World Cup 2026™ UEFA Qualifiers,Q26-UEFA-400019339,2025-03-24,Round One,H,2,San Marino,Romania,SMR,ROU,1,5,,,False,False,,,San Marino Stadium
uefa_qualifiers,WC2026 Qualifiers,UEFA,FIFA World Cup 2026™ UEFA Qualifiers,Q26-UEFA-400019369,2025-03-24,Round One,K,2,Albania,Andorra,ALB,AND,3,0,,,False,False,,,Air Albania Stadium
uefa_qualifiers,WC2026 Qualifiers,UEFA,FIFA World Cup 2026™ UEFA Qualifiers,Q26-UEFA-400019324,2025-03-24,Round One,G,2,Poland,Malta,POL,MLT,2,0,,,False,False,,,PGE Narodowy (National Stadium)
uefa_qualifiers,WC2026 Qualifiers,UEFA,FIFA World Cup 2026™ UEFA Qualifiers,Q26-UEFA-400019342,2025-03-24,Round One,H,2,Bosnia and Herzegovina,Cyprus,BIH,CYP,2,1,,,False,False,,,Bilino Polje Stadium
uefa_qualifiers,WC2026 Qualifiers,UEFA,FIFA World Cup 2026™ UEFA Qualifiers,Q26-UEFA-400019375,2025-03-24,Round One,K,2,England,Latvia,ENG,LVA,3,0,,,False,False,,,Wembley Stadium
caf_qualifiers,WC2026 Qualifiers,CAF,FIFA World Cup 2026™ CAF Qualifiers,Q26-CAF-400019709,2025-03-24,Round One,H,6,Namibia,Equatorial Guinea,NAM,EQG,1,1,,,False,False,,,Peter Mokaba Stadium
caf_qualifiers,WC2026 Qualifiers,CAF,FIFA World Cup 2026™ CAF Qualifiers,Q26-CAF-400019671,2025-03-24,Round One,A,6,Guinea-Bissau,Burkina Faso,GNB,BFA,1,2,,,False,False,,,Estádio 24 de Setembro
caf_qualifiers,WC2026 Qualifiers,CAF,FIFA World Cup 2026™ CAF Qualifiers,Q26-CAF-400019714,2025-03-24,Round One,I,6,Central African Republic,Mali,CTA,MLI,0,0,,,False,False,,,Stade Larbi Zaouli
caf_qualifiers,WC2026 Qualifiers,CAF,FIFA World Cup 2026™ CAF Qualifiers,Q26-CAF-400019707,2025-03-24,Round One,H,6,Liberia,São Tomé and Príncipe,LBR,STP,2,1,,,False,False,,,Samuel Kanyon Doe Sports Complex
caf_qualifiers,WC2026 Qualifiers,CAF,FIFA World Cup 2026™ CAF Qualifiers,Q26-CAF-400019695,2025-03-24,Round One,F,6,Côte d'Ivoire,The Gambia,CIV,GAM,1,0,,,False,False,,,Stade Felix Houphouet-Boigny
caf_qualifiers,WC2026 Qualifiers,CAF,FIFA World Cup 2026™ CAF Qualifiers,Q26-CAF-400019716,2025-03-24,Round One,I,6,Madagascar,Ghana,MAD,GHA,0,3,,,False,False,,,Grand Stade Al Hoceima
caf_qualifiers,WC2026 Qualifiers,CAF,FIFA World Cup 2026™ CAF Qualifiers,Q26-CAF-400019669,2025-03-24,Round One,A,6,Ethiopia,Djibouti,ETH,DJI,6,1,,,False,False,,,Stade El Abdi
caf_qualifiers,WC2026 Qualifiers,CAF,FIFA World Cup 2026™ CAF Qualifiers,Q26-CAF-400019706,2025-03-24,Round One,H,6,Tunisia,Malawi,TUN,MWI,2,0,,,False,False,,,Stade Hammadi Agrebi
ofc_qualifiers,WC2026 Qualifiers,OFC,FIFA World Cup 2026™ OFC Qualifiers,Q26-OFC-400019140,2025-03-24,Third Round - Final,,,New Caledonia,New Zealand,NCL,NZL,0,3,,,False,False,,,Eden Park
uefa_qualifiers,WC2026 Qualifiers,UEFA,FIFA World Cup 2026™ UEFA Qualifiers,Q26-UEFA-400019230,2025-03-25,Round One,I,2,Moldova,Estonia,MDA,EST,2,3,,,False,False,,,Zimbru Stadium
uefa_qualifiers,WC2026 Qualifiers,UEFA,FIFA World Cup 2026™ UEFA Qualifiers,Q26-UEFA-400019352,2025-03-25,Round One,J,2,Liechtenstein,Kazakhstan,LIE,KAZ,0,2,,,False,False,,,Rheinpark Stadion
uefa_qualifiers,WC2026 Qualifiers,UEFA,FIFA World Cup 2026™ UEFA Qualifiers,Q26-UEFA-400019359,2025-03-25,Round One,J,2,North Macedonia,Wales,MKD,WAL,1,1,,,False,False,,,Toše Proeski National Arena
uefa_qualifiers,WC2026 Qualifiers,UEFA,FIFA World Cup 2026™ UEFA Qualifiers,Q26-UEFA-400019398,2025-03-25,Round One,L,2,Montenegro,Faroe Islands,MNE,FRO,1,0,,,False,False,,,Gradski Stadion
uefa_qualifiers,WC2026 Qualifiers,UEFA,FIFA World Cup 2026™ UEFA Qualifiers,Q26-UEFA-400019403,2025-03-25,Round One,L,2,Gibraltar,Czechia,GIB,CZE,0,4,,,False,False,,,Estadio Algarve
uefa_qualifiers,WC2026 Qualifiers,UEFA,FIFA World Cup 2026™ UEFA Qualifiers,Q26-UEFA-400019227,2025-03-25,Round One,I,2,Israel,Norway,ISR,NOR,2,4,,,False,False,,,Nagyerdei Stadion
afc_qualifiers,WC2026 Qualifiers,AFC,FIFA World Cup 2026™ AFC Qualifiers,Q26-AFC-400018510,2025-03-25,Round Three,C,8,Japan,Saudi Arabia,JPN,KSA,0,0,,,False,False,,,Saitama Stadium
afc_qualifiers,WC2026 Qualifiers,AFC,FIFA World Cup 2026™ AFC Qualifiers,Q26-AFC-400018476,2025-03-25,Round Three,B,8,Korea Republic,Jordan,KOR,JOR,1,1,,,False,False,,,Suwon World Cup Stadium
afc_qualifiers,WC2026 Qualifiers,AFC,FIFA World Cup 2026™ AFC Qualifiers,Q26-AFC-400018502,2025-03-25,Round Three,C,8,China PR,Australia,CHN,AUS,0,2,,,False,False,,,Hangzhou Olympic Sports Center Stadium
afc_qualifiers,WC2026 Qualifiers,AFC,FIFA World Cup 2026™ AFC Qualifiers,Q26-AFC-400018457,2025-03-25,Round Three,A,8,Kyrgyz Republic,Qatar,KGZ,QAT,3,1,,,False,False,,,Dolen Omurzakov Stadium
afc_qualifiers,WC2026 Qualifiers,AFC,FIFA World Cup 2026™ AFC Qualifiers,Q26-AFC-400018503,2025-03-25,Round Three,C,8,Indonesia,Bahrain,IDN,BHR,1,0,,,False,False,,,Gelora Bung Karno Stadium
afc_qualifiers,WC2026 Qualifiers,AFC,FIFA World Cup 2026™ AFC Qualifiers,Q26-AFC-400018439,2025-03-25,Round Three,A,8,IR Iran,Uzbekistan,IRN,UZB,2,2,,,False,False,,,Azadi Stadium
afc_qualifiers,WC2026 Qualifiers,AFC,FIFA World Cup 2026™ AFC Qualifiers,Q26-AFC-400018442,2025-03-25,Round Three,A,8,Korea DPR,United Arab Emirates,PRK,UAE,1,2,,,False,False,,,Prince Faisal Bin Fahd Stadium
afc_qualifiers,WC2026 Qualifiers,AFC,FIFA World Cup 2026™ AFC Qualifiers,Q26-AFC-400018483,2025-03-25,Round Three,B,8,Kuwait,Oman,KUW,OMA,0,1,,,False,False,,,Jaber Al-Ahmad International Stadium
afc_qualifiers,WC2026 Qualifiers,AFC,FIFA World Cup 2026™ AFC Qualifiers,Q26-AFC-400018490,2025-03-25,Round Three,B,8,Palestine,Iraq,PLE,IRQ,2,1,,,False,False,,,Amman International Stadium
caf_qualifiers,WC2026 Qualifiers,CAF,FIFA World Cup 2026™ CAF Qualifiers,Q26-CAF-400019680,2025-03-25,Round One,C,6,Nigeria,Zimbabwe,NGA,ZIM,1,1,,,False,False,,,Godswill Akpabio International Stadium
caf_qualifiers,WC2026 Qualifiers,CAF,FIFA World Cup 2026™ CAF Qualifiers,Q26-CAF-400019681,2025-03-25,Round One,C,6,Benin,South Africa,BEN,RSA,0,2,,,False,False,,,Stade Felix Houphouet-Boigny
caf_qualifiers,WC2026 Qualifiers,CAF,FIFA World Cup 2026™ CAF Qualifiers,Q26-CAF-400019683,2025-03-25,Round One,C,6,Rwanda,Lesotho,RWA,LES,1,1,,,False,False,,,Stade Amahoro (National Stadium)
caf_qualifiers,WC2026 Qualifiers,CAF,FIFA World Cup 2026™ CAF Qualifiers,Q26-CAF-400019689,2025-03-25,Round One,D,6,Angola,Cabo Verde,ANG,CPV,1,2,,,False,False,,,Estádio 11 de Novembro
caf_qualifiers,WC2026 Qualifiers,CAF,FIFA World Cup 2026™ CAF Qualifiers,Q26-CAF-400019703,2025-03-25,Round One,G,6,Uganda,Guinea,UGA,GUI,1,0,,,False,False,,,Mandela National Stadium
caf_qualifiers,WC2026 Qualifiers,CAF,FIFA World Cup 2026™ CAF Qualifiers,Q26-CAF-400019667,2025-03-25,Round One,A,6,Egypt,Sierra Leone,EGY,SLE,1,0,,,False,False,,,Cairo International Stadium
caf_qualifiers,WC2026 Qualifiers,CAF,FIFA World Cup 2026™ CAF Qualifiers,Q26-CAF-400019677,2025-03-25,Round One,B,6,Sudan,South Sudan,SDN,SSD,1,1,,,False,False,,,Benina Martyrs Stadium
caf_qualifiers,WC2026 Qualifiers,CAF,FIFA World Cup 2026™ CAF Qualifiers,Q26-CAF-400019690,2025-03-25,Round One,D,6,Cameroon,Libya,CMR,LBY,3,1,,,False,False,,,Stade Omnisports Ahmadou-Ahidjo
caf_qualifiers,WC2026 Qualifiers,CAF,FIFA World Cup 2026™ CAF Qualifiers,Q26-CAF-400019702,2025-03-25,Round One,G,6,Botswana,Somalia,BOT,SOM,2,0,,,False,False,,,Obed Itani Chilume Stadium
caf_qualifiers,WC2026 Qualifiers,CAF,FIFA World Cup 2026™ CAF Qualifiers,Q26-CAF-400019698,2025-03-25,Round One,F,6,Burundi,Seychelles,BDI,SEY,5,0,,,False,False,,,Stade d’Honneur
caf_qualifiers,WC2026 Qualifiers,CAF,FIFA World Cup 2026™ CAF Qualifiers,Q26-CAF-400019674,2025-03-25,Round One,B,6,Senegal,Togo,SEN,TOG,2,0,,,False,False,,,Stade Me Abdoulaye Wade
caf_qualifiers,WC2026 Qualifiers,CAF,FIFA World Cup 2026™ CAF Qualifiers,Q26-CAF-400019678,2025-03-25,Round One,B,6,Mauritania,Congo DR,MTN,COD,0,2,,,False,False,,,Stade Municipal de Nouadhibou
caf_qualifiers,WC2026 Qualifiers,CAF,FIFA World Cup 2026™ CAF Qualifiers,Q26-CAF-400019711,2025-03-25,Round One,I,6,Comoros,Chad,COM,CHA,1,0,,,False,False,,,Stade Municipal de Berkane
caf_qualifiers,WC2026 Qualifiers,CAF,FIFA World Cup 2026™ CAF Qualifiers,Q26-CAF-400019704,2025-03-25,Round One,G,6,Algeria,Mozambique,ALG,MOZ,5,1,,,False,False,,,Stade Hocine-Aït-Ahmed
caf_qualifiers,WC2026 Qualifiers,CAF,FIFA World Cup 2026™ CAF Qualifiers,Q26-CAF-400019691,2025-03-25,Round One,E,6,Morocco,Tanzania,MAR,TAN,2,0,,,False,False,,,Stade municipal d'Oujda
conmebol_qualifiers,WC2026 Qualifiers,CONMEBOL,FIFA World Cup 2026™ CONMEBOL Qualifiers,Q26-CONMEBOL-400019526,2025-03-25,Round One,,14,Bolivia,Uruguay,BOL,URU,0,0,,,False,False,,,Estadio Municipal de El Alto
conmebol_qualifiers,WC2026 Qualifiers,CONMEBOL,FIFA World Cup 2026™ CONMEBOL Qualifiers,Q26-CONMEBOL-400019534,2025-03-26,Round One,,14,Venezuela,Peru,VEN,PER,1,0,,,False,False,,,Estadio Monumental de Maturin
conmebol_qualifiers,WC2026 Qualifiers,CONMEBOL,FIFA World Cup 2026™ CONMEBOL Qualifiers,Q26-CONMEBOL-400019529,2025-03-26,Round One,,14,Colombia,Paraguay,COL,PAR,2,2,,,False,False,,,Metropolitano Roberto Melendez
conmebol_qualifiers,WC2026 Qualifiers,CONMEBOL,FIFA World Cup 2026™ CONMEBOL Qualifiers,Q26-CONMEBOL-400019525,2025-03-26,Round One,,14,Argentina,Brazil,ARG,BRA,4,1,,,False,False,,,El Monumental - Estadio Monumental Antonio Vespucio Liberti
conmebol_qualifiers,WC2026 Qualifiers,CONMEBOL,FIFA World Cup 2026™ CONMEBOL Qualifiers,Q26-CONMEBOL-400019528,2025-03-26,Round One,,14,Chile,Ecuador,CHI,ECU,0,0,,,False,False,,,Estadio Nacional Julio Martínez Prádanos
concacaf_qualifiers,WC2026 Qualifiers,CONCACAF,FIFA World Cup 2026™ Concacaf Qualifiers,Q26-CONCACAF-400017770,2025-06-04,Second Round,E,3,Dominica,British Virgin Islands,DMA,VGB,3,0,,,False,False,,,Windsor Park
concacaf_qualifiers,WC2026 Qualifiers,CONCACAF,FIFA World Cup 2026™ Concacaf Qualifiers,Q26-CONCACAF-400017753,2025-06-04,Second Round,D,3,Montserrat,Belize,MSR,BLZ,1,0,,,False,False,,,Ato Boldon Stadium
concacaf_qualifiers,WC2026 Qualifiers,CONCACAF,FIFA World Cup 2026™ Concacaf Qualifiers,Q26-CONCACAF-400017744,2025-06-04,Second Round,C,3,Barbados,Aruba,BRB,ARU,1,1,,,False,False,,,BFA Turf
concacaf_qualifiers,WC2026 Qualifiers,CONCACAF,FIFA World Cup 2026™ Concacaf Qualifiers,Q26-CONCACAF-400017778,2025-06-04,Second Round,F,3,St. Vincent / Grenadines,Anguilla,VIN,AIA,6,0,,,False,False,,,Arnos Vale Sporting Complex
concacaf_qualifiers,WC2026 Qualifiers,CONCACAF,FIFA World Cup 2026™ Concacaf Qualifiers,Q26-CONCACAF-400017732,2025-06-04,Second Round,A,3,Bermuda,Cayman Islands,BER,CAY,5,0,,,False,False,,,National Sports Centre (National Stadium)
concacaf_qualifiers,WC2026 Qualifiers,CONCACAF,FIFA World Cup 2026™ Concacaf Qualifiers,Q26-CONCACAF-400017726,2025-06-04,Second Round,B,3,Grenada,Bahamas,GRN,BAH,6,0,,,False,False,,,Kirani James Athletics Stadium
afc_qualifiers,WC2026 Qualifiers,AFC,FIFA World Cup 2026™ AFC Qualifiers,Q26-AFC-400018524,2025-06-05,Round Three,C,9,Australia,Japan,AUS,JPN,1,0,,,False,False,,,Optus Stadium
afc_qualifiers,WC2026 Qualifiers,AFC,FIFA World Cup 2026™ AFC Qualifiers,Q26-AFC-400018504,2025-06-05,Round Three,C,9,Indonesia,China PR,IDN,CHN,1,0,,,False,False,,,Gelora Bung Karno Stadium
afc_qualifiers,WC2026 Qualifiers,AFC,FIFA World Cup 2026™ AFC Qualifiers,Q26-AFC-400018454,2025-06-05,Round Three,A,9,United Arab Emirates,Uzbekistan,UAE,UZB,0,0,,,False,False,,,Al Nahyan Stadium
afc_qualifiers,WC2026 Qualifiers,AFC,FIFA World Cup 2026™ AFC Qualifiers,Q26-AFC-400018486,2025-06-05,Round Three,B,9,Oman,Jordan,OMA,JOR,0,3,,,False,False,,,Boshar - Sultan Qaboos Sports Complex
afc_qualifiers,WC2026 Qualifiers,AFC,FIFA World Cup 2026™ AFC Qualifiers,Q26-AFC-400018520,2025-06-05,Round Three,C,9,Bahrain,Saudi Arabia,BHR,KSA,0,2,,,False,False,,,Bahrain National Stadium
afc_qualifiers,WC2026 Qualifiers,AFC,FIFA World Cup 2026™ AFC Qualifiers,Q26-AFC-400018443,2025-06-05,Round Three,A,9,Korea DPR,Kyrgyz Republic,PRK,KGZ,2,2,,,False,False,,,Prince Faisal Bin Fahd Stadium
afc_qualifiers,WC2026 Qualifiers,AFC,FIFA World Cup 2026™ AFC Qualifiers,Q26-AFC-400018466,2025-06-05,Round Three,B,9,Iraq,Korea Republic,IRQ,KOR,0,2,,,False,False,,,Basra International Stadium
afc_qualifiers,WC2026 Qualifiers,AFC,FIFA World Cup 2026™ AFC Qualifiers,Q26-AFC-400018484,2025-06-05,Round Three,B,9,Kuwait,Palestine,KUW,PLE,0,2,,,False,False,,,Jaber Al-Ahmad International Stadium
afc_qualifiers,WC2026 Qualifiers,AFC,FIFA World Cup 2026™ AFC Qualifiers,Q26-AFC-400018445,2025-06-05,Round Three,A,9,Qatar,IR Iran,QAT,IRN,1,0,,,False,False,,,Jassim Bin Hamad Stadium
conmebol_qualifiers,WC2026 Qualifiers,CONMEBOL,FIFA World Cup 2026™ CONMEBOL Qualifiers,Q26-CONMEBOL-400020082,2025-06-05,Round One,,15,Paraguay,Uruguay,PAR,URU,2,0,,,False,False,,,Estadio Defensores del Chaco
conmebol_qualifiers,WC2026 Qualifiers,CONMEBOL,FIFA World Cup 2026™ CONMEBOL Qualifiers,Q26-CONMEBOL-400020085,2025-06-05,Round One,,15,Ecuador,Brazil,ECU,BRA,0,0,,,False,False,,,Isidro Romero - Monumental
uefa_qualifiers,WC2026 Qualifiers,UEFA,FIFA World Cup 2026™ UEFA Qualifiers,Q26-UEFA-400019357,2025-06-06,Round One,J,3,North Macedonia,Belgium,MKD,BEL,1,1,,,False,False,,,Toše Proeski National Arena
uefa_qualifiers,WC2026 Qualifiers,UEFA,FIFA World Cup 2026™ UEFA Qualifiers,Q26-UEFA-400019221,2025-06-06,Round One,I,3,Norway,Italy,NOR,ITA,3,0,,,False,False,,,Ullevaal Stadium
uefa_qualifiers,WC2026 Qualifiers,UEFA,FIFA World Cup 2026™ UEFA Qualifiers,Q26-UEFA-400019354,2025-06-06,Round One,J,3,Wales,Liechtenstein,WAL,LIE,3,0,,,False,False,,,Cardiff City Stadium
uefa_qualifiers,WC2026 Qualifiers,UEFA,FIFA World Cup 2026™ UEFA Qualifiers,Q26-UEFA-400019395,2025-06-06,Round One,L,3,Czechia,Montenegro,CZE,MNE,2,0,,,False,False,,,Doosan Arena
uefa_qualifiers,WC2026 Qualifiers,UEFA,FIFA World Cup 2026™ UEFA Qualifiers,Q26-UEFA-400019219,2025-06-06,Round One,I,3,Estonia,Israel,EST,ISR,1,3,,,False,False,,,A. Le Coq Arena
uefa_qualifiers,WC2026 Qualifiers,UEFA,FIFA World Cup 2026™ UEFA Qualifiers,Q26-UEFA-400019401,2025-06-06,Round One,L,3,Gibraltar,Croatia,GIB,CRO,0,7,,,False,False,,,Estadio Algarve
concacaf_qualifiers,WC2026 Qualifiers,CONCACAF,FIFA World Cup 2026™ Concacaf Qualifiers,Q26-CONCACAF-400017741,2025-06-06,Second Round,A,4,Antigua and Barbuda,Cuba,ATG,CUB,0,1,,,False,False,,,ABFA Technical Centre
concacaf_qualifiers,WC2026 Qualifiers,CONCACAF,FIFA World Cup 2026™ Concacaf Qualifiers,Q26-CONCACAF-400017780,2025-06-06,Second Round,F,4,Suriname,Puerto Rico,SUR,PUR,1,0,,,False,False,,,Franklin Essed Stadium
concacaf_qualifiers,WC2026 Qualifiers,CONCACAF,FIFA World Cup 2026™ Concacaf Qualifiers,Q26-CONCACAF-400017731,2025-06-06,Second Round,B,4,Trinidad and Tobago,St. Kitts and Nevis,TRI,SKN,6,2,,,False,False,,,Hasely Crawford Stadium
concacaf_qualifiers,WC2026 Qualifiers,CONCACAF,FIFA World Cup 2026™ Concacaf Qualifiers,Q26-CONCACAF-400017751,2025-06-06,Second Round,C,4,Curaçao,St. Lucia,CUW,LCA,4,0,,,False,False,,,Ergilio Hato Stadium
conmebol_qualifiers,WC2026 Qualifiers,CONMEBOL,FIFA World Cup 2026™ CONMEBOL Qualifiers,Q26-CONMEBOL-400020084,2025-06-06,Round One,,15,Chile,Argentina,CHI,ARG,0,1,,,False,False,,,Estadio Nacional Julio Martínez Prádanos
conmebol_qualifiers,WC2026 Qualifiers,CONMEBOL,FIFA World Cup 2026™ CONMEBOL Qualifiers,Q26-CONMEBOL-400020077,2025-06-06,Round One,,15,Colombia,Peru,COL,PER,0,0,,,False,False,,,Metropolitano Roberto Melendez
conmebol_qualifiers,WC2026 Qualifiers,CONMEBOL,FIFA World Cup 2026™ CONMEBOL Qualifiers,Q26-CONMEBOL-400020081,2025-06-06,Round One,,15,Venezuela,Bolivia,VEN,BOL,2,0,,,False,False,,,Estadio Monumental de Maturin
uefa_qualifiers,WC2026 Qualifiers,UEFA,FIFA World Cup 2026™ UEFA Qualifiers,Q26-UEFA-400019344,2025-06-07,Round One,H,3,Bosnia and Herzegovina,San Marino,BIH,SMR,1,0,,,False,False,,,Bilino Polje Stadium
uefa_qualifiers,WC2026 Qualifiers,UEFA,FIFA World Cup 2026™ UEFA Qualifiers,Q26-UEFA-400019366,2025-06-07,Round One,K,3,Andorra,England,AND,ENG,0,1,,,False,False,,,RCDE Stadium
uefa_qualifiers,WC2026 Qualifiers,UEFA,FIFA World Cup 2026™ UEFA Qualifiers,Q26-UEFA-400019319,2025-06-07,Round One,G,3,Malta,Lithuania,MLT,LTU,0,0,,,False,False,,,Ta'Qali National Stadium
uefa_qualifiers,WC2026 Qualifiers,UEFA,FIFA World Cup 2026™ UEFA Qualifiers,Q26-UEFA-400019326,2025-06-07,Round One,H,3,Austria,Romania,AUT,ROU,2,1,,,False,False,,,Ernst Happel Stadium
uefa_qualifiers,WC2026 Qualifiers,UEFA,FIFA World Cup 2026™ UEFA Qualifiers,Q26-UEFA-400019372,2025-06-07,Round One,K,3,Albania,Serbia,ALB,SRB,0,0,,,False,False,,,Air Albania Stadium
uefa_qualifiers,WC2026 Qualifiers,UEFA,FIFA World Cup 2026™ UEFA Qualifiers,Q26-UEFA-400019309,2025-06-07,Round One,G,3,Finland,Netherlands,FIN,NED,0,2,,,False,False,,,Olympic Stadium
concacaf_qualifiers,WC2026 Qualifiers,CONCACAF,FIFA World Cup 2026™ Concacaf Qualifiers,Q26-CONCACAF-400017766,2025-06-07,Second Round,E,4,Guatemala,Dominican Republic,GUA,DOM,4,2,,,False,False,,,Estadio Cementos Progreso
concacaf_qualifiers,WC2026 Qualifiers,CONCACAF,FIFA World Cup 2026™ Concacaf Qualifiers,Q26-CONCACAF-400017757,2025-06-07,Second Round,D,4,Nicaragua,Guyana,NCA,GUY,1,0,,,False,False,,,Estadio Nacional
concacaf_qualifiers,WC2026 Qualifiers,CONCACAF,FIFA World Cup 2026™ Concacaf Qualifiers,Q26-CONCACAF-400017763,2025-06-07,Second Round,E,4,British Virgin Islands,Jamaica,VGB,JAM,0,1,,,False,False,,,A. O. Shirley Recreation Ground
concacaf_qualifiers,WC2026 Qualifiers,CONCACAF,FIFA World Cup 2026™ Concacaf Qualifiers,Q26-CONCACAF-400017772,2025-06-07,Second Round,F,4,Anguilla,El Salvador,AIA,SLV,0,3,,,False,False,,,Raymond E. Guishard Stadium
concacaf_qualifiers,WC2026 Qualifiers,CONCACAF,FIFA World Cup 2026™ Concacaf Qualifiers,Q26-CONCACAF-400017734,2025-06-07,Second Round,A,4,Cayman Islands,Honduras,CAY,HON,0,1,,,False,False,,,Truman Bodden Stadium
concacaf_qualifiers,WC2026 Qualifiers,CONCACAF,FIFA World Cup 2026™ Concacaf Qualifiers,Q26-CONCACAF-400017742,2025-06-07,Second Round,C,4,Aruba,Haiti,ARU,HAI,0,5,,,False,False,,,Complejo Deportivo Guillermo Prospero Trinidad
concacaf_qualifiers,WC2026 Qualifiers,CONCACAF,FIFA World Cup 2026™ Concacaf Qualifiers,Q26-CONCACAF-400017722,2025-06-07,Second Round,B,4,Bahamas,Costa Rica,BAH,CRC,0,8,,,False,False,,,BFA Turf
concacaf_qualifiers,WC2026 Qualifiers,CONCACAF,FIFA World Cup 2026™ Concacaf Qualifiers,Q26-CONCACAF-400017761,2025-06-08,Second Round,D,4,Belize,Panama,BLZ,PAN,0,2,,,False,False,,,FFB Field
uefa_qualifiers,WC2026 Qualifiers,UEFA,FIFA World Cup 2026™ UEFA Qualifiers,Q26-UEFA-400019364,2025-06-09,Round One,J,4,Kazakhstan,North Macedonia,KAZ,MKD,0,1,,,False,False,,,Astana Arena
uefa_qualifiers,WC2026 Qualifiers,UEFA,FIFA World Cup 2026™ UEFA Qualifiers,Q26-UEFA-400019386,2025-06-09,Round One,L,4,Croatia,Czechia,CRO,CZE,5,1,,,False,False,,,Opus Arena
uefa_qualifiers,WC2026 Qualifiers,UEFA,FIFA World Cup 2026™ UEFA Qualifiers,Q26-UEFA-400019346,2025-06-09,Round One,J,4,Belgium,Wales,BEL,WAL,4,3,,,False,False,,,Stade Roi Baudouin
uefa_qualifiers,WC2026 Qualifiers,UEFA,FIFA World Cup 2026™ UEFA Qualifiers,Q26-UEFA-400019218,2025-06-09,Round One,I,4,Estonia,Norway,EST,NOR,0,1,,,False,False,,,A. Le Coq Arena
uefa_qualifiers,WC2026 Qualifiers,UEFA,FIFA World Cup 2026™ UEFA Qualifiers,Q26-UEFA-400019216,2025-06-09,Round One,I,4,Italy,Moldova,ITA,MDA,2,0,,,False,False,,,Mapei Stadium
uefa_qualifiers,WC2026 Qualifiers,UEFA,FIFA World Cup 2026™ UEFA Qualifiers,Q26-UEFA-400019392,2025-06-09,Round One,L,4,Faroe Islands,Gibraltar,FRO,GIB,2,1,,,False,False,,,Torsvollur
uefa_qualifiers,WC2026 Qualifiers,UEFA,FIFA World Cup 2026™ UEFA Qualifiers,Q26-UEFA-400019334,2025-06-10,Round One,H,4,Romania,Cyprus,ROU,CYP,2,0,,,False,False,,,National Arena
uefa_qualifiers,WC2026 Qualifiers,UEFA,FIFA World Cup 2026™ UEFA Qualifiers,Q26-UEFA-400019381,2025-06-10,Round One,K,4,Serbia,Andorra,SRB,AND,3,0,,,False,False,,,Dubočica Stadium
uefa_qualifiers,WC2026 Qualifiers,UEFA,FIFA World Cup 2026™ UEFA Qualifiers,Q26-UEFA-400019378,2025-06-10,Round One,K,4,Latvia,Albania,LVA,ALB,1,1,,,False,False,,,Skonto Stadium
uefa_qualifiers,WC2026 Qualifiers,UEFA,FIFA World Cup 2026™ UEFA Qualifiers,Q26-UEFA-400019307,2025-06-10,Round One,G,4,Netherlands,Malta,NED,MLT,8,0,,,False,False,,,Euroborg
uefa_qualifiers,WC2026 Qualifiers,UEFA,FIFA World Cup 2026™ UEFA Qualifiers,Q26-UEFA-400019312,2025-06-10,Round One,G,4,Finland,Poland,FIN,POL,2,1,,,False,False,,,Olympic Stadium
uefa_qualifiers,WC2026 Qualifiers,UEFA,FIFA World Cup 2026™ UEFA Qualifiers,Q26-UEFA-400019337,2025-06-10,Round One,H,4,San Marino,Austria,SMR,AUT,0,4,,,False,False,,,San Marino Stadium
afc_qualifiers,WC2026 Qualifiers,AFC,FIFA World Cup 2026™ AFC Qualifiers,Q26-AFC-400018522,2025-06-10,Round Three,C,10,Japan,Indonesia,JPN,IDN,6,0,,,False,False,,,Suita City Football Stadium
afc_qualifiers,WC2026 Qualifiers,AFC,FIFA World Cup 2026™ AFC Qualifiers,Q26-AFC-400018477,2025-06-10,Round Three,B,10,Korea Republic,Kuwait,KOR,KUW,4,0,,,False,False,,,Seoul World Cup Stadium
afc_qualifiers,WC2026 Qualifiers,AFC,FIFA World Cup 2026™ AFC Qualifiers,Q26-AFC-400018521,2025-06-10,Round Three,C,10,China PR,Bahrain,CHN,BHR,1,0,,,False,False,,,Chongqing Longxing Football Stadium
afc_qualifiers,WC2026 Qualifiers,AFC,FIFA World Cup 2026™ AFC Qualifiers,Q26-AFC-400018462,2025-06-10,Round Three,A,10,Uzbekistan,Qatar,UZB,QAT,3,0,,,False,False,,,Milliy Stadium
afc_qualifiers,WC2026 Qualifiers,AFC,FIFA World Cup 2026™ AFC Qualifiers,Q26-AFC-400018458,2025-06-10,Round Three,A,10,Kyrgyz Republic,United Arab Emirates,KGZ,UAE,1,1,,,False,False,,,Dolen Omurzakov Stadium
afc_qualifiers,WC2026 Qualifiers,AFC,FIFA World Cup 2026™ AFC Qualifiers,Q26-AFC-400018435,2025-06-10,Round Three,A,10,IR Iran,Korea DPR,IRN,PRK,3,0,,,False,False,,,Azadi Stadium
afc_qualifiers,WC2026 Qualifiers,AFC,FIFA World Cup 2026™ AFC Qualifiers,Q26-AFC-400018494,2025-06-10,Round Three,B,10,Palestine,Oman,PLE,OMA,1,1,,,False,False,,,King Abdullah II International Stadium
afc_qualifiers,WC2026 Qualifiers,AFC,FIFA World Cup 2026™ AFC Qualifiers,Q26-AFC-400018470,2025-06-10,Round Three,B,10,Jordan,Iraq,JOR,IRQ,0,1,,,False,False,,,Amman International Stadium
afc_qualifiers,WC2026 Qualifiers,AFC,FIFA World Cup 2026™ AFC Qualifiers,Q26-AFC-400018523,2025-06-10,Round Three,C,10,Saudi Arabia,Australia,KSA,AUS,1,2,,,False,False,,,King Abdullah Sports City Stadium
concacaf_qualifiers,WC2026 Qualifiers,CONCACAF,FIFA World Cup 2026™ Concacaf Qualifiers,Q26-CONCACAF-400017729,2025-06-10,Second Round,B,5,St. Kitts and Nevis,Grenada,SKN,GRN,2,3,,,False,False,,,Warner Park
concacaf_qualifiers,WC2026 Qualifiers,CONCACAF,FIFA World Cup 2026™ Concacaf Qualifiers,Q26-CONCACAF-400017736,2025-06-10,Second Round,A,5,Cuba,Bermuda,CUB,BER,1,2,,,False,False,,,Estadio Antonio Maceo
concacaf_qualifiers,WC2026 Qualifiers,CONCACAF,FIFA World Cup 2026™ Concacaf Qualifiers,Q26-CONCACAF-400017747,2025-06-10,Second Round,C,5,Haiti,Curaçao,HAI,CUW,1,5,,,False,False,,,Complejo Deportivo Guillermo Prospero Trinidad
concacaf_qualifiers,WC2026 Qualifiers,CONCACAF,FIFA World Cup 2026™ Concacaf Qualifiers,Q26-CONCACAF-400017749,2025-06-10,Second Round,C,5,St. Lucia,Barbados,LCA,BRB,2,1,,,False,False,,,FFK Stadium
concacaf_qualifiers,WC2026 Qualifiers,CONCACAF,FIFA World Cup 2026™ Concacaf Qualifiers,Q26-CONCACAF-400017765,2025-06-10,Second Round,E,5,Dominican Republic,Dominica,DOM,DMA,5,0,,,False,False,,,Estadio Olímpico Félix Sánchez
concacaf_qualifiers,WC2026 Qualifiers,CONCACAF,FIFA World Cup 2026™ Concacaf Qualifiers,Q26-CONCACAF-400017769,2025-06-10,Second Round,E,5,Jamaica,Guatemala,JAM,GUA,3,0,,,False,False,,,Independence Park (National Stadium)
conmebol_qualifiers,WC2026 Qualifiers,CONMEBOL,FIFA World Cup 2026™ CONMEBOL Qualifiers,Q26-CONMEBOL-400020083,2025-06-10,Round One,,16,Bolivia,Chile,BOL,CHI,2,0,,,False,False,,,Estadio Municipal de El Alto
conmebol_qualifiers,WC2026 Qualifiers,CONMEBOL,FIFA World Cup 2026™ CONMEBOL Qualifiers,Q26-CONMEBOL-400020079,2025-06-10,Round One,,16,Uruguay,Venezuela,URU,VEN,2,0,,,False,False,,,Estadio Centenario
concacaf_qualifiers,WC2026 Qualifiers,CONCACAF,FIFA World Cup 2026™ Concacaf Qualifiers,Q26-CONCACAF-400017759,2025-06-11,Second Round,D,5,Panama,Nicaragua,PAN,NCA,3,0,,,False,False,,,Estadio Rommel Fernandez
concacaf_qualifiers,WC2026 Qualifiers,CONCACAF,FIFA World Cup 2026™ Concacaf Qualifiers,Q26-CONCACAF-400017754,2025-06-11,Second Round,D,5,Guyana,Montserrat,GUY,MSR,3,0,,,False,False,,,Synthetic Track and Field Facility
concacaf_qualifiers,WC2026 Qualifiers,CONCACAF,FIFA World Cup 2026™ Concacaf Qualifiers,Q26-CONCACAF-400017775,2025-06-11,Second Round,F,5,El Salvador,Suriname,SLV,SUR,1,1,,,False,False,,,Estadio Cuscatlan
concacaf_qualifiers,WC2026 Qualifiers,CONCACAF,FIFA World Cup 2026™ Concacaf Qualifiers,Q26-CONCACAF-400017725,2025-06-11,Second Round,B,5,Costa Rica,Trinidad and Tobago,CRC,TRI,2,1,,,False,False,,,Estadio Nacional de Costa Rica
concacaf_qualifiers,WC2026 Qualifiers,CONCACAF,FIFA World Cup 2026™ Concacaf Qualifiers,Q26-CONCACAF-400017777,2025-06-11,Second Round,F,5,Puerto Rico,St. Vincent / Grenadines,PUR,VIN,2,1,,,False,False,,,Mayagüez Athletics Stadium
concacaf_qualifiers,WC2026 Qualifiers,CONCACAF,FIFA World Cup 2026™ Concacaf Qualifiers,Q26-CONCACAF-400017739,2025-06-11,Second Round,A,5,Honduras,Antigua and Barbuda,HON,ATG,2,0,,,False,False,,,Estadio Nacional José de la Paz Herrera (Chelato Uclés)
conmebol_qualifiers,WC2026 Qualifiers,CONMEBOL,FIFA World Cup 2026™ CONMEBOL Qualifiers,Q26-CONMEBOL-400020078,2025-06-11,Round One,,16,Argentina,Colombia,ARG,COL,1,1,,,False,False,,,El Monumental - Estadio Monumental Antonio Vespucio Liberti
conmebol_qualifiers,WC2026 Qualifiers,CONMEBOL,FIFA World Cup 2026™ CONMEBOL Qualifiers,Q26-CONMEBOL-400020086,2025-06-11,Round One,,16,Brazil,Paraguay,BRA,PAR,1,0,,,False,False,,,Neo Química Arena
conmebol_qualifiers,WC2026 Qualifiers,CONMEBOL,FIFA World Cup 2026™ CONMEBOL Qualifiers,Q26-CONMEBOL-400020080,2025-06-11,Round One,,16,Peru,Ecuador,PER,ECU,0,0,,,False,False,,,Estadio Nacional
caf_qualifiers,WC2026 Qualifiers,CAF,FIFA World Cup 2026™ CAF Qualifiers,Q26-CAF-400020795,2025-09-03,Round One,F,7,Seychelles,Gabon,SEY,GAB,0,4,,,False,False,,,Côte d'Or National Sports Complex
uefa_qualifiers,WC2026 Qualifiers,UEFA,FIFA World Cup 2026™ UEFA Qualifiers,Q26-UEFA-400019363,2025-09-04,Round One,J,5,Kazakhstan,Wales,KAZ,WAL,0,1,,,False,False,,,Astana Arena
uefa_qualifiers,WC2026 Qualifiers,UEFA,FIFA World Cup 2026™ UEFA Qualifiers,Q26-UEFA-400019289,2025-09-04,Round One,E,5,Georgia,Türkiye,GEO,TUR,2,3,,,False,False,,,National Stadium
uefa_qualifiers,WC2026 Qualifiers,UEFA,FIFA World Cup 2026™ UEFA Qualifiers,Q26-UEFA-400019315,2025-09-04,Round One,G,5,Lithuania,Malta,LTU,MLT,1,1,,,False,False,,,S. Darius & S. Girenas Stadium
uefa_qualifiers,WC2026 Qualifiers,UEFA,FIFA World Cup 2026™ UEFA Qualifiers,Q26-UEFA-400019349,2025-09-04,Round One,J,5,Liechtenstein,Belgium,LIE,BEL,0,6,,,False,False,,,Rheinpark Stadion
uefa_qualifiers,WC2026 Qualifiers,UEFA,FIFA World Cup 2026™ UEFA Qualifiers,Q26-UEFA-400019284,2025-09-04,Round One,E,5,Bulgaria,Spain,BUL,ESP,0,3,,,False,False,,,Vasil Levski National Stadium
uefa_qualifiers,WC2026 Qualifiers,UEFA,FIFA World Cup 2026™ UEFA Qualifiers,Q26-UEFA-400019242,2025-09-04,Round One,A,5,Slovakia,Germany,SVK,GER,2,0,,,False,False,,,Národný futbalový štadión
uefa_qualifiers,WC2026 Qualifiers,UEFA,FIFA World Cup 2026™ UEFA Qualifiers,Q26-UEFA-400019240,2025-09-04,Round One,A,5,Luxembourg,Northern Ireland,LUX,NIR,1,3,,,False,False,,,Stade de Luxembourg
uefa_qualifiers,WC2026 Qualifiers,UEFA,FIFA World Cup 2026™ UEFA Qualifiers,Q26-UEFA-400019308,2025-09-04,Round One,G,5,Netherlands,Poland,NED,POL,1,1,,,False,False,,,De Kuip
caf_qualifiers,WC2026 Qualifiers,CAF,FIFA World Cup 2026™ CAF Qualifiers,Q26-CAF-400020817,2025-09-04,Round One,I,7,Chad,Ghana,CHA,GHA,1,1,,,False,False,,,Stade Olympique Maréchal Idriss Déby Itno
caf_qualifiers,WC2026 Qualifiers,CAF,FIFA World Cup 2026™ CAF Qualifiers,Q26-CAF-400020768,2025-09-04,Round One,A,7,Guinea-Bissau,Sierra Leone,GNB,SLE,1,1,,,False,False,,,Estádio 24 de Setembro
caf_qualifiers,WC2026 Qualifiers,CAF,FIFA World Cup 2026™ CAF Qualifiers,Q26-CAF-400020785,2025-09-04,Round One,D,7,Mauritius,Cabo Verde,MRI,CPV,0,2,,,False,False,,,Côte d'Or National Sports Complex
caf_qualifiers,WC2026 Qualifiers,CAF,FIFA World Cup 2026™ CAF Qualifiers,Q26-CAF-400020786,2025-09-04,Round One,D,7,Angola,Libya,ANG,LBY,0,1,,,False,False,,,Estádio 11 de Novembro
caf_qualifiers,WC2026 Qualifiers,CAF,FIFA World Cup 2026™ CAF Qualifiers,Q26-CAF-400020813,2025-09-04,Round One,I,7,Madagascar,Central African Republic,MAD,CTA,2,0,,,False,False,,,Stade Larbi Zaouli
caf_qualifiers,WC2026 Qualifiers,CAF,FIFA World Cup 2026™ CAF Qualifiers,Q26-CAF-400020811,2025-09-04,Round One,H,7,São Tomé and Príncipe,Equatorial Guinea,STP,EQG,2,3,,,False,False,,,Stade municipal d'Oujda
caf_qualifiers,WC2026 Qualifiers,CAF,FIFA World Cup 2026™ CAF Qualifiers,Q26-CAF-400020788,2025-09-04,Round One,D,7,Cameroon,Eswatini,CMR,SWZ,3,0,,,False,False,,,Stade Omnisports Ahmadou-Ahidjo
caf_qualifiers,WC2026 Qualifiers,CAF,FIFA World Cup 2026™ CAF Qualifiers,Q26-CAF-400020809,2025-09-04,Round One,H,7,Tunisia,Liberia,TUN,LBR,3,0,,,False,False,,,Stade Hammadi Agrebi
caf_qualifiers,WC2026 Qualifiers,CAF,FIFA World Cup 2026™ CAF Qualifiers,Q26-CAF-400020804,2025-09-04,Round One,G,7,Algeria,Botswana,ALG,BOT,3,1,,,False,False,,,Stade Hocine-Aït-Ahmed
caf_qualifiers,WC2026 Qualifiers,CAF,FIFA World Cup 2026™ CAF Qualifiers,Q26-CAF-400020812,2025-09-04,Round One,I,7,Mali,Comoros,MLI,COM,3,0,,,False,False,,,Stade Municipal de Berkane
concacaf_qualifiers,WC2026 Qualifiers,CONCACAF,FIFA World Cup 2026™ Concacaf Qualifiers,Q26-CONCACAF-400020588,2025-09-04,Final Round,A,1,Suriname,Panama,SUR,PAN,0,0,,,False,False,,,Franklin Essed Stadium
conmebol_qualifiers,WC2026 Qualifiers,CONMEBOL,FIFA World Cup 2026™ CONMEBOL Qualifiers,Q26-CONMEBOL-400020565,2025-09-04,Round One,,17,Colombia,Bolivia,COL,BOL,3,0,,,False,False,,,Metropolitano Roberto Melendez
conmebol_qualifiers,WC2026 Qualifiers,CONMEBOL,FIFA World Cup 2026™ CONMEBOL Qualifiers,Q26-CONMEBOL-400020567,2025-09-04,Round One,,17,Uruguay,Peru,URU,PER,3,0,,,False,False,,,Estadio Centenario
conmebol_qualifiers,WC2026 Qualifiers,CONMEBOL,FIFA World Cup 2026™ CONMEBOL Qualifiers,Q26-CONMEBOL-400020566,2025-09-04,Round One,,17,Argentina,Venezuela,ARG,VEN,3,0,,,False,False,,,El Monumental - Estadio Monumental Antonio Vespucio Liberti
conmebol_qualifiers,WC2026 Qualifiers,CONMEBOL,FIFA World Cup 2026™ CONMEBOL Qualifiers,Q26-CONMEBOL-400020570,2025-09-04,Round One,,17,Paraguay,Ecuador,PAR,ECU,0,0,,,False,False,,,Estadio Defensores del Chaco
uefa_qualifiers,WC2026 Qualifiers,UEFA,FIFA World Cup 2026™ UEFA Qualifiers,Q26-UEFA-400019274,2025-09-05,Round One,D,5,Iceland,Azerbaijan,ISL,AZE,5,0,,,False,False,,,Laugardalsvollur
uefa_qualifiers,WC2026 Qualifiers,UEFA,FIFA World Cup 2026™ UEFA Qualifiers,Q26-UEFA-400019232,2025-09-05,Round One,I,5,Moldova,Israel,MDA,ISR,0,4,,,False,False,,,Zimbru Stadium
uefa_qualifiers,WC2026 Qualifiers,UEFA,FIFA World Cup 2026™ UEFA Qualifiers,Q26-UEFA-400019213,2025-09-05,Round One,I,5,Italy,Estonia,ITA,EST,5,0,,,False,False,,,New Balance Arena
uefa_qualifiers,WC2026 Qualifiers,UEFA,FIFA World Cup 2026™ UEFA Qualifiers,Q26-UEFA-400019264,2025-09-05,Round One,C,5,Greece,Belarus,GRE,BLR,5,1,,,False,False,,,Karaiskaki Stadium
uefa_qualifiers,WC2026 Qualifiers,UEFA,FIFA World Cup 2026™ UEFA Qualifiers,Q26-UEFA-400019399,2025-09-05,Round One,L,5,Montenegro,Czechia,MNE,CZE,0,2,,,False,False,,,Podgorica City Stadium
uefa_qualifiers,WC2026 Qualifiers,UEFA,FIFA World Cup 2026™ UEFA Qualifiers,Q26-UEFA-400019245,2025-09-05,Round One,B,5,Slovenia,Sweden,SVN,SWE,2,2,,,False,False,,,Stožice Stadium
uefa_qualifiers,WC2026 Qualifiers,UEFA,FIFA World Cup 2026™ UEFA Qualifiers,Q26-UEFA-400019389,2025-09-05,Round One,L,5,Faroe Islands,Croatia,FRO,CRO,0,1,,,False,False,,,Torsvollur
uefa_qualifiers,WC2026 Qualifiers,UEFA,FIFA World Cup 2026™ UEFA Qualifiers,Q26-UEFA-400019275,2025-09-05,Round One,D,5,Ukraine,France,UKR,FRA,0,2,,,False,False,,,Municipal Stadium
uefa_qualifiers,WC2026 Qualifiers,UEFA,FIFA World Cup 2026™ UEFA Qualifiers,Q26-UEFA-400019253,2025-09-05,Round One,B,5,Switzerland,Kosovo,SUI,KOS,4,0,,,False,False,,,St. Jakob-Park
uefa_qualifiers,WC2026 Qualifiers,UEFA,FIFA World Cup 2026™ UEFA Qualifiers,Q26-UEFA-400019259,2025-09-05,Round One,C,5,Denmark,Scotland,DEN,SCO,0,0,,,False,False,,,Parken Stadium
caf_qualifiers,WC2026 Qualifiers,CAF,FIFA World Cup 2026™ CAF Qualifiers,Q26-CAF-400020801,2025-09-05,Round One,G,7,Somalia,Guinea,SOM,GUI,0,3,,,False,False,,,Mandela National Stadium
caf_qualifiers,WC2026 Qualifiers,CAF,FIFA World Cup 2026™ CAF Qualifiers,Q26-CAF-400020775,2025-09-05,Round One,B,7,South Sudan,Congo DR,SSD,COD,1,4,,,False,False,,,Juba Stadium
caf_qualifiers,WC2026 Qualifiers,CAF,FIFA World Cup 2026™ CAF Qualifiers,Q26-CAF-400020798,2025-09-05,Round One,F,7,Kenya,The Gambia,KEN,GAM,1,3,,,False,False,,,Moi International Sports Centre
caf_qualifiers,WC2026 Qualifiers,CAF,FIFA World Cup 2026™ CAF Qualifiers,Q26-CAF-400020806,2025-09-05,Round One,H,7,Namibia,Malawi,NAM,MWI,1,2,,,False,False,,,Obed Itani Chilume Stadium
caf_qualifiers,WC2026 Qualifiers,CAF,FIFA World Cup 2026™ CAF Qualifiers,Q26-CAF-400020770,2025-09-05,Round One,A,7,Djibouti,Burkina Faso,DJI,BFA,0,6,,,False,False,,,Estádio 24 de Setembro
caf_qualifiers,WC2026 Qualifiers,CAF,FIFA World Cup 2026™ CAF Qualifiers,Q26-CAF-400020782,2025-09-05,Round One,C,7,Lesotho,South Africa,LES,RSA,0,3,,,False,False,,,Free State Stadium
caf_qualifiers,WC2026 Qualifiers,CAF,FIFA World Cup 2026™ CAF Qualifiers,Q26-CAF-400020792,2025-09-05,Round One,E,7,Congo,Tanzania,CGO,TAN,1,1,,,False,False,,,Stade Alphonse Massemba-Debat
caf_qualifiers,WC2026 Qualifiers,CAF,FIFA World Cup 2026™ CAF Qualifiers,Q26-CAF-400020779,2025-09-05,Round One,C,7,Benin,Zimbabwe,BEN,ZIM,1,0,,,False,False,,,Stade Olympique d'Ebimpé
caf_qualifiers,WC2026 Qualifiers,CAF,FIFA World Cup 2026™ CAF Qualifiers,Q26-CAF-400020802,2025-09-05,Round One,G,7,Uganda,Mozambique,UGA,MOZ,4,0,,,False,False,,,Mandela National Stadium
caf_qualifiers,WC2026 Qualifiers,CAF,FIFA World Cup 2026™ CAF Qualifiers,Q26-CAF-400020773,2025-09-05,Round One,B,7,Senegal,Sudan,SEN,SDN,2,0,,,False,False,,,Stade Me Abdoulaye Wade
caf_qualifiers,WC2026 Qualifiers,CAF,FIFA World Cup 2026™ CAF Qualifiers,Q26-CAF-400020776,2025-09-05,Round One,B,7,Mauritania,Togo,MTN,TOG,2,0,,,False,False,,,Stade Municipal de Nouadhibou
caf_qualifiers,WC2026 Qualifiers,CAF,FIFA World Cup 2026™ CAF Qualifiers,Q26-CAF-400020766,2025-09-05,Round One,A,7,Egypt,Ethiopia,EGY,ETH,2,0,,,False,False,,,Cairo International Stadium
caf_qualifiers,WC2026 Qualifiers,CAF,FIFA World Cup 2026™ CAF Qualifiers,Q26-CAF-400020796,2025-09-05,Round One,F,7,Côte d'Ivoire,Burundi,CIV,BDI,1,0,,,False,False,,,Stade Felix Houphouet-Boigny
caf_qualifiers,WC2026 Qualifiers,CAF,FIFA World Cup 2026™ CAF Qualifiers,Q26-CAF-400020793,2025-09-05,Round One,E,7,Morocco,Niger,MAR,NIG,5,0,,,False,False,,,Prince Moulay Abdellah Stadium
concacaf_qualifiers,WC2026 Qualifiers,CONCACAF,FIFA World Cup 2026™ Concacaf Qualifiers,Q26-CONCACAF-400020580,2025-09-05,Final Round,A,1,Guatemala,El Salvador,GUA,SLV,0,1,,,False,False,,,Estadio Cementos Progreso
concacaf_qualifiers,WC2026 Qualifiers,CONCACAF,FIFA World Cup 2026™ Concacaf Qualifiers,Q26-CONCACAF-400020589,2025-09-05,Final Round,B,1,Bermuda,Jamaica,BER,JAM,0,4,,,False,False,,,National Sports Centre (National Stadium)
conmebol_qualifiers,WC2026 Qualifiers,CONMEBOL,FIFA World Cup 2026™ CONMEBOL Qualifiers,Q26-CONMEBOL-400020571,2025-09-05,Round One,,17,Brazil,Chile,BRA,CHI,3,0,,,False,False,,,Maracanã - Estádio Jornalista Mário Filho
uefa_qualifiers,WC2026 Qualifiers,UEFA,FIFA World Cup 2026™ UEFA Qualifiers,Q26-UEFA-400019380,2025-09-06,Round One,K,5,Latvia,Serbia,LVA,SRB,0,1,,,False,False,,,Daugava Stadium
uefa_qualifiers,WC2026 Qualifiers,UEFA,FIFA World Cup 2026™ UEFA Qualifiers,Q26-UEFA-400019296,2025-09-06,Round One,F,5,Armenia,Portugal,ARM,POR,0,5,,,False,False,,,Vazgen Sargsyan Republican Stadium
uefa_qualifiers,WC2026 Qualifiers,UEFA,FIFA World Cup 2026™ UEFA Qualifiers,Q26-UEFA-400019373,2025-09-06,Round One,K,5,England,Andorra,ENG,AND,2,0,,,False,False,,,Villa Park
uefa_qualifiers,WC2026 Qualifiers,UEFA,FIFA World Cup 2026™ UEFA Qualifiers,Q26-UEFA-400019340,2025-09-06,Round One,H,5,San Marino,Bosnia and Herzegovina,SMR,BIH,0,6,,,False,False,,,San Marino Stadium
uefa_qualifiers,WC2026 Qualifiers,UEFA,FIFA World Cup 2026™ UEFA Qualifiers,Q26-UEFA-400019325,2025-09-06,Round One,H,5,Austria,Cyprus,AUT,CYP,1,0,,,False,False,,,Raiffeisen Arena
uefa_qualifiers,WC2026 Qualifiers,UEFA,FIFA World Cup 2026™ UEFA Qualifiers,Q26-UEFA-400019304,2025-09-06,Round One,F,5,Republic of Ireland,Hungary,IRL,HUN,2,2,,,False,False,,,Aviva Stadium
caf_qualifiers,WC2026 Qualifiers,CAF,FIFA World Cup 2026™ CAF Qualifiers,Q26-CAF-400020778,2025-09-06,Round One,C,7,Nigeria,Rwanda,NGA,RWA,1,0,,,False,False,,,Godswill Akpabio International Stadium
concacaf_qualifiers,WC2026 Qualifiers,CONCACAF,FIFA World Cup 2026™ Concacaf Qualifiers,Q26-CONCACAF-400020597,2025-09-06,Final Round,B,1,Trinidad and Tobago,Curaçao,TRI,CUW,0,0,,,False,False,,,Hasely Crawford Stadium
concacaf_qualifiers,WC2026 Qualifiers,CONCACAF,FIFA World Cup 2026™ Concacaf Qualifiers,Q26-CONCACAF-400020605,2025-09-06,Final Round,C,1,Haiti,Honduras,HAI,HON,0,0,,,False,False,,,Ergilio Hato Stadium
concacaf_qualifiers,WC2026 Qualifiers,CONCACAF,FIFA World Cup 2026™ Concacaf Qualifiers,Q26-CONCACAF-400020610,2025-09-06,Final Round,C,1,Nicaragua,Costa Rica,NCA,CRC,1,1,,,False,False,,,Estadio Nacional
uefa_qualifiers,WC2026 Qualifiers,UEFA,FIFA World Cup 2026™ UEFA Qualifiers,Q26-UEFA-400019288,2025-09-07,Round One,E,6,Georgia,Bulgaria,GEO,BUL,3,0,,,False,False,,,National Stadium
uefa_qualifiers,WC2026 Qualifiers,UEFA,FIFA World Cup 2026™ UEFA Qualifiers,Q26-UEFA-400019358,2025-09-07,Round One,J,6,North Macedonia,Liechtenstein,MKD,LIE,5,0,,,False,False,,,Toše Proeski National Arena
uefa_qualifiers,WC2026 Qualifiers,UEFA,FIFA World Cup 2026™ UEFA Qualifiers,Q26-UEFA-400019313,2025-09-07,Round One,G,6,Lithuania,Netherlands,LTU,NED,2,3,,,False,False,,,S. Darius & S. Girenas Stadium
uefa_qualifiers,WC2026 Qualifiers,UEFA,FIFA World Cup 2026™ UEFA Qualifiers,Q26-UEFA-400019290,2025-09-07,Round One,E,6,Türkiye,Spain,TUR,ESP,0,6,,,False,False,,,Konya Büyükşehir Belediye Stadium
uefa_qualifiers,WC2026 Qualifiers,UEFA,FIFA World Cup 2026™ UEFA Qualifiers,Q26-UEFA-400019348,2025-09-07,Round One,J,6,Belgium,Kazakhstan,BEL,KAZ,6,0,,,False,False,,,Lotto Park
uefa_qualifiers,WC2026 Qualifiers,UEFA,FIFA World Cup 2026™ UEFA Qualifiers,Q26-UEFA-400019233,2025-09-07,Round One,A,6,Germany,Northern Ireland,GER,NIR,3,1,,,False,False,,,Rhein Energie Stadium
uefa_qualifiers,WC2026 Qualifiers,UEFA,FIFA World Cup 2026™ UEFA Qualifiers,Q26-UEFA-400019322,2025-09-07,Round One,G,6,Poland,Finland,POL,FIN,3,1,,,False,False,,,Stadion Śląski
uefa_qualifiers,WC2026 Qualifiers,UEFA,FIFA World Cup 2026™ UEFA Qualifiers,Q26-UEFA-400019241,2025-09-07,Round One,A,6,Luxembourg,Slovakia,LUX,SVK,0,1,,,False,False,,,Stade de Luxembourg
caf_qualifiers,WC2026 Qualifiers,CAF,FIFA World Cup 2026™ CAF Qualifiers,Q26-CAF-400020816,2025-09-07,Round One,I,8,Central African Republic,Comoros,CTA,COM,0,2,,,False,False,,,Stade d’Honneur
uefa_qualifiers,WC2026 Qualifiers,UEFA,FIFA World Cup 2026™ UEFA Qualifiers,Q26-UEFA-400019225,2025-09-08,Round One,I,6,Israel,Italy,ISR,ITA,4,5,,,False,False,,,Nagyerdei Stadion
uefa_qualifiers,WC2026 Qualifiers,UEFA,FIFA World Cup 2026™ UEFA Qualifiers,Q26-UEFA-400019402,2025-09-08,Round One,L,6,Gibraltar,Faroe Islands,GIB,FRO,0,1,,,False,False,,,Europa Point Stadium
uefa_qualifiers,WC2026 Qualifiers,UEFA,FIFA World Cup 2026™ UEFA Qualifiers,Q26-UEFA-400019251,2025-09-08,Round One,B,6,Switzerland,Slovenia,SUI,SVN,3,0,,,False,False,,,St. Jakob-Park
uefa_qualifiers,WC2026 Qualifiers,UEFA,FIFA World Cup 2026™ UEFA Qualifiers,Q26-UEFA-400019263,2025-09-08,Round One,C,6,Greece,Denmark,GRE,DEN,0,3,,,False,False,,,Karaiskaki Stadium
uefa_qualifiers,WC2026 Qualifiers,UEFA,FIFA World Cup 2026™ UEFA Qualifiers,Q26-UEFA-400019387,2025-09-08,Round One,L,6,Croatia,Montenegro,CRO,MNE,4,0,,,False,False,,,Stadion Maksimir
uefa_qualifiers,WC2026 Qualifiers,UEFA,FIFA World Cup 2026™ UEFA Qualifiers,Q26-UEFA-400019262,2025-09-08,Round One,C,6,Belarus,Scotland,BLR,SCO,0,2,,,False,False,,,ZTE Arena
uefa_qualifiers,WC2026 Qualifiers,UEFA,FIFA World Cup 2026™ UEFA Qualifiers,Q26-UEFA-400019255,2025-09-08,Round One,B,6,Kosovo,Sweden,KOS,SWE,2,0,,,False,False,,,Fadil Vokrri Stadium
caf_qualifiers,WC2026 Qualifiers,CAF,FIFA World Cup 2026™ CAF Qualifiers,Q26-CAF-400020790,2025-09-08,Round One,E,8,Zambia,Morocco,ZAM,MAR,0,2,,,False,False,,,Levy Mwanawasa Stadium
caf_qualifiers,WC2026 Qualifiers,CAF,FIFA World Cup 2026™ CAF Qualifiers,Q26-CAF-400020800,2025-09-08,Round One,G,8,Mozambique,Botswana,MOZ,BOT,2,0,,,False,False,,,Estadio do Zimpeto
caf_qualifiers,WC2026 Qualifiers,CAF,FIFA World Cup 2026™ CAF Qualifiers,Q26-CAF-400020808,2025-09-08,Round One,H,8,Equatorial Guinea,Tunisia,EQG,TUN,0,1,,,False,False,,,Nuevo Estadio de Malabo
caf_qualifiers,WC2026 Qualifiers,CAF,FIFA World Cup 2026™ CAF Qualifiers,Q26-CAF-400020769,2025-09-08,Round One,A,8,Guinea-Bissau,Djibouti,GNB,DJI,2,0,,,False,False,,,Estádio 24 de Setembro
caf_qualifiers,WC2026 Qualifiers,CAF,FIFA World Cup 2026™ CAF Qualifiers,Q26-CAF-400020803,2025-09-08,Round One,G,8,Uganda,Somalia,UGA,SOM,2,0,,,False,False,,,Mandela National Stadium
caf_qualifiers,WC2026 Qualifiers,CAF,FIFA World Cup 2026™ CAF Qualifiers,Q26-CAF-400020805,2025-09-08,Round One,G,8,Guinea,Algeria,GUI,ALG,0,0,,,False,False,,,Stade Mohamed V
caf_qualifiers,WC2026 Qualifiers,CAF,FIFA World Cup 2026™ CAF Qualifiers,Q26-CAF-400020810,2025-09-08,Round One,H,8,Malawi,Liberia,MWI,LBR,2,2,,,False,False,,,Bingu National Stadium
caf_qualifiers,WC2026 Qualifiers,CAF,FIFA World Cup 2026™ CAF Qualifiers,Q26-CAF-400020814,2025-09-08,Round One,I,8,Madagascar,Chad,MAD,CHA,3,1,,,False,False,,,Stade Larbi Zaouli
caf_qualifiers,WC2026 Qualifiers,CAF,FIFA World Cup 2026™ CAF Qualifiers,Q26-CAF-400020789,2025-09-08,Round One,D,8,Libya,Eswatini,LBY,SWZ,2,0,,,False,False,,,March 28 Stadium
caf_qualifiers,WC2026 Qualifiers,CAF,FIFA World Cup 2026™ CAF Qualifiers,Q26-CAF-400020815,2025-09-08,Round One,I,8,Ghana,Mali,GHA,MLI,1,0,,,False,False,,,Accra Sports Stadium
uefa_qualifiers,WC2026 Qualifiers,UEFA,FIFA World Cup 2026™ UEFA Qualifiers,Q26-UEFA-400019298,2025-09-09,Round One,F,6,Armenia,Republic of Ireland,ARM,IRL,2,1,,,False,False,,,Vazgen Sargsyan Republican Stadium
uefa_qualifiers,WC2026 Qualifiers,UEFA,FIFA World Cup 2026™ UEFA Qualifiers,Q26-UEFA-400019280,2025-09-09,Round One,D,6,Azerbaijan,Ukraine,AZE,UKR,1,1,,,False,False,,,Tofiq Bahramov Republican Stadium
uefa_qualifiers,WC2026 Qualifiers,UEFA,FIFA World Cup 2026™ UEFA Qualifiers,Q26-UEFA-400019330,2025-09-09,Round One,H,6,Cyprus,Romania,CYP,ROU,2,2,,,False,False,,,GSP Stadium
uefa_qualifiers,WC2026 Qualifiers,UEFA,FIFA World Cup 2026™ UEFA Qualifiers,Q26-UEFA-400019341,2025-09-09,Round One,H,6,Bosnia and Herzegovina,Austria,BIH,AUT,1,2,,,False,False,,,Bilino Polje Stadium
uefa_qualifiers,WC2026 Qualifiers,UEFA,FIFA World Cup 2026™ UEFA Qualifiers,Q26-UEFA-400019269,2025-09-09,Round One,D,6,France,Iceland,FRA,ISL,2,1,,,False,False,,,Parc des Princes
uefa_qualifiers,WC2026 Qualifiers,UEFA,FIFA World Cup 2026™ UEFA Qualifiers,Q26-UEFA-400019224,2025-09-09,Round One,I,6,Norway,Moldova,NOR,MDA,11,1,,,False,False,,,Ullevaal Stadium
uefa_qualifiers,WC2026 Qualifiers,UEFA,FIFA World Cup 2026™ UEFA Qualifiers,Q26-UEFA-400019383,2025-09-09,Round One,K,6,Serbia,England,SRB,ENG,0,5,,,False,False,,,Rajko Mitić Stadium
uefa_qualifiers,WC2026 Qualifiers,UEFA,FIFA World Cup 2026™ UEFA Qualifiers,Q26-UEFA-400019371,2025-09-09,Round One,K,6,Albania,Latvia,ALB,LVA,1,0,,,False,False,,,Air Albania Stadium
uefa_qualifiers,WC2026 Qualifiers,UEFA,FIFA World Cup 2026™ UEFA Qualifiers,Q26-UEFA-400019299,2025-09-09,Round One,F,6,Hungary,Portugal,HUN,POR,2,3,,,False,False,,,Puskás Aréna
caf_qualifiers,WC2026 Qualifiers,CAF,FIFA World Cup 2026™ CAF Qualifiers,Q26-CAF-400020767,2025-09-09,Round One,A,8,Sierra Leone,Ethiopia,SLE,ETH,2,0,,,False,False,,,Samuel Kanyon Doe Sports Complex
caf_qualifiers,WC2026 Qualifiers,CAF,FIFA World Cup 2026™ CAF Qualifiers,Q26-CAF-400020780,2025-09-09,Round One,C,8,Zimbabwe,Rwanda,ZIM,RWA,0,1,,,False,False,,,Orlando Stadium
caf_qualifiers,WC2026 Qualifiers,CAF,FIFA World Cup 2026™ CAF Qualifiers,Q26-CAF-400020791,2025-09-09,Round One,E,8,Tanzania,Niger,TAN,NIG,0,1,,,False,False,,,Amaan Stadium
caf_qualifiers,WC2026 Qualifiers,CAF,FIFA World Cup 2026™ CAF Qualifiers,Q26-CAF-400020807,2025-09-09,Round One,H,8,Namibia,São Tomé and Príncipe,NAM,STP,3,0,,,False,False,,,Obed Itani Chilume Stadium
caf_qualifiers,WC2026 Qualifiers,CAF,FIFA World Cup 2026™ CAF Qualifiers,Q26-CAF-400020799,2025-09-09,Round One,F,8,Kenya,Seychelles,KEN,SEY,5,0,,,False,False,,,Moi International Sports Centre
caf_qualifiers,WC2026 Qualifiers,CAF,FIFA World Cup 2026™ CAF Qualifiers,Q26-CAF-400020771,2025-09-09,Round One,A,8,Burkina Faso,Egypt,BFA,EGY,0,0,,,False,False,,,Stade du 4 aout
caf_qualifiers,WC2026 Qualifiers,CAF,FIFA World Cup 2026™ CAF Qualifiers,Q26-CAF-400020772,2025-09-09,Round One,B,8,Congo DR,Senegal,COD,SEN,2,3,,,False,False,,,Stade de Martyrs
caf_qualifiers,WC2026 Qualifiers,CAF,FIFA World Cup 2026™ CAF Qualifiers,Q26-CAF-400020774,2025-09-09,Round One,B,8,Togo,Sudan,TOG,SDN,1,0,,,False,False,,,Stade de Kégué
caf_qualifiers,WC2026 Qualifiers,CAF,FIFA World Cup 2026™ CAF Qualifiers,Q26-CAF-400020783,2025-09-09,Round One,C,8,South Africa,Nigeria,RSA,NGA,1,1,,,False,False,,,Free State Stadium
caf_qualifiers,WC2026 Qualifiers,CAF,FIFA World Cup 2026™ CAF Qualifiers,Q26-CAF-400020784,2025-09-09,Round One,D,8,Cabo Verde,Cameroon,CPV,CMR,1,0,,,False,False,,,Estádio Nacional de Cabo Verde
caf_qualifiers,WC2026 Qualifiers,CAF,FIFA World Cup 2026™ CAF Qualifiers,Q26-CAF-400020777,2025-09-09,Round One,B,8,Mauritania,South Sudan,MTN,SSD,0,0,,,False,False,,,Stade Municipal de Nouadhibou
caf_qualifiers,WC2026 Qualifiers,CAF,FIFA World Cup 2026™ CAF Qualifiers,Q26-CAF-400020794,2025-09-09,Round One,F,8,Gabon,Côte d'Ivoire,GAB,CIV,0,0,,,False,False,,,Stade de Franceville
caf_qualifiers,WC2026 Qualifiers,CAF,FIFA World Cup 2026™ CAF Qualifiers,Q26-CAF-400020797,2025-09-09,Round One,F,8,The Gambia,Burundi,GAM,BDI,2,0,,,False,False,,,Nyayo National Stadium
caf_qualifiers,WC2026 Qualifiers,CAF,FIFA World Cup 2026™ CAF Qualifiers,Q26-CAF-400020787,2025-09-09,Round One,D,8,Angola,Mauritius,ANG,MRI,3,1,,,False,False,,,Estádio 11 de Novembro
caf_qualifiers,WC2026 Qualifiers,CAF,FIFA World Cup 2026™ CAF Qualifiers,Q26-CAF-400020781,2025-09-09,Round One,C,8,Benin,Lesotho,BEN,LES,4,0,,,False,False,,,Stade Felix Houphouet-Boigny
concacaf_qualifiers,WC2026 Qualifiers,CONCACAF,FIFA World Cup 2026™ Concacaf Qualifiers,Q26-CONCACAF-400020579,2025-09-09,Final Round,A,2,El Salvador,Suriname,SLV,SUR,1,2,,,False,False,,,Estadio Cuscatlan
concacaf_qualifiers,WC2026 Qualifiers,CONCACAF,FIFA World Cup 2026™ Concacaf Qualifiers,Q26-CONCACAF-400020584,2025-09-09,Final Round,A,2,Panama,Guatemala,PAN,GUA,1,1,,,False,False,,,Estadio Rommel Fernandez
conmebol_qualifiers,WC2026 Qualifiers,CONMEBOL,FIFA World Cup 2026™ CONMEBOL Qualifiers,Q26-CONMEBOL-400020574,2025-09-09,Round One,,18,Ecuador,Argentina,ECU,ARG,1,0,,,False,False,,,Isidro Romero - Monumental
conmebol_qualifiers,WC2026 Qualifiers,CONMEBOL,FIFA World Cup 2026™ CONMEBOL Qualifiers,Q26-CONMEBOL-400020568,2025-09-09,Round One,,18,Peru,Paraguay,PER,PAR,0,1,,,False,False,,,Estadio Nacional
conmebol_qualifiers,WC2026 Qualifiers,CONMEBOL,FIFA World Cup 2026™ CONMEBOL Qualifiers,Q26-CONMEBOL-400020569,2025-09-09,Round One,,18,Venezuela,Colombia,VEN,COL,3,6,,,False,False,,,Estadio Monumental de Maturin
conmebol_qualifiers,WC2026 Qualifiers,CONMEBOL,FIFA World Cup 2026™ CONMEBOL Qualifiers,Q26-CONMEBOL-400020572,2025-09-09,Round One,,18,Bolivia,Brazil,BOL,BRA,1,0,,,False,False,,,Estadio Municipal de El Alto
conmebol_qualifiers,WC2026 Qualifiers,CONMEBOL,FIFA World Cup 2026™ CONMEBOL Qualifiers,Q26-CONMEBOL-400020573,2025-09-09,Round One,,18,Chile,Uruguay,CHI,URU,0,0,,,False,False,,,Estadio Nacional Julio Martínez Prádanos
concacaf_qualifiers,WC2026 Qualifiers,CONCACAF,FIFA World Cup 2026™ Concacaf Qualifiers,Q26-CONCACAF-400020593,2025-09-10,Final Round,B,2,Jamaica,Trinidad and Tobago,JAM,TRI,2,0,,,False,False,,,Independence Park (National Stadium)
concacaf_qualifiers,WC2026 Qualifiers,CONCACAF,FIFA World Cup 2026™ Concacaf Qualifiers,Q26-CONCACAF-400020598,2025-09-10,Final Round,B,2,Curaçao,Bermuda,CUW,BER,3,2,,,False,False,,,Ergilio Hato Stadium
concacaf_qualifiers,WC2026 Qualifiers,CONCACAF,FIFA World Cup 2026™ Concacaf Qualifiers,Q26-CONCACAF-400020601,2025-09-10,Final Round,C,2,Costa Rica,Haiti,CRC,HAI,3,3,,,False,False,,,Estadio Nacional de Costa Rica
concacaf_qualifiers,WC2026 Qualifiers,CONCACAF,FIFA World Cup 2026™ Concacaf Qualifiers,Q26-CONCACAF-400020609,2025-09-10,Final Round,C,2,Honduras,Nicaragua,HON,NCA,2,0,,,False,False,,,Estadio Nacional José de la Paz Herrera (Chelato Uclés)
afc_qualifiers,WC2026 Qualifiers,AFC,FIFA World Cup 2026™ AFC Qualifiers,Q26-AFC-400020389,2025-10-08,Round Four,A,1,Oman,Qatar,OMA,QAT,0,0,,,False,False,,,Jassim Bin Hamad Stadium
afc_qualifiers,WC2026 Qualifiers,AFC,FIFA World Cup 2026™ AFC Qualifiers,Q26-AFC-400020392,2025-10-08,Round Four,B,1,Indonesia,Saudi Arabia,IDN,KSA,2,3,,,False,False,,,King Abdullah Sports City Stadium
caf_qualifiers,WC2026 Qualifiers,CAF,FIFA World Cup 2026™ CAF Qualifiers,Q26-CAF-400021034,2025-10-08,Round One,A,9,Ethiopia,Guinea-Bissau,ETH,GNB,1,0,,,False,False,,,Stade Amahoro (National Stadium)
caf_qualifiers,WC2026 Qualifiers,CAF,FIFA World Cup 2026™ CAF Qualifiers,Q26-CAF-400021049,2025-10-08,Round One,D,9,Mauritius,Cameroon,MRI,CMR,0,2,,,False,False,,,Côte d'Or National Sports Complex
caf_qualifiers,WC2026 Qualifiers,CAF,FIFA World Cup 2026™ CAF Qualifiers,Q26-CAF-400021053,2025-10-08,Round One,D,9,Eswatini,Angola,SWZ,ANG,2,2,,,False,False,,,Somhlolo National Stadium
caf_qualifiers,WC2026 Qualifiers,CAF,FIFA World Cup 2026™ CAF Qualifiers,Q26-CAF-400021052,2025-10-08,Round One,D,9,Libya,Cabo Verde,LBY,CPV,3,3,,,False,False,,,Tripoli Stadium
caf_qualifiers,WC2026 Qualifiers,CAF,FIFA World Cup 2026™ CAF Qualifiers,Q26-CAF-400021031,2025-10-08,Round One,A,9,Sierra Leone,Burkina Faso,SLE,BFA,0,1,,,False,False,,,Samuel Kanyon Doe Sports Complex
caf_qualifiers,WC2026 Qualifiers,CAF,FIFA World Cup 2026™ CAF Qualifiers,Q26-CAF-400021032,2025-10-08,Round One,A,9,Djibouti,Egypt,DJI,EGY,0,3,,,False,False,,,Stade Larbi Zaouli
caf_qualifiers,WC2026 Qualifiers,CAF,FIFA World Cup 2026™ CAF Qualifiers,Q26-CAF-400021076,2025-10-08,Round One,I,9,Central African Republic,Ghana,CTA,GHA,0,5,,,False,False,,,Stade d’Honneur
caf_qualifiers,WC2026 Qualifiers,CAF,FIFA World Cup 2026™ CAF Qualifiers,Q26-CAF-400021078,2025-10-08,Round One,I,9,Comoros,Madagascar,COM,MAD,1,2,,,False,False,,,Stade Felix Houphouet-Boigny
caf_qualifiers,WC2026 Qualifiers,CAF,FIFA World Cup 2026™ CAF Qualifiers,Q26-CAF-400021081,2025-10-08,Round One,I,9,Chad,Mali,CHA,MLI,0,2,,,False,False,,,Stade Olympique Maréchal Idriss Déby Itno
caf_qualifiers,WC2026 Qualifiers,CAF,FIFA World Cup 2026™ CAF Qualifiers,Q26-CAF-400021056,2025-10-08,Round One,E,9,Tanzania,Zambia,TAN,ZAM,0,1,,,False,False,,,Amaan Stadium
caf_qualifiers,WC2026 Qualifiers,CAF,FIFA World Cup 2026™ CAF Qualifiers,Q26-CAF-400021055,2025-10-08,Round One,E,9,Niger,Congo,NIG,CGO,3,1,,,False,False,,,Stade du 4 aout
uefa_qualifiers,WC2026 Qualifiers,UEFA,FIFA World Cup 2026™ UEFA Qualifiers,Q26-UEFA-400019310,2025-10-09,Round One,G,7,Finland,Lithuania,FIN,LTU,2,1,,,False,False,,,Olympic Stadium
uefa_qualifiers,WC2026 Qualifiers,UEFA,FIFA World Cup 2026™ UEFA Qualifiers,Q26-UEFA-400019327,2025-10-09,Round One,H,7,Austria,San Marino,AUT,SMR,10,0,,,False,False,,,Ernst Happel Stadium
uefa_qualifiers,WC2026 Qualifiers,UEFA,FIFA World Cup 2026™ UEFA Qualifiers,Q26-UEFA-400019393,2025-10-09,Round One,L,7,Czechia,Croatia,CZE,CRO,0,0,,,False,False,,,Sinobo Stadium
uefa_qualifiers,WC2026 Qualifiers,UEFA,FIFA World Cup 2026™ UEFA Qualifiers,Q26-UEFA-400019332,2025-10-09,Round One,H,7,Cyprus,Bosnia and Herzegovina,CYP,BIH,2,2,,,False,False,,,AEK Arena - Georgios Karapatakis
uefa_qualifiers,WC2026 Qualifiers,UEFA,FIFA World Cup 2026™ UEFA Qualifiers,Q26-UEFA-400019317,2025-10-09,Round One,G,7,Malta,Netherlands,MLT,NED,0,4,,,False,False,,,Ta'Qali National Stadium
uefa_qualifiers,WC2026 Qualifiers,UEFA,FIFA World Cup 2026™ UEFA Qualifiers,Q26-UEFA-400019268,2025-10-09,Round One,C,7,Scotland,Greece,SCO,GRE,3,1,,,False,False,,,Hampden Park
uefa_qualifiers,WC2026 Qualifiers,UEFA,FIFA World Cup 2026™ UEFA Qualifiers,Q26-UEFA-400019391,2025-10-09,Round One,L,7,Faroe Islands,Montenegro,FRO,MNE,4,0,,,False,False,,,Torsvollur
uefa_qualifiers,WC2026 Qualifiers,UEFA,FIFA World Cup 2026™ UEFA Qualifiers,Q26-UEFA-400019260,2025-10-09,Round One,C,7,Belarus,Denmark,BLR,DEN,0,6,,,False,False,,,ZTE Arena
caf_qualifiers,WC2026 Qualifiers,CAF,FIFA World Cup 2026™ CAF Qualifiers,Q26-CAF-400021063,2025-10-09,Round One,F,9,Burundi,Kenya,BDI,KEN,0,1,,,False,False,,,Stade Prince Louis Rwagasore
caf_qualifiers,WC2026 Qualifiers,CAF,FIFA World Cup 2026™ CAF Qualifiers,Q26-CAF-400021065,2025-10-09,Round One,G,9,Mozambique,Guinea,MOZ,GUI,1,2,,,False,False,,,Estadio do Zimpeto
caf_qualifiers,WC2026 Qualifiers,CAF,FIFA World Cup 2026™ CAF Qualifiers,Q26-CAF-400021068,2025-10-09,Round One,G,9,Somalia,Algeria,SOM,ALG,0,3,,,False,False,,,Complexe Olympique Miloud Hadefi d’Oran
caf_qualifiers,WC2026 Qualifiers,CAF,FIFA World Cup 2026™ CAF Qualifiers,Q26-CAF-400021073,2025-10-09,Round One,H,9,Liberia,Namibia,LBR,NAM,3,1,,,False,False,,,Samuel Kanyon Doe Sports Complex
caf_qualifiers,WC2026 Qualifiers,CAF,FIFA World Cup 2026™ CAF Qualifiers,Q26-CAF-400021064,2025-10-09,Round One,G,9,Botswana,Uganda,BOT,UGA,0,1,,,False,False,,,Obed Itani Chilume Stadium
uefa_qualifiers,WC2026 Qualifiers,UEFA,FIFA World Cup 2026™ UEFA Qualifiers,Q26-UEFA-400019362,2025-10-10,Round One,J,7,Kazakhstan,Liechtenstein,KAZ,LIE,4,0,,,False,False,,,Astana Arena
uefa_qualifiers,WC2026 Qualifiers,UEFA,FIFA World Cup 2026™ UEFA Qualifiers,Q26-UEFA-400019271,2025-10-10,Round One,D,7,France,Azerbaijan,FRA,AZE,3,0,,,False,False,,,Parc des Princes
uefa_qualifiers,WC2026 Qualifiers,UEFA,FIFA World Cup 2026™ UEFA Qualifiers,Q26-UEFA-400019234,2025-10-10,Round One,A,7,Germany,Luxembourg,GER,LUX,4,0,,,False,False,,,PreZero Arena
uefa_qualifiers,WC2026 Qualifiers,UEFA,FIFA World Cup 2026™ UEFA Qualifiers,Q26-UEFA-400019238,2025-10-10,Round One,A,7,Northern Ireland,Slovakia,NIR,SVK,2,0,,,False,False,,,Windsor Park
uefa_qualifiers,WC2026 Qualifiers,UEFA,FIFA World Cup 2026™ UEFA Qualifiers,Q26-UEFA-400019347,2025-10-10,Round One,J,7,Belgium,North Macedonia,BEL,MKD,0,0,,,False,False,,,Planet Group Arena
uefa_qualifiers,WC2026 Qualifiers,UEFA,FIFA World Cup 2026™ UEFA Qualifiers,Q26-UEFA-400019273,2025-10-10,Round One,D,7,Iceland,Ukraine,ISL,UKR,3,5,,,False,False,,,Laugardalsvollur
uefa_qualifiers,WC2026 Qualifiers,UEFA,FIFA World Cup 2026™ UEFA Qualifiers,Q26-UEFA-400019254,2025-10-10,Round One,B,7,Kosovo,Slovenia,KOS,SVN,0,0,,,False,False,,,Fadil Vokrri Stadium
uefa_qualifiers,WC2026 Qualifiers,UEFA,FIFA World Cup 2026™ UEFA Qualifiers,Q26-UEFA-400019249,2025-10-10,Round One,B,7,Sweden,Switzerland,SWE,SUI,0,2,,,False,False,,,Friends Arena
caf_qualifiers,WC2026 Qualifiers,CAF,FIFA World Cup 2026™ CAF Qualifiers,Q26-CAF-400021039,2025-10-10,Round One,B,9,Togo,Congo DR,TOG,COD,0,1,,,False,False,,,Stade de Kégué
caf_qualifiers,WC2026 Qualifiers,CAF,FIFA World Cup 2026™ CAF Qualifiers,Q26-CAF-400021036,2025-10-10,Round One,B,9,Sudan,Mauritania,SDN,MTN,0,0,,,False,False,,,Benjamin Mkapa (National Stadium)
caf_qualifiers,WC2026 Qualifiers,CAF,FIFA World Cup 2026™ CAF Qualifiers,Q26-CAF-400021040,2025-10-10,Round One,B,9,South Sudan,Senegal,SSD,SEN,0,5,,,False,False,,,Juba Stadium
caf_qualifiers,WC2026 Qualifiers,CAF,FIFA World Cup 2026™ CAF Qualifiers,Q26-CAF-400021060,2025-10-10,Round One,F,9,Seychelles,Côte d'Ivoire,SEY,CIV,0,7,,,False,False,,,Côte d'Or National Sports Complex
caf_qualifiers,WC2026 Qualifiers,CAF,FIFA World Cup 2026™ CAF Qualifiers,Q26-CAF-400021062,2025-10-10,Round One,F,9,The Gambia,Gabon,GAM,GAB,3,4,,,False,False,,,Moi International Sports Centre
caf_qualifiers,WC2026 Qualifiers,CAF,FIFA World Cup 2026™ CAF Qualifiers,Q26-CAF-400021042,2025-10-10,Round One,C,9,Lesotho,Nigeria,LES,NGA,1,2,,,False,False,,,Peter Mokaba Stadium
caf_qualifiers,WC2026 Qualifiers,CAF,FIFA World Cup 2026™ CAF Qualifiers,Q26-CAF-400021044,2025-10-10,Round One,C,9,Zimbabwe,South Africa,ZIM,RSA,0,0,,,False,False,,,Moses Mabhida Stadium 
caf_qualifiers,WC2026 Qualifiers,CAF,FIFA World Cup 2026™ CAF Qualifiers,Q26-CAF-400021047,2025-10-10,Round One,C,9,Rwanda,Benin,RWA,BEN,0,1,,,False,False,,,Stade Amahoro (National Stadium)
caf_qualifiers,WC2026 Qualifiers,CAF,FIFA World Cup 2026™ CAF Qualifiers,Q26-CAF-400021071,2025-10-10,Round One,H,9,São Tomé and Príncipe,Tunisia,STP,TUN,0,6,,,False,False,,,Stade Hammadi Agrebi
concacaf_qualifiers,WC2026 Qualifiers,CONCACAF,FIFA World Cup 2026™ Concacaf Qualifiers,Q26-CONCACAF-400020611,2025-10-10,Final Round,C,3,Nicaragua,Haiti,NCA,HAI,0,3,,,False,False,,,Estadio Nacional
concacaf_qualifiers,WC2026 Qualifiers,CONCACAF,FIFA World Cup 2026™ Concacaf Qualifiers,Q26-CONCACAF-400020607,2025-10-10,Final Round,C,3,Honduras,Costa Rica,HON,CRC,0,0,,,False,False,,,Estadio General Francisco Morazán
concacaf_qualifiers,WC2026 Qualifiers,CONCACAF,FIFA World Cup 2026™ Concacaf Qualifiers,Q26-CONCACAF-400020587,2025-10-10,Final Round,A,3,Suriname,Guatemala,SUR,GUA,1,1,,,False,False,,,Franklin Essed Stadium
concacaf_qualifiers,WC2026 Qualifiers,CONCACAF,FIFA World Cup 2026™ Concacaf Qualifiers,Q26-CONCACAF-400020590,2025-10-10,Final Round,B,3,Bermuda,Trinidad and Tobago,BER,TRI,0,3,,,False,False,,,National Sports Centre (National Stadium)
concacaf_qualifiers,WC2026 Qualifiers,CONCACAF,FIFA World Cup 2026™ Concacaf Qualifiers,Q26-CONCACAF-400020599,2025-10-10,Final Round,B,3,Curaçao,Jamaica,CUW,JAM,2,0,,,False,False,,,Ergilio Hato Stadium
uefa_qualifiers,WC2026 Qualifiers,UEFA,FIFA World Cup 2026™ UEFA Qualifiers,Q26-UEFA-400019377,2025-10-11,Round One,K,7,Latvia,Andorra,LVA,AND,2,2,,,False,False,,,Daugava Stadium
uefa_qualifiers,WC2026 Qualifiers,UEFA,FIFA World Cup 2026™ UEFA Qualifiers,Q26-UEFA-400019300,2025-10-11,Round One,F,7,Hungary,Armenia,HUN,ARM,2,0,,,False,False,,,Puskás Aréna
uefa_qualifiers,WC2026 Qualifiers,UEFA,FIFA World Cup 2026™ UEFA Qualifiers,Q26-UEFA-400019223,2025-10-11,Round One,I,7,Norway,Israel,NOR,ISR,5,0,,,False,False,,,Ullevaal Stadium
uefa_qualifiers,WC2026 Qualifiers,UEFA,FIFA World Cup 2026™ UEFA Qualifiers,Q26-UEFA-400019217,2025-10-11,Round One,I,7,Estonia,Italy,EST,ITA,1,3,,,False,False,,,A. Le Coq Arena
uefa_qualifiers,WC2026 Qualifiers,UEFA,FIFA World Cup 2026™ UEFA Qualifiers,Q26-UEFA-400019295,2025-10-11,Round One,F,7,Portugal,Republic of Ireland,POR,IRL,1,0,,,False,False,,,Estádio José Alvalade
uefa_qualifiers,WC2026 Qualifiers,UEFA,FIFA World Cup 2026™ UEFA Qualifiers,Q26-UEFA-400019382,2025-10-11,Round One,K,7,Serbia,Albania,SRB,ALB,0,1,,,False,False,,,Dubočica Stadium
uefa_qualifiers,WC2026 Qualifiers,UEFA,FIFA World Cup 2026™ UEFA Qualifiers,Q26-UEFA-400019286,2025-10-11,Round One,E,7,Bulgaria,Türkiye,BUL,TUR,1,6,,,False,False,,,Vasil Levski National Stadium
uefa_qualifiers,WC2026 Qualifiers,UEFA,FIFA World Cup 2026™ UEFA Qualifiers,Q26-UEFA-400019282,2025-10-11,Round One,E,7,Spain,Georgia,ESP,GEO,2,0,,,False,False,,,Estadio Manuel Martínez Valero
afc_qualifiers,WC2026 Qualifiers,AFC,FIFA World Cup 2026™ AFC Qualifiers,Q26-AFC-400020390,2025-10-11,Round Four,A,2,United Arab Emirates,Oman,UAE,OMA,2,1,,,False,False,,,Jassim Bin Hamad Stadium
afc_qualifiers,WC2026 Qualifiers,AFC,FIFA World Cup 2026™ AFC Qualifiers,Q26-AFC-400020393,2025-10-11,Round Four,B,2,Iraq,Indonesia,IRQ,IDN,1,0,,,False,False,,,King Abdullah Sports City Stadium
concacaf_qualifiers,WC2026 Qualifiers,CONCACAF,FIFA World Cup 2026™ Concacaf Qualifiers,Q26-CONCACAF-400020578,2025-10-11,Final Round,A,3,El Salvador,Panama,SLV,PAN,0,1,,,False,False,,,Estadio Cuscatlan
uefa_qualifiers,WC2026 Qualifiers,UEFA,FIFA World Cup 2026™ UEFA Qualifiers,Q26-UEFA-400019338,2025-10-12,Round One,H,8,San Marino,Cyprus,SMR,CYP,0,4,,,False,False,,,San Marino Stadium
uefa_qualifiers,WC2026 Qualifiers,UEFA,FIFA World Cup 2026™ UEFA Qualifiers,Q26-UEFA-400019390,2025-10-12,Round One,L,8,Faroe Islands,Czechia,FRO,CZE,2,1,,,False,False,,,Torsvollur
uefa_qualifiers,WC2026 Qualifiers,UEFA,FIFA World Cup 2026™ UEFA Qualifiers,Q26-UEFA-400019305,2025-10-12,Round One,G,8,Netherlands,Finland,NED,FIN,4,0,,,False,False,,,Johan Cruyff Arena
uefa_qualifiers,WC2026 Qualifiers,UEFA,FIFA World Cup 2026™ UEFA Qualifiers,Q26-UEFA-400019267,2025-10-12,Round One,C,8,Scotland,Belarus,SCO,BLR,2,1,,,False,False,,,Hampden Park
uefa_qualifiers,WC2026 Qualifiers,UEFA,FIFA World Cup 2026™ UEFA Qualifiers,Q26-UEFA-400019316,2025-10-12,Round One,G,8,Lithuania,Poland,LTU,POL,0,2,,,False,False,,,S. Darius & S. Girenas Stadium
uefa_qualifiers,WC2026 Qualifiers,UEFA,FIFA World Cup 2026™ UEFA Qualifiers,Q26-UEFA-400019333,2025-10-12,Round One,H,8,Romania,Austria,ROU,AUT,1,0,,,False,False,,,National Arena
uefa_qualifiers,WC2026 Qualifiers,UEFA,FIFA World Cup 2026™ UEFA Qualifiers,Q26-UEFA-400019258,2025-10-12,Round One,C,8,Denmark,Greece,DEN,GRE,3,1,,,False,False,,,Parken Stadium
uefa_qualifiers,WC2026 Qualifiers,UEFA,FIFA World Cup 2026™ UEFA Qualifiers,Q26-UEFA-400019388,2025-10-12,Round One,L,8,Croatia,Gibraltar,CRO,GIB,3,0,,,False,False,,,Anđelko Herjavec Stadium
caf_qualifiers,WC2026 Qualifiers,CAF,FIFA World Cup 2026™ CAF Qualifiers,Q26-CAF-400021054,2025-10-12,Round One,E,10,Zambia,Niger,ZAM,NIG,0,1,,,False,False,,,Levy Mwanawasa Stadium
caf_qualifiers,WC2026 Qualifiers,CAF,FIFA World Cup 2026™ CAF Qualifiers,Q26-CAF-400021080,2025-10-12,Round One,I,10,Chad,Central African Republic,CHA,CTA,2,3,,,False,False,,,Stade Olympique Maréchal Idriss Déby Itno
caf_qualifiers,WC2026 Qualifiers,CAF,FIFA World Cup 2026™ CAF Qualifiers,Q26-CAF-400021030,2025-10-12,Round One,A,10,Egypt,Guinea-Bissau,EGY,GNB,1,0,,,False,False,,,Cairo International Stadium
caf_qualifiers,WC2026 Qualifiers,CAF,FIFA World Cup 2026™ CAF Qualifiers,Q26-CAF-400021033,2025-10-12,Round One,A,10,Djibouti,Sierra Leone,DJI,SLE,1,2,,,False,False,,,Stade Larbi Zaouli
caf_qualifiers,WC2026 Qualifiers,CAF,FIFA World Cup 2026™ CAF Qualifiers,Q26-CAF-400021035,2025-10-12,Round One,A,10,Burkina Faso,Ethiopia,BFA,ETH,3,1,,,False,False,,,Stade du 4 aout
caf_qualifiers,WC2026 Qualifiers,CAF,FIFA World Cup 2026™ CAF Qualifiers,Q26-CAF-400021077,2025-10-12,Round One,I,10,Mali,Madagascar,MLI,MAD,4,1,,,False,False,,,Stade du 26 mars (National Stadium)
caf_qualifiers,WC2026 Qualifiers,CAF,FIFA World Cup 2026™ CAF Qualifiers,Q26-CAF-400021079,2025-10-12,Round One,I,10,Ghana,Comoros,GHA,COM,1,0,,,False,False,,,Accra Sports Stadium
uefa_qualifiers,WC2026 Qualifiers,UEFA,FIFA World Cup 2026™ UEFA Qualifiers,Q26-UEFA-400019272,2025-10-13,Round One,D,8,Iceland,France,ISL,FRA,2,2,,,False,False,,,Laugardalsvollur
uefa_qualifiers,WC2026 Qualifiers,UEFA,FIFA World Cup 2026™ UEFA Qualifiers,Q26-UEFA-400019250,2025-10-13,Round One,B,8,Sweden,Kosovo,SWE,KOS,0,1,,,False,False,,,Nya Ullevi
uefa_qualifiers,WC2026 Qualifiers,UEFA,FIFA World Cup 2026™ UEFA Qualifiers,Q26-UEFA-400019236,2025-10-13,Round One,A,8,Northern Ireland,Germany,NIR,GER,0,1,,,False,False,,,Windsor Park
uefa_qualifiers,WC2026 Qualifiers,UEFA,FIFA World Cup 2026™ UEFA Qualifiers,Q26-UEFA-400019277,2025-10-13,Round One,D,8,Ukraine,Azerbaijan,UKR,AZE,2,1,,,False,False,,,Marshal Józef Piłsudski Stadium
uefa_qualifiers,WC2026 Qualifiers,UEFA,FIFA World Cup 2026™ UEFA Qualifiers,Q26-UEFA-400019244,2025-10-13,Round One,A,8,Slovakia,Luxembourg,SVK,LUX,2,0,,,False,False,,,Anton Malatinský Stadium
uefa_qualifiers,WC2026 Qualifiers,UEFA,FIFA World Cup 2026™ UEFA Qualifiers,Q26-UEFA-400019360,2025-10-13,Round One,J,8,North Macedonia,Kazakhstan,MKD,KAZ,1,1,,,False,False,,,Toše Proeski National Arena
uefa_qualifiers,WC2026 Qualifiers,UEFA,FIFA World Cup 2026™ UEFA Qualifiers,Q26-UEFA-400019246,2025-10-13,Round One,B,8,Slovenia,Switzerland,SVN,SUI,0,0,,,False,False,,,Stožice Stadium
uefa_qualifiers,WC2026 Qualifiers,UEFA,FIFA World Cup 2026™ UEFA Qualifiers,Q26-UEFA-400019353,2025-10-13,Round One,J,8,Wales,Belgium,WAL,BEL,2,4,,,False,False,,,Cardiff City Stadium
caf_qualifiers,WC2026 Qualifiers,CAF,FIFA World Cup 2026™ CAF Qualifiers,Q26-CAF-400021041,2025-10-13,Round One,B,10,South Sudan,Togo,SSD,TOG,0,0,,,False,False,,,Juba Stadium
caf_qualifiers,WC2026 Qualifiers,CAF,FIFA World Cup 2026™ CAF Qualifiers,Q26-CAF-400021072,2025-10-13,Round One,H,10,Tunisia,Namibia,TUN,NAM,3,0,,,False,False,,,Stade Hammadi Agrebi
caf_qualifiers,WC2026 Qualifiers,CAF,FIFA World Cup 2026™ CAF Qualifiers,Q26-CAF-400021075,2025-10-13,Round One,H,10,São Tomé and Príncipe,Malawi,STP,MWI,1,0,,,False,False,,,Stade Olympique
caf_qualifiers,WC2026 Qualifiers,CAF,FIFA World Cup 2026™ CAF Qualifiers,Q26-CAF-400021070,2025-10-13,Round One,H,10,Equatorial Guinea,Liberia,EQG,LBR,1,1,,,False,False,,,Nuevo Estadio de Malabo
caf_qualifiers,WC2026 Qualifiers,CAF,FIFA World Cup 2026™ CAF Qualifiers,Q26-CAF-400021043,2025-10-13,Round One,C,10,Lesotho,Zimbabwe,LES,ZIM,1,0,,,False,False,,,Peter Mokaba Stadium
caf_qualifiers,WC2026 Qualifiers,CAF,FIFA World Cup 2026™ CAF Qualifiers,Q26-CAF-400021048,2025-10-13,Round One,D,10,Cabo Verde,Eswatini,CPV,SWZ,3,0,,,False,False,,,Estádio Nacional de Cabo Verde
caf_qualifiers,WC2026 Qualifiers,CAF,FIFA World Cup 2026™ CAF Qualifiers,Q26-CAF-400021051,2025-10-13,Round One,D,10,Cameroon,Angola,CMR,ANG,0,0,,,False,False,,,Stade Omnisports Ahmadou-Ahidjo
caf_qualifiers,WC2026 Qualifiers,CAF,FIFA World Cup 2026™ CAF Qualifiers,Q26-CAF-400021050,2025-10-13,Round One,D,10,Mauritius,Libya,MRI,LBY,0,0,,,False,False,,,Côte d'Or National Sports Complex
uefa_qualifiers,WC2026 Qualifiers,UEFA,FIFA World Cup 2026™ UEFA Qualifiers,Q26-UEFA-400019220,2025-10-14,Round One,I,8,Estonia,Moldova,EST,MDA,1,1,,,False,False,,,A. Le Coq Arena
uefa_qualifiers,WC2026 Qualifiers,UEFA,FIFA World Cup 2026™ UEFA Qualifiers,Q26-UEFA-400019292,2025-10-14,Round One,E,8,Türkiye,Georgia,TUR,GEO,4,1,,,False,False,,,Kocaeli Stadium
uefa_qualifiers,WC2026 Qualifiers,UEFA,FIFA World Cup 2026™ UEFA Qualifiers,Q26-UEFA-400019294,2025-10-14,Round One,F,8,Portugal,Hungary,POR,HUN,2,2,,,False,False,,,Estádio José Alvalade
uefa_qualifiers,WC2026 Qualifiers,UEFA,FIFA World Cup 2026™ UEFA Qualifiers,Q26-UEFA-400019215,2025-10-14,Round One,I,8,Italy,Israel,ITA,ISR,3,0,,,False,False,,,Stadio Friuli
uefa_qualifiers,WC2026 Qualifiers,UEFA,FIFA World Cup 2026™ UEFA Qualifiers,Q26-UEFA-400019303,2025-10-14,Round One,F,8,Republic of Ireland,Armenia,IRL,ARM,1,0,,,False,False,,,Aviva Stadium
uefa_qualifiers,WC2026 Qualifiers,UEFA,FIFA World Cup 2026™ UEFA Qualifiers,Q26-UEFA-400019368,2025-10-14,Round One,K,8,Andorra,Serbia,AND,SRB,1,3,,,False,False,,,Nou Estadi a Encamp
uefa_qualifiers,WC2026 Qualifiers,UEFA,FIFA World Cup 2026™ UEFA Qualifiers,Q26-UEFA-400019379,2025-10-14,Round One,K,8,Latvia,England,LVA,ENG,0,5,,,False,False,,,Daugava Stadium
uefa_qualifiers,WC2026 Qualifiers,UEFA,FIFA World Cup 2026™ UEFA Qualifiers,Q26-UEFA-400019281,2025-10-14,Round One,E,8,Spain,Bulgaria,ESP,BUL,4,0,,,False,False,,,Jose Zorrilla
afc_qualifiers,WC2026 Qualifiers,AFC,FIFA World Cup 2026™ AFC Qualifiers,Q26-AFC-400020391,2025-10-14,Round Four,A,3,Qatar,United Arab Emirates,QAT,UAE,2,1,,,False,False,,,Jassim Bin Hamad Stadium
afc_qualifiers,WC2026 Qualifiers,AFC,FIFA World Cup 2026™ AFC Qualifiers,Q26-AFC-400020394,2025-10-14,Round Four,B,3,Saudi Arabia,Iraq,KSA,IRQ,0,0,,,False,False,,,King Abdullah Sports City Stadium
caf_qualifiers,WC2026 Qualifiers,CAF,FIFA World Cup 2026™ CAF Qualifiers,Q26-CAF-400021061,2025-10-14,Round One,F,10,Seychelles,The Gambia,SEY,GAM,0,7,,,False,False,,,Côte d'Or National Sports Complex
caf_qualifiers,WC2026 Qualifiers,CAF,FIFA World Cup 2026™ CAF Qualifiers,Q26-CAF-400021046,2025-10-14,Round One,C,10,South Africa,Rwanda,RSA,RWA,3,0,,,False,False,,,Mbombela Stadium
caf_qualifiers,WC2026 Qualifiers,CAF,FIFA World Cup 2026™ CAF Qualifiers,Q26-CAF-400021045,2025-10-14,Round One,C,10,Nigeria,Benin,NGA,BEN,4,0,,,False,False,,,Godswill Akpabio International Stadium
caf_qualifiers,WC2026 Qualifiers,CAF,FIFA World Cup 2026™ CAF Qualifiers,Q26-CAF-400021066,2025-10-14,Round One,G,10,Algeria,Uganda,ALG,UGA,2,1,,,False,False,,,Stade Hocine-Aït-Ahmed
caf_qualifiers,WC2026 Qualifiers,CAF,FIFA World Cup 2026™ CAF Qualifiers,Q26-CAF-400021067,2025-10-14,Round One,G,10,Guinea,Botswana,GUI,BOT,2,2,,,False,False,,,Stade Mohamed V
caf_qualifiers,WC2026 Qualifiers,CAF,FIFA World Cup 2026™ CAF Qualifiers,Q26-CAF-400021069,2025-10-14,Round One,G,10,Somalia,Mozambique,SOM,MOZ,0,1,,,False,False,,,Complexe Olympique Miloud Hadefi d’Oran
caf_qualifiers,WC2026 Qualifiers,CAF,FIFA World Cup 2026™ CAF Qualifiers,Q26-CAF-400021038,2025-10-14,Round One,B,10,Senegal,Mauritania,SEN,MTN,4,0,,,False,False,,,Stade Me Abdoulaye Wade
caf_qualifiers,WC2026 Qualifiers,CAF,FIFA World Cup 2026™ CAF Qualifiers,Q26-CAF-400021037,2025-10-14,Round One,B,10,Congo DR,Sudan,COD,SDN,1,0,,,False,False,,,Stade de Martyrs
caf_qualifiers,WC2026 Qualifiers,CAF,FIFA World Cup 2026™ CAF Qualifiers,Q26-CAF-400021057,2025-10-14,Round One,E,10,Morocco,Congo,MAR,CGO,1,0,,,False,False,,,Prince Moulay Abdellah Stadium
caf_qualifiers,WC2026 Qualifiers,CAF,FIFA World Cup 2026™ CAF Qualifiers,Q26-CAF-400021059,2025-10-14,Round One,F,10,Côte d'Ivoire,Kenya,CIV,KEN,3,0,,,False,False,,,Stade Olympique d'Ebimpé
caf_qualifiers,WC2026 Qualifiers,CAF,FIFA World Cup 2026™ CAF Qualifiers,Q26-CAF-400021058,2025-10-14,Round One,F,10,Gabon,Burundi,GAB,BDI,2,0,,,False,False,,,Stade de Franceville
concacaf_qualifiers,WC2026 Qualifiers,CONCACAF,FIFA World Cup 2026™ Concacaf Qualifiers,Q26-CONCACAF-400020608,2025-10-14,Final Round,C,4,Honduras,Haiti,HON,HAI,3,0,,,False,False,,,Estadio Nacional José de la Paz Herrera (Chelato Uclés)
concacaf_qualifiers,WC2026 Qualifiers,CONCACAF,FIFA World Cup 2026™ Concacaf Qualifiers,Q26-CONCACAF-400020603,2025-10-14,Final Round,C,4,Costa Rica,Nicaragua,CRC,NCA,4,1,,,False,False,,,Estadio Nacional de Costa Rica
concacaf_qualifiers,WC2026 Qualifiers,CONCACAF,FIFA World Cup 2026™ Concacaf Qualifiers,Q26-CONCACAF-400020600,2025-10-14,Final Round,B,4,Curaçao,Trinidad and Tobago,CUW,TRI,1,1,,,False,False,,,Ergilio Hato Stadium
concacaf_qualifiers,WC2026 Qualifiers,CONCACAF,FIFA World Cup 2026™ Concacaf Qualifiers,Q26-CONCACAF-400020592,2025-10-15,Final Round,B,4,Jamaica,Bermuda,JAM,BER,4,0,,,False,False,,,Independence Park (National Stadium)
concacaf_qualifiers,WC2026 Qualifiers,CONCACAF,FIFA World Cup 2026™ Concacaf Qualifiers,Q26-CONCACAF-400020585,2025-10-15,Final Round,A,4,Panama,Suriname,PAN,SUR,1,1,,,False,False,,,Estadio Rommel Fernandez
concacaf_qualifiers,WC2026 Qualifiers,CONCACAF,FIFA World Cup 2026™ Concacaf Qualifiers,Q26-CONCACAF-400020577,2025-10-15,Final Round,A,4,El Salvador,Guatemala,SLV,GUA,0,1,,,False,False,,,Estadio Cuscatlan
uefa_qualifiers,WC2026 Qualifiers,UEFA,FIFA World Cup 2026™ UEFA Qualifiers,Q26-UEFA-400019279,2025-11-13,Round One,D,9,Azerbaijan,Iceland,AZE,ISL,0,2,,,False,False,,,Bakcell Arena
uefa_qualifiers,WC2026 Qualifiers,UEFA,FIFA World Cup 2026™ UEFA Qualifiers,Q26-UEFA-400019222,2025-11-13,Round One,I,9,Norway,Estonia,NOR,EST,4,1,,,False,False,,,Ullevaal Stadium
uefa_qualifiers,WC2026 Qualifiers,UEFA,FIFA World Cup 2026™ UEFA Qualifiers,Q26-UEFA-400019297,2025-11-13,Round One,F,9,Armenia,Hungary,ARM,HUN,0,1,,,False,False,,,Vazgen Sargsyan Republican Stadium
uefa_qualifiers,WC2026 Qualifiers,UEFA,FIFA World Cup 2026™ UEFA Qualifiers,Q26-UEFA-400019229,2025-11-13,Round One,I,9,Moldova,Italy,MDA,ITA,0,2,,,False,False,,,Zimbru Stadium
uefa_qualifiers,WC2026 Qualifiers,UEFA,FIFA World Cup 2026™ UEFA Qualifiers,Q26-UEFA-400019376,2025-11-13,Round One,K,9,England,Serbia,ENG,SRB,2,0,,,False,False,,,Wembley Stadium
uefa_qualifiers,WC2026 Qualifiers,UEFA,FIFA World Cup 2026™ UEFA Qualifiers,Q26-UEFA-400019302,2025-11-13,Round One,F,9,Republic of Ireland,Portugal,IRL,POR,2,0,,,False,False,,,Aviva Stadium
uefa_qualifiers,WC2026 Qualifiers,UEFA,FIFA World Cup 2026™ UEFA Qualifiers,Q26-UEFA-400019270,2025-11-13,Round One,D,9,France,Ukraine,FRA,UKR,4,0,,,False,False,,,Parc des Princes
uefa_qualifiers,WC2026 Qualifiers,UEFA,FIFA World Cup 2026™ UEFA Qualifiers,Q26-UEFA-400019365,2025-11-13,Round One,K,9,Andorra,Albania,AND,ALB,0,1,,,False,False,,,Nou Estadi a Encamp
afc_qualifiers,WC2026 Qualifiers,AFC,FIFA World Cup 2026™ AFC Qualifiers,Q26-AFC-400020395,2025-11-13,Round Five,,,United Arab Emirates,Iraq,UAE,IRQ,1,1,,,False,False,,,Mohammed Bin Zayed Stadium
caf_qualifiers,WC2026 Qualifiers,CAF,FIFA World Cup 2026™ CAF Qualifiers,Q26-CAF-400021228,2025-11-13,Round Two - Semi-final,,,Nigeria,Gabon,NGA,GAB,4,1,,,False,False,,,Stade Prince Héritier Moulay Hassan
caf_qualifiers,WC2026 Qualifiers,CAF,FIFA World Cup 2026™ CAF Qualifiers,Q26-CAF-400021229,2025-11-13,Round Two - Semi-final,,,Cameroon,Congo DR,CMR,COD,0,1,,,False,False,,,Stade Al Medina
concacaf_qualifiers,WC2026 Qualifiers,CONCACAF,FIFA World Cup 2026™ Concacaf Qualifiers,Q26-CONCACAF-400020586,2025-11-13,Final Round,A,5,Suriname,El Salvador,SUR,SLV,4,0,,,False,False,,,Franklin Essed Stadium
uefa_qualifiers,WC2026 Qualifiers,UEFA,FIFA World Cup 2026™ UEFA Qualifiers,Q26-UEFA-400019311,2025-11-14,Round One,G,9,Finland,Malta,FIN,MLT,0,1,,,False,False,,,Olympic Stadium
uefa_qualifiers,WC2026 Qualifiers,UEFA,FIFA World Cup 2026™ UEFA Qualifiers,Q26-UEFA-400019239,2025-11-14,Round One,A,9,Luxembourg,Germany,LUX,GER,0,2,,,False,False,,,Stade de Luxembourg
uefa_qualifiers,WC2026 Qualifiers,UEFA,FIFA World Cup 2026™ UEFA Qualifiers,Q26-UEFA-400019404,2025-11-14,Round One,L,9,Gibraltar,Montenegro,GIB,MNE,1,2,,,False,False,,,Europa Point Stadium
uefa_qualifiers,WC2026 Qualifiers,UEFA,FIFA World Cup 2026™ UEFA Qualifiers,Q26-UEFA-400019385,2025-11-14,Round One,L,9,Croatia,Faroe Islands,CRO,FRO,3,1,,,False,False,,,Stadion HNK Rijeka
uefa_qualifiers,WC2026 Qualifiers,UEFA,FIFA World Cup 2026™ UEFA Qualifiers,Q26-UEFA-400019321,2025-11-14,Round One,G,9,Poland,Netherlands,POL,NED,1,1,,,False,False,,,PGE Narodowy (National Stadium)
uefa_qualifiers,WC2026 Qualifiers,UEFA,FIFA World Cup 2026™ UEFA Qualifiers,Q26-UEFA-400019243,2025-11-14,Round One,A,9,Slovakia,Northern Ireland,SVK,NIR,1,0,,,False,False,,,Košická futbalová Aréna
concacaf_qualifiers,WC2026 Qualifiers,CONCACAF,FIFA World Cup 2026™ Concacaf Qualifiers,Q26-CONCACAF-400020596,2025-11-14,Final Round,B,5,Trinidad and Tobago,Jamaica,TRI,JAM,1,1,,,False,False,,,Hasely Crawford Stadium
concacaf_qualifiers,WC2026 Qualifiers,CONCACAF,FIFA World Cup 2026™ Concacaf Qualifiers,Q26-CONCACAF-400020591,2025-11-14,Final Round,B,5,Bermuda,Curaçao,BER,CUW,0,7,,,False,False,,,National Sports Centre (National Stadium)
concacaf_qualifiers,WC2026 Qualifiers,CONCACAF,FIFA World Cup 2026™ Concacaf Qualifiers,Q26-CONCACAF-400020581,2025-11-14,Final Round,A,5,Guatemala,Panama,GUA,PAN,2,3,,,False,False,,,Estadio Manuel Felipe Carrera
concacaf_qualifiers,WC2026 Qualifiers,CONCACAF,FIFA World Cup 2026™ Concacaf Qualifiers,Q26-CONCACAF-400020612,2025-11-14,Final Round,C,5,Nicaragua,Honduras,NCA,HON,2,0,,,False,False,,,Estadio Nacional
concacaf_qualifiers,WC2026 Qualifiers,CONCACAF,FIFA World Cup 2026™ Concacaf Qualifiers,Q26-CONCACAF-400020604,2025-11-14,Final Round,C,5,Haiti,Costa Rica,HAI,CRC,1,0,,,False,False,,,Ergilio Hato Stadium
uefa_qualifiers,WC2026 Qualifiers,UEFA,FIFA World Cup 2026™ UEFA Qualifiers,Q26-UEFA-400019329,2025-11-15,Round One,H,9,Cyprus,Austria,CYP,AUT,0,2,,,False,False,,,Alphamega Stadium
uefa_qualifiers,WC2026 Qualifiers,UEFA,FIFA World Cup 2026™ UEFA Qualifiers,Q26-UEFA-400019361,2025-11-15,Round One,J,9,Kazakhstan,Belgium,KAZ,BEL,1,1,,,False,False,,,Astana Arena
uefa_qualifiers,WC2026 Qualifiers,UEFA,FIFA World Cup 2026™ UEFA Qualifiers,Q26-UEFA-400019287,2025-11-15,Round One,E,9,Georgia,Spain,GEO,ESP,0,4,,,False,False,,,National Stadium
uefa_qualifiers,WC2026 Qualifiers,UEFA,FIFA World Cup 2026™ UEFA Qualifiers,Q26-UEFA-400019291,2025-11-15,Round One,E,9,Türkiye,Bulgaria,TUR,BUL,2,0,,,False,False,,,Atatürk Spor Kompleksi Matlı Stadyumu
uefa_qualifiers,WC2026 Qualifiers,UEFA,FIFA World Cup 2026™ UEFA Qualifiers,Q26-UEFA-400019350,2025-11-15,Round One,J,9,Liechtenstein,Wales,LIE,WAL,0,1,,,False,False,,,Rheinpark Stadion
uefa_qualifiers,WC2026 Qualifiers,UEFA,FIFA World Cup 2026™ UEFA Qualifiers,Q26-UEFA-400019252,2025-11-15,Round One,B,9,Switzerland,Sweden,SUI,SWE,4,1,,,False,False,,,Stade de Genève
uefa_qualifiers,WC2026 Qualifiers,UEFA,FIFA World Cup 2026™ UEFA Qualifiers,Q26-UEFA-400019257,2025-11-15,Round One,C,9,Denmark,Belarus,DEN,BLR,2,2,,,False,False,,,Parken Stadium
uefa_qualifiers,WC2026 Qualifiers,UEFA,FIFA World Cup 2026™ UEFA Qualifiers,Q26-UEFA-400019343,2025-11-15,Round One,H,9,Bosnia and Herzegovina,Romania,BIH,ROU,3,1,,,False,False,,,Bilino Polje Stadium
uefa_qualifiers,WC2026 Qualifiers,UEFA,FIFA World Cup 2026™ UEFA Qualifiers,Q26-UEFA-400019247,2025-11-15,Round One,B,9,Slovenia,Kosovo,SVN,KOS,0,2,,,False,False,,,Stožice Stadium
uefa_qualifiers,WC2026 Qualifiers,UEFA,FIFA World Cup 2026™ UEFA Qualifiers,Q26-UEFA-400019265,2025-11-15,Round One,C,9,Greece,Scotland,GRE,SCO,3,2,,,False,False,,,Karaiskaki Stadium
uefa_qualifiers,WC2026 Qualifiers,UEFA,FIFA World Cup 2026™ UEFA Qualifiers,Q26-UEFA-400019301,2025-11-16,Round One,F,10,Hungary,Republic of Ireland,HUN,IRL,2,3,,,False,False,,,Puskás Aréna
uefa_qualifiers,WC2026 Qualifiers,UEFA,FIFA World Cup 2026™ UEFA Qualifiers,Q26-UEFA-400019293,2025-11-16,Round One,F,10,Portugal,Armenia,POR,ARM,9,1,,,False,False,,,Estádio do Dragão
uefa_qualifiers,WC2026 Qualifiers,UEFA,FIFA World Cup 2026™ UEFA Qualifiers,Q26-UEFA-400019276,2025-11-16,Round One,D,10,Ukraine,Iceland,UKR,ISL,2,0,,,False,False,,,Wojska Polskiego
uefa_qualifiers,WC2026 Qualifiers,UEFA,FIFA World Cup 2026™ UEFA Qualifiers,Q26-UEFA-400019384,2025-11-16,Round One,K,10,Serbia,Latvia,SRB,LVA,2,1,,,False,False,,,Dubočica Stadium
uefa_qualifiers,WC2026 Qualifiers,UEFA,FIFA World Cup 2026™ UEFA Qualifiers,Q26-UEFA-400019370,2025-11-16,Round One,K,10,Albania,England,ALB,ENG,0,2,,,False,False,,,Air Albania Stadium
uefa_qualifiers,WC2026 Qualifiers,UEFA,FIFA World Cup 2026™ UEFA Qualifiers,Q26-UEFA-400019278,2025-11-16,Round One,D,10,Azerbaijan,France,AZE,FRA,1,3,,,False,False,,,Tofiq Bahramov Republican Stadium
uefa_qualifiers,WC2026 Qualifiers,UEFA,FIFA World Cup 2026™ UEFA Qualifiers,Q26-UEFA-400019228,2025-11-16,Round One,I,10,Israel,Moldova,ISR,MDA,4,1,,,False,False,,,Zimbru Stadium
uefa_qualifiers,WC2026 Qualifiers,UEFA,FIFA World Cup 2026™ UEFA Qualifiers,Q26-UEFA-400019214,2025-11-16,Round One,I,10,Italy,Norway,ITA,NOR,1,4,,,False,False,,,Stadio Giuseppe Meazza
caf_qualifiers,WC2026 Qualifiers,CAF,FIFA World Cup 2026™ CAF Qualifiers,Q26-CAF-400021230,2025-11-16,Round Two - Final,,,Nigeria,Congo DR,NGA,COD,1,1,,,True,True,3,4,Stade Prince Héritier Moulay Hassan
uefa_qualifiers,WC2026 Qualifiers,UEFA,FIFA World Cup 2026™ UEFA Qualifiers,Q26-UEFA-400019235,2025-11-17,Round One,A,10,Germany,Slovakia,GER,SVK,6,0,,,False,False,,,Zentralstadion
uefa_qualifiers,WC2026 Qualifiers,UEFA,FIFA World Cup 2026™ UEFA Qualifiers,Q26-UEFA-400019306,2025-11-17,Round One,G,10,Netherlands,Lithuania,NED,LTU,4,0,,,False,False,,,Johan Cruyff Arena
uefa_qualifiers,WC2026 Qualifiers,UEFA,FIFA World Cup 2026™ UEFA Qualifiers,Q26-UEFA-400019237,2025-11-17,Round One,A,10,Northern Ireland,Luxembourg,NIR,LUX,1,0,,,False,False,,,Windsor Park
uefa_qualifiers,WC2026 Qualifiers,UEFA,FIFA World Cup 2026™ UEFA Qualifiers,Q26-UEFA-400019397,2025-11-17,Round One,L,10,Montenegro,Croatia,MNE,CRO,2,3,,,False,False,,,Podgorica City Stadium
uefa_qualifiers,WC2026 Qualifiers,UEFA,FIFA World Cup 2026™ UEFA Qualifiers,Q26-UEFA-400019396,2025-11-17,Round One,L,10,Czechia,Gibraltar,CZE,GIB,6,0,,,False,False,,,Andruv Stadium
uefa_qualifiers,WC2026 Qualifiers,UEFA,FIFA World Cup 2026™ UEFA Qualifiers,Q26-UEFA-400019320,2025-11-17,Round One,G,10,Malta,Poland,MLT,POL,2,3,,,False,False,,,Ta'Qali National Stadium
uefa_qualifiers,WC2026 Qualifiers,UEFA,FIFA World Cup 2026™ UEFA Qualifiers,Q26-UEFA-400019328,2025-11-18,Round One,H,10,Austria,Bosnia and Herzegovina,AUT,BIH,1,1,,,False,False,,,Ernst Happel Stadium
uefa_qualifiers,WC2026 Qualifiers,UEFA,FIFA World Cup 2026™ UEFA Qualifiers,Q26-UEFA-400019335,2025-11-18,Round One,H,10,Romania,San Marino,ROU,SMR,7,1,,,False,False,,,National Arena
uefa_qualifiers,WC2026 Qualifiers,UEFA,FIFA World Cup 2026™ UEFA Qualifiers,Q26-UEFA-400019355,2025-11-18,Round One,J,10,Wales,North Macedonia,WAL,MKD,7,1,,,False,False,,,Cardiff City Stadium
uefa_qualifiers,WC2026 Qualifiers,UEFA,FIFA World Cup 2026™ UEFA Qualifiers,Q26-UEFA-400019285,2025-11-18,Round One,E,10,Bulgaria,Georgia,BUL,GEO,2,1,,,False,False,,,Vasil Levski National Stadium
uefa_qualifiers,WC2026 Qualifiers,UEFA,FIFA World Cup 2026™ UEFA Qualifiers,Q26-UEFA-400019248,2025-11-18,Round One,B,10,Sweden,Slovenia,SWE,SVN,1,1,,,False,False,,,Friends Arena
uefa_qualifiers,WC2026 Qualifiers,UEFA,FIFA World Cup 2026™ UEFA Qualifiers,Q26-UEFA-400019345,2025-11-18,Round One,J,10,Belgium,Liechtenstein,BEL,LIE,7,0,,,False,False,,,Sclessin - Stade Maurice Dufrasne
uefa_qualifiers,WC2026 Qualifiers,UEFA,FIFA World Cup 2026™ UEFA Qualifiers,Q26-UEFA-400019283,2025-11-18,Round One,E,10,Spain,Türkiye,ESP,TUR,2,2,,,False,False,,,Estadio La Cartuja de Sevilla
uefa_qualifiers,WC2026 Qualifiers,UEFA,FIFA World Cup 2026™ UEFA Qualifiers,Q26-UEFA-400019261,2025-11-18,Round One,C,10,Belarus,Greece,BLR,GRE,0,0,,,False,False,,,ZTE Arena
uefa_qualifiers,WC2026 Qualifiers,UEFA,FIFA World Cup 2026™ UEFA Qualifiers,Q26-UEFA-400019256,2025-11-18,Round One,B,10,Kosovo,Switzerland,KOS,SUI,1,1,,,False,False,,,Fadil Vokrri Stadium
uefa_qualifiers,WC2026 Qualifiers,UEFA,FIFA World Cup 2026™ UEFA Qualifiers,Q26-UEFA-400019266,2025-11-18,Round One,C,10,Scotland,Denmark,SCO,DEN,4,2,,,False,False,,,Hampden Park
afc_qualifiers,WC2026 Qualifiers,AFC,FIFA World Cup 2026™ AFC Qualifiers,Q26-AFC-400020396,2025-11-18,Round Five,,,Iraq,United Arab Emirates,IRQ,UAE,2,1,,,False,False,,,Basra International Stadium
concacaf_qualifiers,WC2026 Qualifiers,CONCACAF,FIFA World Cup 2026™ Concacaf Qualifiers,Q26-CONCACAF-400020602,2025-11-19,Final Round,C,6,Costa Rica,Honduras,CRC,HON,0,0,,,False,False,,,Estadio Nacional de Costa Rica
concacaf_qualifiers,WC2026 Qualifiers,CONCACAF,FIFA World Cup 2026™ Concacaf Qualifiers,Q26-CONCACAF-400020606,2025-11-19,Final Round,C,6,Haiti,Nicaragua,HAI,NCA,2,0,,,False,False,,,Ergilio Hato Stadium
concacaf_qualifiers,WC2026 Qualifiers,CONCACAF,FIFA World Cup 2026™ Concacaf Qualifiers,Q26-CONCACAF-400020583,2025-11-19,Final Round,A,6,Panama,El Salvador,PAN,SLV,3,0,,,False,False,,,Estadio Rommel Fernandez
concacaf_qualifiers,WC2026 Qualifiers,CONCACAF,FIFA World Cup 2026™ Concacaf Qualifiers,Q26-CONCACAF-400020582,2025-11-19,Final Round,A,6,Guatemala,Suriname,GUA,SUR,3,1,,,False,False,,,Estadio Manuel Felipe Carrera
concacaf_qualifiers,WC2026 Qualifiers,CONCACAF,FIFA World Cup 2026™ Concacaf Qualifiers,Q26-CONCACAF-400020595,2025-11-19,Final Round,B,6,Trinidad and Tobago,Bermuda,TRI,BER,2,2,,,False,False,,,Hasely Crawford Stadium
concacaf_qualifiers,WC2026 Qualifiers,CONCACAF,FIFA World Cup 2026™ Concacaf Qualifiers,Q26-CONCACAF-400020594,2025-11-19,Final Round,B,6,Jamaica,Curaçao,JAM,CUW,0,0,,,False,False,,,Independence Park (National Stadium)
uefa_qualifiers,WC2026 Qualifiers,UEFA,FIFA World Cup 2026™ UEFA Qualifiers,Q26-UEFA-400021425,2026-03-26,Round Two,Path C – Semi-final,,Türkiye,Romania,TUR,ROU,1,0,,,False,False,,,Vodafone Park
uefa_qualifiers,WC2026 Qualifiers,UEFA,FIFA World Cup 2026™ UEFA Qualifiers,Q26-UEFA-400021422,2026-03-26,Round Two,Path A – Semi-final,,Wales,Bosnia and Herzegovina,WAL,BIH,1,1,,,True,True,2,4,Cardiff City Stadium
uefa_qualifiers,WC2026 Qualifiers,UEFA,FIFA World Cup 2026™ UEFA Qualifiers,Q26-UEFA-400021431,2026-03-26,Round Two,Path D – Semi-final,,Czechia,Republic of Ireland,CZE,IRL,2,2,,,True,True,4,3,Sinobo Stadium
uefa_qualifiers,WC2026 Qualifiers,UEFA,FIFA World Cup 2026™ UEFA Qualifiers,Q26-UEFA-400021421,2026-03-26,Round Two,Path A – Semi-final,,Italy,Northern Ireland,ITA,NIR,2,0,,,False,False,,,New Balance Arena
uefa_qualifiers,WC2026 Qualifiers,UEFA,FIFA World Cup 2026™ UEFA Qualifiers,Q26-UEFA-400021424,2026-03-26,Round Two,Path B – Semi-final,,Poland,Albania,POL,ALB,2,1,,,False,False,,,PGE Narodowy (National Stadium)
uefa_qualifiers,WC2026 Qualifiers,UEFA,FIFA World Cup 2026™ UEFA Qualifiers,Q26-UEFA-400021423,2026-03-26,Round Two,Path B – Semi-final,,Ukraine,Sweden,UKR,SWE,1,3,,,False,False,,,Estadi Ciutat de València
uefa_qualifiers,WC2026 Qualifiers,UEFA,FIFA World Cup 2026™ UEFA Qualifiers,Q26-UEFA-400021426,2026-03-26,Round Two,Path C – Semi-final,,Slovakia,Kosovo,SVK,KOS,3,4,,,False,False,,,Národný futbalový štadión
uefa_qualifiers,WC2026 Qualifiers,UEFA,FIFA World Cup 2026™ UEFA Qualifiers,Q26-UEFA-400021430,2026-03-26,Round Two,Path D – Semi-final,,Denmark,North Macedonia,DEN,MKD,4,0,,,False,False,,,Parken Stadium
uefa_qualifiers,WC2026 Qualifiers,UEFA,FIFA World Cup 2026™ UEFA Qualifiers,Q26-UEFA-400021428,2026-03-31,Round Two,Path B – Final,,Sweden,Poland,SWE,POL,3,2,,,False,False,,,Friends Arena
uefa_qualifiers,WC2026 Qualifiers,UEFA,FIFA World Cup 2026™ UEFA Qualifiers,Q26-UEFA-400021429,2026-03-31,Round Two,Path C – Final,,Kosovo,Türkiye,KOS,TUR,0,1,,,False,False,,,Fadil Vokrri Stadium
uefa_qualifiers,WC2026 Qualifiers,UEFA,FIFA World Cup 2026™ UEFA Qualifiers,Q26-UEFA-400021427,2026-03-31,Round Two,Path A – Final,,Bosnia and Herzegovina,Italy,BIH,ITA,1,1,,,True,True,4,1,Bilino Polje Stadium
uefa_qualifiers,WC2026 Qualifiers,UEFA,FIFA World Cup 2026™ UEFA Qualifiers,Q26-UEFA-400021432,2026-03-31,Round Two,Path D – Final,,Czechia,Denmark,CZE,DEN,2,2,,,True,True,3,1,Generali Arena
wc2026,World Cup 2026,,2026,WC26-1,2026-06-11,group,A,1,Mexico,South Africa,MEX,RSA,2,0,,,False,False,,,1
wc2026,World Cup 2026,,2026,WC26-2,2026-06-11,group,A,1,South Korea,Czech Republic,KOR,CZE,2,1,,,False,False,,,2
wc2026,World Cup 2026,,2026,WC26-3,2026-06-12,group,B,1,Canada,Bosnia and Herzegovina,CAN,BIH,1,1,,,False,False,,,12
wc2026,World Cup 2026,,2026,WC26-4,2026-06-12,group,D,1,United States,Paraguay,USA,PAR,4,1,,,False,False,,,16
wc2026,World Cup 2026,,2026,WC26-5,2026-06-13,group,C,1,Haiti,Scotland,HAI,SCO,0,1,,,False,False,,,9
wc2026,World Cup 2026,,2026,WC26-6,2026-06-13,group,D,1,Australia,Turkey,AUS,TUR,2,0,,,False,False,,,13
wc2026,World Cup 2026,,2026,WC26-7,2026-06-13,group,C,1,Brazil,Morocco,BRA,MAR,1,1,,,False,False,,,11
wc2026,World Cup 2026,,2026,WC26-8,2026-06-13,group,B,1,Qatar,Switzerland,QAT,SUI,1,1,,,False,False,,,15
wc2026,World Cup 2026,,2026,WC26-9,2026-06-14,group,E,1,Ivory Coast,Ecuador,CIV,ECU,1,0,,,False,False,,,10
wc2026,World Cup 2026,,2026,WC26-10,2026-06-14,group,E,1,Germany,Curaçao,GER,CUW,7,1,,,False,False,,,5
wc2026,World Cup 2026,,2026,WC26-11,2026-06-14,group,F,1,Netherlands,Japan,NED,JPN,2,2,,,False,False,,,4
wc2026,World Cup 2026,,2026,WC26-12,2026-06-14,group,F,1,Sweden,Tunisia,SWE,TUN,5,1,,,False,False,,,3
wc2026,World Cup 2026,,2026,WC26-13,2026-06-15,group,G,1,Iran,New Zealand,IRN,NZL,2,2,,,False,False,,,16
wc2026,World Cup 2026,,2026,WC26-14,2026-06-15,group,H,1,Spain,Cape Verde,ESP,CPV,0,0,,,False,False,,,7
wc2026,World Cup 2026,,2026,WC26-15,2026-06-15,group,G,1,Belgium,Egypt,BEL,EGY,1,1,,,False,False,,,14
wc2026,World Cup 2026,,2026,WC26-16,2026-06-15,group,H,1,Saudi Arabia,Uruguay,KSA,URU,1,1,,,False,False,,,8
wc2026,World Cup 2026,,2026,WC26-17,2026-06-16,group,I,1,France,Senegal,FRA,SEN,3,1,,,False,False,,,11
wc2026,World Cup 2026,,2026,WC26-18,2026-06-16,group,I,1,Iraq,Norway,IRQ,NOR,1,4,,,False,False,,,9
wc2026,World Cup 2026,,2026,WC26-19,2026-06-16,group,J,1,Argentina,Algeria,ARG,ALG,3,0,,,False,False,,,6
wc2026,World Cup 2026,,2026,WC26-20,2026-06-16,group,J,1,Austria,Jordan,AUT,JOR,3,1,,,False,False,,,15
wc2026,World Cup 2026,,2026,WC26-21,2026-06-17,group,K,1,Portugal,Democratic Republic of the Congo,POR,COD,1,1,,,False,False,,,5
wc2026,World Cup 2026,,2026,WC26-22,2026-06-17,group,L,1,England,Croatia,ENG,CRO,4,2,,,False,False,,,4
wc2026,World Cup 2026,,2026,WC26-23,2026-06-17,group,K,1,Uzbekistan,Colombia,UZB,COL,1,3,,,False,False,,,1
wc2026,World Cup 2026,,2026,WC26-24,2026-06-17,group,L,1,Ghana,Panama,GHA,PAN,1,0,,,False,False,,,12
wc2026,World Cup 2026,,2026,WC26-25,2026-06-18,group,A,2,Mexico,South Korea,MEX,KOR,1,0,,,False,False,,,2
wc2026,World Cup 2026,,2026,WC26-26,2026-06-18,group,B,2,Switzerland,Bosnia and Herzegovina,SUI,BIH,4,1,,,False,False,,,16
wc2026,World Cup 2026,,2026,WC26-27,2026-06-18,group,B,2,Canada,Qatar,CAN,QAT,6,0,,,False,False,,,13
wc2026,World Cup 2026,,2026,WC26-28,2026-06-18,group,A,2,Czech Republic,South Africa,CZE,RSA,1,1,,,False,False,,,7
wc2026,World Cup 2026,,2026,WC26-29,2026-06-19,group,C,2,Brazil,Haiti,BRA,HAI,3,0,,,False,False,,,10
wc2026,World Cup 2026,,2026,WC26-30,2026-06-19,group,C,2,Scotland,Morocco,SCO,MAR,0,1,,,False,False,,,9
wc2026,World Cup 2026,,2026,WC26-31,2026-06-19,group,D,2,United States,Australia,USA,AUS,2,0,,,False,False,,,14
wc2026,World Cup 2026,,2026,WC26-32,2026-06-19,group,D,2,Turkey,Paraguay,TUR,PAR,0,1,,,False,False,,,15
wc2026,World Cup 2026,,2026,WC26-33,2026-06-20,group,E,2,Germany,Ivory Coast,GER,CIV,2,1,,,False,False,,,12
wc2026,World Cup 2026,,2026,WC26-34,2026-06-20,group,E,2,Ecuador,Curaçao,ECU,CUW,0,0,,,False,False,,,6
wc2026,World Cup 2026,,2026,WC26-35,2026-06-20,group,F,2,Netherlands,Sweden,NED,SWE,5,1,,,False,False,,,5
wc2026,World Cup 2026,,2026,WC26-36,2026-06-20,group,F,2,Tunisia,Japan,TUN,JPN,0,4,,,False,False,,,3
wc2026,World Cup 2026,,2026,WC26-37,2026-06-21,group,G,2,Belgium,Iran,BEL,IRN,0,0,,,False,False,,,16
wc2026,World Cup 2026,,2026,WC26-38,2026-06-21,group,G,2,New Zealand,Egypt,NZL,EGY,1,3,,,False,False,,,13
wc2026,World Cup 2026,,2026,WC26-39,2026-06-21,group,H,2,Spain,Saudi Arabia,ESP,KSA,4,0,,,False,False,,,7
wc2026,World Cup 2026,,2026,WC26-40,2026-06-21,group,H,2,Uruguay,Cape Verde,URU,CPV,2,2,,,False,False,,,8
wc2026,World Cup 2026,,2026,WC26-41,2026-06-22,group,I,2,France,Iraq,FRA,IRQ,3,0,,,False,False,,,10
wc2026,World Cup 2026,,2026,WC26-42,2026-06-22,group,I,2,Norway,Senegal,NOR,SEN,3,2,,,False,False,,,11
wc2026,World Cup 2026,,2026,WC26-43,2026-06-22,group,J,2,Argentina,Austria,ARG,AUT,2,0,,,False,False,,,4
wc2026,World Cup 2026,,2026,WC26-44,2026-06-22,group,J,2,Jordan,Algeria,JOR,ALG,1,2,,,False,False,,,15
wc2026,World Cup 2026,,2026,WC26-45,2026-06-23,group,K,2,Portugal,Uzbekistan,POR,UZB,5,0,,,False,False,,,5
wc2026,World Cup 2026,,2026,WC26-46,2026-06-23,group,L,2,Panama,Croatia,PAN,CRO,0,1,,,False,False,,,12
wc2026,World Cup 2026,,2026,WC26-47,2026-06-23,group,K,2,Colombia,Democratic Republic of the Congo,COL,COD,1,0,,,False,False,,,2
wc2026,World Cup 2026,,2026,WC26-48,2026-06-23,group,L,2,England,Ghana,ENG,GHA,0,0,,,False,False,,,9
wc2026,World Cup 2026,,2026,WC26-49,2026-06-24,group,C,3,Scotland,Brazil,SCO,BRA,0,3,,,False,False,,,8
wc2026,World Cup 2026,,2026,WC26-50,2026-06-24,group,C,3,Morocco,Haiti,MAR,HAI,4,2,,,False,False,,,7
wc2026,World Cup 2026,,2026,WC26-51,2026-06-24,group,A,3,South Africa,South Korea,RSA,KOR,1,0,,,False,False,,,3
wc2026,World Cup 2026,,2026,WC26-52,2026-06-24,group,A,3,Czech Republic,Mexico,CZE,MEX,0,3,,,False,False,,,1
wc2026,World Cup 2026,,2026,WC26-53,2026-06-24,group,B,3,Bosnia and Herzegovina,Qatar,BIH,QAT,3,1,,,False,False,,,14
wc2026,World Cup 2026,,2026,WC26-54,2026-06-24,group,B,3,Switzerland,Canada,SUI,CAN,2,1,,,False,False,,,13
wc2026,World Cup 2026,,2026,WC26-55,2026-06-25,group,E,3,Curaçao,Ivory Coast,CUW,CIV,0,2,,,False,False,,,10
wc2026,World Cup 2026,,2026,WC26-56,2026-06-25,group,E,3,Ecuador,Germany,ECU,GER,2,1,,,False,False,,,11
wc2026,World Cup 2026,,2026,WC26-57,2026-06-25,group,D,3,Paraguay,Australia,PAR,AUS,0,0,,,False,False,,,15
wc2026,World Cup 2026,,2026,WC26-58,2026-06-25,group,D,3,Turkey,United States,TUR,USA,3,2,,,False,False,,,16
wc2026,World Cup 2026,,2026,WC26-59,2026-06-25,group,F,3,Japan,Sweden,JPN,SWE,1,1,,,False,False,,,4
wc2026,World Cup 2026,,2026,WC26-60,2026-06-25,group,F,3,Tunisia,Netherlands,TUN,NED,1,3,,,False,False,,,6
wc2026,World Cup 2026,,2026,WC26-61,2026-06-26,group,I,3,Senegal,Iraq,SEN,IRQ,5,0,,,False,False,,,12
wc2026,World Cup 2026,,2026,WC26-62,2026-06-26,group,I,3,Norway,France,NOR,FRA,1,4,,,False,False,,,9
wc2026,World Cup 2026,,2026,WC26-63,2026-06-26,group,G,3,Egypt,Iran,EGY,IRN,1,1,,,False,False,,,14
wc2026,World Cup 2026,,2026,WC26-64,2026-06-26,group,G,3,New Zealand,Belgium,NZL,BEL,1,5,,,False,False,,,13
wc2026,World Cup 2026,,2026,WC26-65,2026-06-26,group,H,3,Cape Verde,Saudi Arabia,CPV,KSA,0,0,,,False,False,,,5
wc2026,World Cup 2026,,2026,WC26-66,2026-06-26,group,H,3,Uruguay,Spain,URU,ESP,0,1,,,False,False,,,2
wc2026,World Cup 2026,,2026,WC26-67,2026-06-27,group,L,3,Panama,England,PAN,ENG,0,2,,,False,False,,,11
wc2026,World Cup 2026,,2026,WC26-68,2026-06-27,group,L,3,Croatia,Ghana,CRO,GHA,2,1,,,False,False,,,10
wc2026,World Cup 2026,,2026,WC26-69,2026-06-27,group,J,3,Algeria,Austria,ALG,AUT,3,3,,,False,False,,,6
wc2026,World Cup 2026,,2026,WC26-70,2026-06-27,group,J,3,Jordan,Argentina,JOR,ARG,1,3,,,False,False,,,4
wc2026,World Cup 2026,,2026,WC26-71,2026-06-27,group,K,3,Colombia,Portugal,COL,POR,0,0,,,False,False,,,8
wc2026,World Cup 2026,,2026,WC26-72,2026-06-27,group,K,3,Democratic Republic of the Congo,Uzbekistan,COD,UZB,3,1,,,False,False,,,7
wc2026,World Cup 2026,,2026,WC26-73,2026-06-28,r32,,4,South Africa,Canada,RSA,CAN,0,1,,,False,False,,,16
wc2026,World Cup 2026,,2026,WC26-74,2026-06-29,r32,,4,Germany,Paraguay,GER,PAR,1,1,,,False,True,3,4,9
wc2026,World Cup 2026,,2026,WC26-75,2026-06-29,r32,,4,Netherlands,Morocco,NED,MAR,1,1,,,False,True,2,3,3
wc2026,World Cup 2026,,2026,WC26-76,2026-06-29,r32,,4,Brazil,Japan,BRA,JPN,2,1,,,False,False,,,5
wc2026,World Cup 2026,,2026,WC26-77,2026-06-30,r32,,4,France,Sweden,FRA,SWE,3,0,,,False,False,,,11
wc2026,World Cup 2026,,2026,WC26-78,2026-06-30,r32,,4,Ivory Coast,Norway,CIV,NOR,1,2,,,False,False,,,4
wc2026,World Cup 2026,,2026,WC26-79,2026-06-30,r32,,4,Mexico,Ecuador,MEX,ECU,2,0,,,False,False,,,1
wc2026,World Cup 2026,,2026,WC26-80,2026-07-01,r32,,4,England,Democratic Republic of the Congo,ENG,COD,2,1,,,False,False,,,7
wc2026,World Cup 2026,,2026,WC26-81,2026-07-01,r32,,4,United States,Bosnia and Herzegovina,USA,BIH,2,0,,,False,False,,,15
wc2026,World Cup 2026,,2026,WC26-82,2026-07-01,r32,,4,Belgium,Senegal,BEL,SEN,3,2,,,False,False,,,14
wc2026,World Cup 2026,,2026,WC26-83,2026-07-02,r32,,4,Portugal,Croatia,POR,CRO,2,1,,,False,False,,,12
wc2026,World Cup 2026,,2026,WC26-84,2026-07-02,r32,,4,Spain,Austria,ESP,AUT,3,0,,,False,False,,,16
wc2026,World Cup 2026,,2026,WC26-85,2026-07-02,r32,,4,Switzerland,Algeria,SUI,ALG,2,0,,,False,False,,,13
wc2026,World Cup 2026,,2026,WC26-86,2026-07-03,r32,,4,Argentina,Cape Verde,ARG,CPV,3,2,,,False,False,,,8
wc2026,World Cup 2026,,2026,WC26-87,2026-07-03,r32,,4,Colombia,Ghana,COL,GHA,1,0,,,False,False,,,6
wc2026,World Cup 2026,,2026,WC26-88,2026-07-03,r32,,4,Australia,Egypt,AUS,EGY,1,1,,,False,True,2,4,4
