wc_player_id,full_name,known_name,country,position,price,club_league,club_name,club_player_id,club_match,curated_player_id,curated_match,euro2024_goals
1,Rayan Aït-Nouri,,ALG,DEF,4.9,Premier League,Rayan Aït Nouri,931278,full_name,,,
2,Ramy Bensebaini,,ALG,DEF,4.4,Bundesliga,Ramy Bensebaini,fm:696,full_name,,,
3,Aïssa Mandi,,ALG,DEF,3.9,Ligue 1,Aïssa Mandi,122810,full_name,,,
4,Mehdi Dorval,,ALG,DEF,3.7,,,,,,,
5,Zinéddine Belaïd,,ALG,DEF,3.7,,,,,,,
6,Sohaib Nair,,ALG,DEF,3.5,,,,,,,
7,Rafik Belghali,,ALG,DEF,3.5,,,,,,,
8,Achref Abada,,ALG,DEF,3.5,,,,,,,
9,Mohammed Amoura,,ALG,FWD,6.2,Bundesliga,Mohamed Amoura,fm:5316,unique_last_name,,,
10,Amine Gouiri,,ALG,FWD,6.2,Ligue 1,Amine Gouiri,859026,full_name,,,
11,Riyad Mahrez,,ALG,MID,6.5,,,,,,,
12,Ibrahim Maza,,ALG,FWD,5.4,,,,,,,
13,Anis Hadj Moussa,,ALG,FWD,5.3,,,,,,,
14,Farès Ghedjemis,,ALG,FWD,4.4,,,,,,,
15,Ahmed Benbouali,,ALG,FWD,4.2,,,,,,,
16,Amin Chiakha,,ALG,FWD,4,,,,,,,
17,Anthony Mandréa,,ALG,GK,3.9,,,,,,,
18,Luca Zidane,,ALG,GK,3.8,,,,,,,
19,Melvin Mastil,,ALG,GK,3.5,,,,,,,
20,Kilian Belazzoug,,ALG,GK,3.5,,,,,,,
21,Adil Boulbina,,ALG,MID,4,,,,,,,
22,Yacine Titraoui,,ALG,MID,4.7,,,,,,,
23,Ramiz Zerrouki,,ALG,MID,5.3,,,,,,,
24,Hicham Boudaoui,,ALG,MID,5.5,Ligue 1,Hicham Boudaoui,985923,full_name,,,
25,Adil Aouchiche,,ALG,MID,5.6,,,,,,,
26,Houssem Aouar,,ALG,MID,6,,,,,,,
27,Farès Chaïbi,,ALG,MID,6.2,,,,,,,
28,Cristian Romero,,ARG,DEF,4.9,Premier League,Cristian Romero,829932,full_name,7526fff9-a802-590e-a748-47155c97487a,name+country,
29,Marcos Senesi,,ARG,DEF,4.7,,,,,,,
30,Nahuel Molina,,ARG,DEF,4.4,La Liga,Nahuel Molina,laliga:nahuel-molina,full_name,c913aa8e-5ee7-5dfa-a9de-4a56e9b97889,name+country,
31,Nicolás Otamendi,,ARG,DEF,4.4,Liga Portugal,Nicolas Otamendi,fm:725,full_name,1a8a662f-aaff-59ba-9439-839f6354a347,name+country,
32,Marcos Acuña,,ARG,DEF,4.3,,,,,58fc463f-7063-541e-b077-cbfb82d5aadf,name+country,
33,Lucas Martínez Quarta,,ARG,DEF,4.3,,,,,,,
34,Nicolás Tagliafico,,ARG,DEF,4.3,Ligue 1,Nicolás Tagliafico,158243,full_name,79cc2de7-6b66-5e72-b491-8208a9c1f6b6,name+country,
35,Gabriel Rojas,,ARG,DEF,4,,,,,,,
36,Agustín Giay,,ARG,DEF,3.7,,,,,,,
38,Lionel Messi,,ARG,FWD,10,MLS,Lionel Messi,fm:11021,full_name,815f9a08-b302-5959-bf1a-759cf2a34a56,name+country,
39,Julián Alvarez,,ARG,FWD,8.6,La Liga,Julián Álvarez,laliga:julian-alvarez,full_name,fa2ecd18-5340-5f99-aa0b-0610550fcf28,name+country,
40,Gianluca Prestianni,,ARG,MID,5.6,Liga Portugal,Gianluca Prestianni,fm:740,full_name,,,
41,Giuliano Simeone,,ARG,MID,5.6,La Liga,Giuliano Simeone,laliga:giuliano-simeone,full_name,,,
42,Nico González,,ARG,MID,5.6,Premier League,Nico González,954056,full_name,,,
43,José Manuel López,,ARG,FWD,5.3,,,,,,,
44,Franco Mastantuono,,ARG,MID,5.8,La Liga,Franco Mastantuono,laliga:franco-mastantuono,full_name,,,
45,Emiliano Martínez,,ARG,GK,5,Premier League,Emiliano Martínez,158263,full_name,44dc6a3b-ff39-5fa3-93ee-ca94e69bec50,name+country,
46,Gerónimo Rulli,,ARG,GK,4.5,Ligue 1,Gerónimo Rulli,128383,full_name,32afa0b4-a568-5b4f-a170-53018748c2ca,name+country,
47,Juan Musso,,ARG,GK,4.3,La Liga,Juan Musso,laliga:juan-musso,full_name,,,
48,Leandro Paredes,,ARG,MID,5.6,,,,,8cf6305b-ca69-5d0f-9352-fed0efa0d13e,name+country,
49,Máximo Perrone,,ARG,MID,5.6,Serie A,Maximo Perrone,fm:6391,full_name,,,
50,Rodrigo De Paul,,ARG,MID,5.9,MLS,Rodrigo De Paul,fm:1314,full_name,8fd5a0e7-b50d-5295-ab31-cae9a0b8d51f,name+country,
51,Nico Paz,,ARG,MID,5.9,,,,,,,
52,Alejandro Garnacho,,ARG,MID,5.5,Premier League,Alejandro Garnacho,1135873,full_name,,,
53,Valentín Barco,,ARG,MID,6.2,Ligue 1,Valentín Barco,1127057,full_name,,,
54,Exequiel Palacios,,ARG,MID,6,Bundesliga,Exequiel Palacios,fm:2234,full_name,1942c45d-7a34-55c0-ba1e-93cf32f4dd7a,name+country,
55,Thiago Almada,,ARG,MID,6.5,La Liga,Thiago Almada,laliga:thiago-almada,full_name,fffe5ea3-55f1-5400-811a-419320b7163c,name+country,
56,Alexis Mac Allister,,ARG,MID,6.6,Premier League,Alexis Mac Allister,895324,full_name,5fccad3b-cf96-502e-b668-c23d5fb4aaec,name+country,
57,Enzo Fernández,,ARG,MID,7.5,Premier League,Enzo Fernández,974505,full_name,534b8fa7-65cc-52b1-a1fe-743bdbc7d805,name+country,
58,Jordan Bos,,AUS,DEF,4,Eredivisie,Jordan Bos,fm:340378,full_name,,,
59,Kye Rowles,,AUS,DEF,3.9,MLS,Kye Rowles,fm:24089,full_name,cf0f09fd-3c06-5438-ba8f-aa80f15762c4,name+country,
60,Alessandro Circati,,AUS,DEF,3.9,Serie A,Alessandro Circati,fm:6502,full_name,,,
61,Cameron Burgess,,AUS,DEF,3.8,,,,,,,
62,Milos Degenek,,AUS,DEF,3.8,,,,,70694db3-0729-5864-a9d8-2e93a9cbb93a,name+country,
63,Aziz Behich,,AUS,DEF,3.8,,,,,c64609e8-ca96-55c2-be74-cb038ff2a4dd,name+country,
64,Jason Geria,,AUS,DEF,3.7,,,,,,,
65,Fran Karacic,,AUS,DEF,3.6,,,,,904894b3-df67-57b4-9332-79f0c768e45d,name+country,
66,Kai Trewin,,AUS,DEF,3.5,MLS,Kai Trewin,fm:331537,full_name,,,
67,Lucas Herrington,,AUS,DEF,3.5,MLS,Lucas Herrington,fm:331502,full_name,,,
68,Nestory Irankunda,,AUS,FWD,5.1,,,,,,,
69,Martin Boyle,,AUS,FWD,5.1,,,,,,,
70,Nishan Velupillay,,AUS,FWD,4.4,,,,,,,
71,Deni Juric,Deni Juric,AUS,FWD,4.2,,,,,,,
72,Jacob Italiano,,AUS,DEF,4.2,,,,,,,
73,Ante Suto,,AUS,FWD,4,,,,,,,
74,Mathew Ryan,,AUS,GK,4.1,La Liga,Mathew Ryan,laliga:mathew-ryan,full_name,80ca23ee-f241-5f46-b2a6-c5856e31dc13,name+country,
75,Paul Izzo,,AUS,GK,3.6,,,,,,,
76,Patrick Beach,,AUS,GK,3.5,,,,,,,
77,Paul Okon,,AUS,MID,4.7,,,,,,,
78,Patrick Yazbek,,AUS,MID,4.9,MLS,Patrick Yazbek,fm:356499,full_name,,,
79,Alex Robertson,,AUS,MID,5.1,,,,,,,
80,Connor Metcalfe,,AUS,MID,5.3,Bundesliga,Connor Metcalfe,fm:5343,full_name,,,
81,Aiden O'Neill,,AUS,MID,5.4,MLS,Aiden O'neill,fm:332346,full_name,,,
82,Awer Mabil,,AUS,MID,5.6,,,,,5d5e7eaa-5664-5686-9655-6d31e8bfee78,name+country,
83,Ajdin Hrustic,,AUS,MID,5.7,Eredivisie,Ajdin Hrustic,fm:15688,full_name,ee495f53-560d-5e99-aaaf-8a0b8dbbfb31,name+country,
84,Riley McGree,,AUS,MID,5.9,Championship,Riley Mcgree,fm:4163,full_name,87858477-0ea2-54c1-9e8f-14139c85ac0b,name+country,
85,David Alaba,,AUT,DEF,4.6,La Liga,David Alaba,laliga:david-alaba,full_name,,,
86,Philipp Lienhart,,AUT,DEF,4.3,Bundesliga,Philipp Lienhart,fm:5187,full_name,,,
87,Alexander Prass,,AUT,DEF,4.3,Bundesliga,Alexander Prass,fm:2938,full_name,,,
88,Kevin Danso,,AUT,DEF,4.3,Premier League,Kevin Danso,794953,full_name,,,
90,Stefan Posch,,AUT,DEF,4.3,,,,,,,
91,Phillipp Mwene,,AUT,DEF,3.9,,,,,,,
92,Marco Friedl,,AUT,DEF,4.3,Bundesliga,Marco Friedl,fm:5153,full_name,,,
93,David Affengruber,,AUT,DEF,3.9,La Liga,David Affengruber,laliga:david-affengruber,full_name,,,
94,Michael Svoboda,,AUT,DEF,3.8,,,,,,,
95,Marko Arnautovic,,AUT,FWD,6,,,,,,,1
96,Michael Gregoritsch,,AUT,FWD,6,Bundesliga,Michael Gregoritsch,fm:5176,full_name,,,1
97,Sasa Kalajdzic,,AUT,FWD,6,,,,,,,
98,Alexander Schlager,Alexander Schlager,AUT,GK,4.6,Bundesliga,Xaver Schlager,fm:1684,unique_last_name,,,
99,Patrick Pentz,,AUT,GK,4.6,,,,,,,
101,Florian Wiegele,,AUT,GK,3.5,,,,,,,
102,Carney Chukwuemeka,,AUT,MID,5,,,,,,,
103,Konrad Laimer,,AUT,MID,5.8,Bundesliga,Konrad Laimer,fm:2284,full_name,,,
104,Alessandro Schöpf,,AUT,MID,5.3,,,,,,,
105,Florian Grillitsch,,AUT,MID,5.5,Liga Portugal,Florian Grillitsch,fm:2956,full_name,,,
106,Nicolas Seiwald,,AUT,MID,5.6,Bundesliga,Nicolas Seiwald,fm:1656,full_name,,,
107,Marcel Sabitzer,,AUT,MID,6.8,Bundesliga,Marcel Sabitzer,fm:701,full_name,,,1
108,Romano Schmid,,AUT,MID,6,Bundesliga,Romano Schmid,fm:5165,full_name,,,1
109,Patrick Wimmer,,AUT,MID,6,Bundesliga,Patrick Wimmer,fm:5312,full_name,,,
110,Paul Wanner,,AUT,MID,5.6,,,,,,,
111,Xaver Schlager,Xaver Schlager,AUT,MID,5.5,Bundesliga,Xaver Schlager,fm:1684,full_name,,,
112,Christoph Baumgartner,,AUT,MID,6.7,Bundesliga,Christoph Baumgartner,fm:1679,full_name,,,1
114,Maxim De Cuyper,,BEL,DEF,4.7,Premier League,Maxim De Cuyper,997152,full_name,,,
115,Timothy Castagne,,BEL,DEF,4.7,,,,,2b365634-87e4-5680-a7ac-194b459c6808,name+country,
116,Arthur Theate,,BEL,DEF,4.5,Bundesliga,Arthur Theate,fm:3172,full_name,9e627fec-c3f4-518f-a859-423159e801ef,name+country,
117,Thomas Meunier,,BEL,DEF,4.8,Ligue 1,Thomas Meunier,128587,full_name,89ffbbfd-b0b4-5a43-9b48-012d898caf36,name+country,
118,Zeno Debast,,BEL,DEF,4.3,Liga Portugal,Zeno Debast,fm:2110,full_name,05913da4-a6f5-5dac-9f56-ad63b9b0dab3,name+country,
119,Axel Witsel,,BEL,MID,5,La Liga,Axel Witsel,laliga:axel-witsel,full_name,df5ff691-8c97-50a8-95a8-a403b7621c41,name+country,
120,Koni De Winter,,BEL,DEF,4.2,Serie A,Koni De Winter,fm:6418,full_name,,,
121,Brandon Mechele,,BEL,DEF,3.9,,,,,,,
122,Joaquin Seys,,BEL,DEF,3.9,,,,,,,
123,Nathan Ngoy,,BEL,DEF,3.7,Ligue 1,Nathan Ngoy,1119487,full_name,,,
124,Romelu Lukaku,,BEL,FWD,7.4,,,,,e1136b8b-9398-573b-8bd1-b1214de9cd61,name+country,
125,Jérémy Doku,,BEL,MID,7.5,Premier League,Jérémy Doku,934386,full_name,a6699b58-0706-5a92-8537-57b9ecd0aaa9,name+country,
127,Dodi Lukébakio,,BEL,FWD,5.9,,,,,,,
128,Alexis Saelemaekers,,BEL,MID,5.7,Serie A,Alexis Saelemaekers,fm:3601,full_name,,,
129,Charles De Ketelaere,,BEL,MID,5.6,Serie A,Charles De Ketelaere,fm:1879,full_name,2e482f2c-2faf-527a-9a39-23adcc0c304a,name+country,
132,Senne Lammens,,BEL,GK,4.6,Premier League,Senne Lammens,964753,full_name,,,
135,Nicolas Raskin,,BEL,MID,5.3,,,,,,,
136,Amadou Onana,,BEL,MID,5.9,Premier League,Amadou Onana,923973,full_name,3902e678-4569-57da-a29c-cb68837dbb3f,name+country,
137,Youri Tielemans,,BEL,MID,6.1,Premier League,Youri Tielemans,331737,full_name,68c377da-09d7-53c7-baa4-fd20cf8b5df9,name+country,1
138,Kevin De Bruyne,,BEL,MID,7.5,Serie A,Kevin De Bruyne,fm:2065,full_name,a4193ea8-b06d-5858-b775-1f15751b44c2,name+country,
139,Sead Kolasinac,,BIH,DEF,4.3,,,,,,,
140,Amar Dedic,,BIH,DEF,4.3,,,,,,,
141,Tarik Muharemovic,,BIH,DEF,3.9,Serie A,Tarik Muharemovic,fm:354226,full_name,,,
142,Nikola Katic,,BIH,DEF,3.8,,,,,,,
143,Stjepan Radeljic,,BIH,DEF,3.7,,,,,,,
144,Nihad Mujakic,,BIH,DEF,3.6,Super Lig,Nihad Mujakic,fm:933,full_name,,,
145,Nidal Celik,,BIH,DEF,3.5,Ligue 1,Nidal Čelik,1399503,full_name,,,
146,Ermedin Demirovic,,BIH,FWD,6.2,,,,,,,
147,Edin Dzeko,,BIH,FWD,6.1,Serie A,Edin Dzeko,fm:1030,full_name,,,
148,Jovo Lukic,,BIH,FWD,5.6,,,,,,,
149,Haris Tabakovic,,BIH,FWD,5.1,,,,,,,
150,Esmir Bajraktarevic,,BIH,FWD,4.7,,,,,,,
151,Samed Bazdar,,BIH,FWD,4.5,,,,,,,
152,Kerim Alajbegovic,,BIH,FWD,4.2,,,,,,,
153,Nikola Vasilj,,BIH,GK,4,,,,,,,
154,Osman Hadzikic,,BIH,GK,3.6,,,,,,,
155,Martin Zlomislic,,BIH,GK,3.5,,,,,,,
156,Amar Memic,,BIH,MID,4.7,,,,,,,
157,Dzenis Burnic,,BIH,MID,4.9,,,,,,,
158,Ivan Sunjic,,BIH,MID,5.1,,,,,,,
159,Armin Gigovic,,BIH,MID,5.1,,,,,,,
160,Ivan Basic,,BIH,MID,5.1,,,,,,,
161,Benjamin Tahirovic,,BIH,MID,5.3,,,,,,,
162,Amir Hadziahmetovic,,BIH,MID,5.5,Championship,Amir Hadziahmetovic,fm:80524,full_name,,,
164,Gabriel dos Santos Magalhães,Gabriel Magalhães,BRA,DEF,5.5,Premier League,Gabriel Magalhães,869792,known_name,,,
165,Marcos Aoás Corrêa,Marquinhos,BRA,DEF,5.2,Ligue 1,Marquinhos,155995,known_name,5fdf729f-c3cf-5b3e-b96f-fe4540f00f69,name+country,
166,Roger Ibañez da Silva,Ibañez,BRA,DEF,4.4,,,,,,,
167,Danilo Luiz da Silva,Danilo,BRA,DEF,4.3,Eredivisie,Danilo,fm:1589,known_name,1b01ab0b-345a-5c24-96ae-a59491b562d7,name+country,
168,Douglas dos Santos Justino de Melo,Douglas Santos,BRA,DEF,4.3,,,,,,,
169,Gleison Bremer Silva Nascimento,Bremer,BRA,DEF,4.3,Serie A,Bremer,fm:1946,known_name,a5995e87-5c39-5c35-8959-348e8304ed21,name+country,
170,Leonardo Pereira,Léo Pereira,BRA,DEF,4.2,,,,,,,
173,Vinícius José Paixão de Oliveira Júnior,Vinícius Júnior,BRA,MID,10,La Liga,Vinicius Júnior,laliga:vinicius-junior,known_name,999d0674-8e3a-538b-853b-180bcce41aff,name+country,
174,Matheus Santos Carneiro da Cunha,Matheus Cunha,BRA,FWD,7.3,Premier League,Matheus Cunha,886363,known_name,,,
176,Gabriel Teodoro Martinelli Silva,Gabriel Martinelli,BRA,MID,6.5,Premier League,Gabriel Martinelli,922573,known_name,ffbc7f2f-e599-5cd3-bc92-eaa11351cd98,name+country,
177,Luiz Henrique André Rosa da Silva,Luiz Henrique,BRA,FWD,6.1,,,,,,,
178,Igor Thiago Nascimento Rodrigues,Igor Thiago,BRA,FWD,5.9,Premier League,Igor Thiago,1016907,known_name,,,
179,Rayan Vitor Simplício Rocha,Rayan,BRA,FWD,5.6,Liga Portugal,Kaique Rocha,fm:372469,unique_last_name,,,
181,Endrick Felipe Moreira de Sousa,Endrick,BRA,FWD,5.5,,,,,,,
182,Ederson Santana de Moraes,Ederson,BRA,GK,5,Serie A,Ederson,fm:1864,known_name,98830216-d189-5e96-b4cf-9c220d8c3aa8,name+country,
183,Alisson Ramsés Becker,Alisson Becker,BRA,GK,5,,,,,,,
186,Fábio Henrique Tavares,Fabinho,BRA,MID,5.2,Saudi Pro League,Fabinho,fm:13893,known_name,735e18ff-31cb-529e-a48a-e4cb925152f8,name+country,
187,Danilo dos Santos de Oliveira,Danilo,BRA,MID,5.6,Eredivisie,Danilo,fm:1589,known_name,1b01ab0b-345a-5c24-96ae-a59491b562d7,name+country,
188,Carlos Henrique Casimiro,Casemiro,BRA,MID,6.3,Premier League,Casemiro,122951,known_name,7ac688b5-2fe0-524a-b176-01c0240ada3f,name+country,
190,Lucas Tolentino Coelho de Lima,Lucas Paquetá,BRA,MID,6.5,,,,,0f733754-ec3f-5d8e-8eaa-c470a232cb03,name+country,
195,João Paulo Moreira Fernandes,João Paulo,CPV,MID,4.6,,,,,,,
196,Jair Semedo Monteiro,Yannick Semedo,CPV,MID,4.7,,,,,,,
198,Kevin Lenini Gonçalves Pereira de Pina,Kevin Pina,CPV,MID,4.7,,,,,,,
199,Steven Moreira,Steven Moreira,CPV,DEF,3.9,,,,,,,
200,Wagner Fabrício Cardoso de Pina,Wagner Pina,CPV,DEF,3.8,,,,,,,
201,Roberto Carlos Lopes,Pico,CPV,DEF,3.7,,,,,,,
202,Kelvin Spencer Pires,Kelvin Pires,CPV,DEF,3.6,Premier League,Lucas Pires,1136896,unique_last_name,,,
203,Sidny Lopes Cabral,Sidny Cabral,CPV,DEF,3.5,Liga Portugal,Jovane Cabral,fm:6891,unique_last_name,,,
205,Edilson Alberto Monteiro Sanches Borges,Diney,CPV,DEF,3.5,,,,,,,
206,Ryan Isaac Mendes da Graça,Ryan Mendes,CPV,FWD,4.9,Super Lig,Ryan Mendes,fm:367154,known_name,,,
207,Jovane Eduardo Borges Cabral,Jovane Cabral,CPV,FWD,4.9,Liga Portugal,Jovane Cabral,fm:6891,known_name,,,
208,Dailon Rocha Livramento do Rosário,Dailon Livramento,CPV,FWD,4.9,,,,,,,
209,Nuno Miguel da Costa Jóia,Nuno da Costa,CPV,FWD,4.7,Super Lig,Nuno Da Costa,fm:37027,known_name,,,
210,Garry Mendes Rodrigues,Garry Rodrigues,CPV,FWD,4.7,,,,,,,
211,Willy Johnson Semedo Afonso,Willy Semedo,CPV,FWD,4.5,,,,,,,
214,Josimar José Évora Dias,Vozinha,CPV,GK,3.9,,,,,,,
215,Carlos Joaquim Antunes dos Santos,CJ dos Santos,CPV,GK,3.6,,,,,,,
216,Márcio Salomão Brazão da Rosa,Márcio da Rosa,CPV,GK,3.5,,,,,,,
217,Telmo Emanuel Gomes Arcanjo,Telmo Arcanjo,CPV,MID,4.9,,,,,,,
218,Deroy d'Encarnação Duarte,Deroy Duarte,CPV,MID,4.9,,,,,,,
219,Laros Michael d'Encarnação  Duarte,Laros Duarte,CPV,MID,5.1,,,,,,,
220,Richie Laryea,,CAN,DEF,3.9,MLS,Richie Laryea,fm:254532,full_name,809c0bcd-49fb-5f19-bbae-f87f26828f9c,name+country,
221,Derek Cornelius,,CAN,DEF,4,Ligue 1,Derek Cornelius,801411,full_name,aa1da49d-c589-5823-8932-f297c1cb7d31,name+country,
223,Joel Waterman,,CAN,DEF,3.7,MLS,Joel Waterman,fm:379594,full_name,eb534d68-395b-5ed9-8558-d81588f0bd5b,name+country,
225,Luc De Fougerolles,,CAN,DEF,3.5,,,,,,,
226,Jonathan David,,CAN,FWD,7,Serie A,Jonathan David,fm:2194,full_name,866b7572-656d-5d1f-9f6f-bcc3cdd3a00e,name+country,
227,Cyle Larin,,CAN,FWD,6.2,,,,,618837aa-a41c-5738-a471-e9d6550fe3b8,name+country,
228,Tajon Buchanan,,CAN,FWD,5.5,La Liga,Tajon Buchanan,laliga:tajon-buchanan,full_name,17ceb06b-a294-53f6-b581-e0a94705b76e,name+country,
229,Liam Millar,,CAN,FWD,5.1,Championship,Liam Millar,fm:4234,full_name,4eadcccf-68ed-5201-854f-b054921908ae,name+country,
230,Tani Oluwaseyi,,CAN,FWD,4.9,La Liga,Tani Oluwaseyi,laliga:tani-oluwaseyi,full_name,,,
232,Jacen Russell-Rowe,,CAN,FWD,4.5,,,,,,,
233,Daniel Jebbison,,CAN,FWD,4.2,Championship,Daniel Jebbison,fm:3821,full_name,,,
235,Maxime Crépeau,,CAN,GK,4,,,,,,,
236,Dayne St. Clair,,CAN,GK,3.8,,,,,61ab03ba-8c4a-5faa-a795-4be3a833b3c7,name+country,
237,Owen Goodman,,CAN,GK,3.5,,,,,,,
238,Ali Ahmed,,CAN,MID,4.9,,,,,,,
239,Ralph Priso,,CAN,MID,4.9,MLS,Ralph Priso,fm:379439,full_name,,,
240,Niko Sigur,,CAN,MID,4.9,,,,,,,
241,Nathan Saliba,,CAN,MID,5.1,,,,,,,
242,Mathieu Choinière,,CAN,MID,5.3,MLS,Mathieu Choiniere,fm:367074,full_name,,,
243,Jonathan Osorio,,CAN,MID,5.6,MLS,Jonathan Osorio,fm:379238,full_name,539aa7bf-6781-50e4-aeb4-4262d6e8977e,name+country,
244,Marcelo Flores,,CAN,MID,5.7,,,,,,,
245,Ismaël Koné,,CAN,MID,6,,,,,b7beb298-ef5d-5ee1-a11f-fe389cfff3d9,name+country,
246,Kevin Castaño,,COL,MID,4.3,,,,,,,
247,Richard Ríos,,COL,MID,4.7,Liga Portugal,Richard Rios,fm:333122,full_name,,,
248,Daniel Muñoz,,COL,DEF,4.6,Premier League,Daniel Muñoz,870360,full_name,,,
249,Jhon Lucumí,,COL,DEF,4.3,Serie A,Jhon Lucumi,fm:964,full_name,,,
250,Dávinson Sánchez,,COL,DEF,4.3,Super Lig,Davinson Sanchez,fm:1752,full_name,c5477934-570d-5c85-9dd8-a2a442b62395,name+country,
251,Déiver Machado,,COL,DEF,3.9,Ligue 1,Deiver Machado,822110,full_name,,,
252,Johan Mojica,,COL,DEF,3.9,La Liga,Johan Mojica,laliga:johan-mojica,full_name,abc009b2-3557-57b3-9d6c-5016e3bb664e,name+country,
253,Santiago Arias,,COL,DEF,3.9,,,,,814e23dc-419b-5d03-a728-7f4bded3eaf7,name+country,
256,Luis Díaz,,COL,MID,8.1,Bundesliga,Luis Diaz,fm:858,full_name,,,
257,Jhon Córdoba,,COL,FWD,6.1,,,,,,,
259,Luis Suárez,,COL,FWD,5.7,Liga Portugal,Luis Suarez,fm:8135,full_name,e5ec2cba-2a38-5a44-ba9d-0ca9a219e723,name_unique,
261,Andrés Gómez,,COL,FWD,4.9,,,,,,,
262,Camilo Vargas,,COL,GK,4.3,MLS,Kerwin Vargas,fm:358883,unique_last_name,6292973d-366d-5ba3-8f44-c4bbb7e8521e,name+country,
263,David Ospina,,COL,GK,4,,,,,bd825eab-aaed-54e8-8e18-a0e011fa2f31,name+country,
264,Álvaro Montero,,COL,GK,3.8,,,,,,,
265,Jefferson Lerma,,COL,MID,4.9,Premier League,Jefferson Lerma,355796,full_name,106bbb0b-427e-5ed3-8373-c888021add2b,name+country,
266,Gustavo Puerta,,COL,MID,5.3,,,,,,,
267,Juan Fernando Quintero,,COL,MID,5.6,,,,,d800f964-710d-59f4-a331-615e6e62c64a,name+country,
268,Jaminton Campaz,,COL,MID,5.5,,,,,,,
269,Jhon Arias,,COL,MID,6.3,,,,,,,
270,James Rodríguez,,COL,MID,6.5,MLS,James Rodriguez,fm:22377,full_name,4c936157-4d63-517d-bdc0-4b594567d23a,name+country,
271,Jorge Carrascal,,COL,MID,6.1,,,,,,,
272,Aaron Wan-Bissaka,,COD,DEF,4.3,Premier League,Aaron Wan-Bissaka,863653,full_name,,,
273,Arthur Masuaku,,COD,DEF,4.2,Ligue 1,Arthur Masuaku,174975,full_name,,,
274,Chancel Mbemba,,COD,DEF,4.2,Ligue 1,Chancel Mbemba,238612,full_name,,,
275,Axel Tuanzebe,,COD,DEF,4,Premier League,Axel Tuanzebe,817979,full_name,,,
276,Joris Kayembe,,COD,DEF,3.9,,,,,,,
277,Dylan Batubinsika,,COD,DEF,3.8,,,,,,,
278,Steve Kapuadi,,COD,DEF,3.7,,,,,,,
281,Yoane Wissa,,COD,FWD,6.2,Premier League,Yoane Wissa,805123,full_name,,,
282,Simon Banza,,COD,FWD,5.6,,,,,,,
283,Cédric Bakambu,,COD,FWD,6.5,La Liga,Cédric Bakambu,laliga:cedric-bakambu,full_name,,,
284,Meschack Elia,,COD,FWD,4.9,Super Lig,Meschack Elia,fm:1493,full_name,,,
285,Fiston Mayele,,COD,FWD,4.9,,,,,,,
287,Nathanaël Mbuku,,COD,FWD,4.5,Ligue 1,Nathanaël Mbuku,963399,full_name,,,
288,Brian Cipenga,,COD,FWD,4.2,,,,,,,
289,Lionel Mpasi,,COD,GK,4,,,,,,,
290,Matthieu Epolo,,COD,GK,3.7,,,,,,,
291,Timothy Fayulu,,COD,GK,3.6,,,,,,,
292,Ngal'ayel Mukau,,COD,MID,4.9,Ligue 1,Ngal'ayel Mukau,1391541,full_name,,,
293,Samuel Moutoussamy,,COD,MID,5.1,,,,,,,
294,Noah Sadiki,,COD,MID,5.3,,,,,,,
295,Charles Pickel,,COD,MID,5.3,La Liga,Charles Pickel,laliga:charles-pickel,full_name,,,
296,Edo Kayembe,,COD,MID,5.6,,,,,,,
297,Théo Bongonda,,COD,MID,6.2,,,,,,,
298,Christ Inao Oulaï,,CIV,MID,4.6,Super Lig,Christ Inao Oulai,fm:349307,full_name,,,
299,Evan Ndicka,,CIV,DEF,4.4,,,,,,,
300,Wilfried Singo,,CIV,DEF,4.4,Super Lig,Wilfried Singo,fm:2033,full_name,,,
301,Ousmane Diomande,,CIV,DEF,4.3,Liga Portugal,Ousmane Diomande,fm:2107,full_name,,,
302,Odilon Kossounou,,CIV,DEF,4.3,Serie A,Odilon Kossounou,fm:1871,full_name,,,
303,Guéla Doué,,CIV,DEF,3.9,Ligue 1,Guéla Doué,1002033,full_name,,,
304,Emmanuel Agbadou,,CIV,DEF,3.9,Super Lig,Emmanuel Agbadou,fm:3889,full_name,,,
305,Ghislain Konan,,CIV,DEF,4,Liga Portugal,Ghislain Konan,fm:25435,full_name,,,
306,Clément Akpa,,CIV,DEF,3.6,,,,,,,
307,Yan Diomande,,CIV,FWD,5.9,Bundesliga,Yan Diomande,fm:262238,full_name,,,
308,Nicolas Pépé,,CIV,FWD,5.9,La Liga,Nicolas Pépé,laliga:nicolas-pepe,full_name,,,
309,Elye Wahi,,CIV,FWD,5.9,Ligue 1,Elye Wahi,979315,full_name,,,
310,Amad Diallo,,CIV,FWD,5.9,Premier League,Amad Diallo,971037,full_name,,,
311,Simon Adingra,,CIV,FWD,5.6,Ligue 1,Simon Adingra,1110842,full_name,,,
312,Evann Guessand,,CIV,FWD,5.3,Premier League,Evann Guessand,930245,full_name,,,
314,Bazoumana Touré,,CIV,FWD,4.5,Bundesliga,Bazoumana Toure,fm:2959,full_name,,,
316,Alban Lafont,,CIV,GK,4.1,,,,,,,
317,Yahia Fofana,Yahia Fofana,CIV,GK,4.2,,,,,,,
318,Mohamed Koné,,CIV,GK,3.7,,,,,,,
319,Parfait Guiagon,,CIV,MID,4.9,,,,,,,
320,Jean Michaël Seri,,CIV,MID,5.5,,,,,,,
321,Ibrahim Sangaré,,CIV,MID,5.8,Ligue 1,Mamadou Sangare,1064697,unique_last_name,,,
322,Franck Kessie,,CIV,MID,5.9,Saudi Pro League,Franck Kessie,fm:13758,full_name,,,
323,Seko Fofana,Seko Fofana,CIV,MID,6.8,,,,,,,
324,Petar Sucic,,CRO,MID,4.2,Serie A,Petar Sucic,fm:990,full_name,,,
325,Josip Stanisic,,CRO,DEF,4.3,,,,,124cc960-7b23-56ad-a808-ace6f2dbf86f,name+country,
326,Josip Sutalo,,CRO,DEF,4.3,Eredivisie,Josip Sutalo,fm:3005,full_name,07d9aee3-ca5f-5a99-934d-c2ab72eb8ccd,name+country,
327,Duje Caleta-Car,,CRO,DEF,4,La Liga,Duje Ćaleta-Car,laliga:duje-caleta-car,full_name,b1b39908-0781-51d6-951b-b80747d029a7,name+country,
328,Marin Pongracic,,CRO,DEF,4,,,,,,,
329,Martin Erlic,,CRO,DEF,3.9,,,,,60ae1cad-043d-584c-b90e-36dd964a8531,name+country,
330,Luka Vuskovic,,CRO,DEF,3.7,Bundesliga,Luka Vuskovic,fm:332363,full_name,,,
332,Ante Budimir,,CRO,FWD,6.8,La Liga,Ante Budimir,laliga:ante-budimir,full_name,08470faa-caf7-5e16-8f80-0a837bf94938,name+country,
333,Andrej Kramaric,,CRO,FWD,6.2,Bundesliga,Andrej Kramaric,fm:2944,full_name,9e28c5da-f89f-5abb-96d0-49b8946f2cf7,name+country,1
334,Ivan Perisic,,CRO,FWD,5.4,Eredivisie,Ivan Perisic,fm:2088,full_name,1bc7347e-8e0e-5bff-a61f-2cf481f4a409,name+country,
335,Marco Pasalic,,CRO,FWD,5.3,MLS,Marco Pasalic,fm:3395,full_name,,,
336,Petar Musa,,CRO,FWD,5.1,MLS,Petar Musa,fm:9086,full_name,,,
337,Igor Matanovic,,CRO,FWD,4.9,,,,,,,
338,Dominik Livakovic,,CRO,GK,4.5,,,,,d5ef08c4-9be5-59a6-85e1-39035e70229b,name+country,
339,Ivor Pandur,,CRO,GK,3.9,,,,,,,
341,Luka Sucic,,CRO,MID,4.9,La Liga,Luka Sučić,laliga:luka-sucic,full_name,7875488e-4286-5dd4-a23a-4b3e0363e57d,name+country,
342,Toni Fruk,,CRO,MID,4.9,,,,,,,
343,Nikola Moro,,CRO,MID,5.6,Serie A,Nikola Moro,fm:977,full_name,,,
344,Kristijan Jakic,,CRO,MID,5.6,Bundesliga,Kristijan Jakic,fm:5245,full_name,c85fe41a-b144-5bbc-9ae2-538f0005d910,name+country,
345,Nikola Vlasic,,CRO,MID,6.1,Serie A,Nikola Vlasic,fm:6642,full_name,47de52d3-f8e8-51fe-ae63-9ff6c73eb667,name+country,
346,Luka Modric,,CRO,MID,6.2,Serie A,Luka Modric,fm:1983,full_name,36378d2c-59c1-5ed4-8030-08041f7b9eeb,name+country,1
347,Mario Pasalic,,CRO,MID,6.4,MLS,Marco Pasalic,fm:3395,unique_last_name,70742bc6-5a68-5342-ba95-0d5d7893127c,name+country,
348,Martin Baturina,,CRO,MID,6.5,Serie A,Martin Baturina,fm:1002,full_name,,,
350,Tahith Chong,,CUW,MID,4.2,,,,,,,
351,Godfried Roemeratoe,,CUW,MID,4.7,,,,,,,
352,Leandro Bacuna,Leandro Bacuna,CUW,DEF,4,,,,,,,
353,Riechedly Bazoer,,CUW,DEF,3.8,,,,,,,
354,Joshua Brenet,,CUW,DEF,3.7,,,,,,,
355,Shurandy Sambo,,CUW,DEF,3.6,,,,,,,
356,Sherel Floranus,,CUW,DEF,3.6,,,,,,,
357,Roshon van Eijma,,CUW,DEF,3.5,,,,,,,
358,Ar'Jany Martha,,CUW,DEF,3.5,,,,,,,
359,Juriën Gaari,,CUW,DEF,3.5,,,,,,,
360,Livano Comenencia,,CUW,DEF,4.5,,,,,,,
361,Tyrese Noslin,,CUW,DEF,3.5,,,,,,,
362,Brandley Kuwas,,CUW,FWD,4.4,Eredivisie,Brandley Kuwas,fm:336189,full_name,,,
363,Sontje Hansen,,CUW,FWD,4.4,,,,,,,
364,Kenji Gorré,,CUW,FWD,4.2,,,,,,,
365,Jearl Margaritha,,CUW,FWD,4.2,,,,,,,
366,Gervane Kastaneer,,CUW,FWD,4,,,,,,,
367,Jeremy Antonisse,,CUW,FWD,4,,,,,,,
368,Eloy Room,,CUW,GK,3.9,,,,,,,
369,Trevor Doornbusch,,CUW,GK,3.6,,,,,,,
370,Tyrick Bodak,,CUW,GK,3.5,,,,,,,
371,Kevin Felida,,CUW,MID,4.5,,,,,,,
372,Juninho Bacuna,,CUW,MID,5.1,,,,,,,
373,Denis Visinsky,,CZE,MID,4.9,,,,,,,
374,Ladislav Krejcí,,CZE,DEF,4.4,,,,,,,
375,Tomás Holes,,CZE,DEF,3.9,,,,,,,
376,David Jurásek,,CZE,DEF,3.9,Super Lig,David Jurasek,fm:2946,full_name,,,
378,Robin Hranác,,CZE,DEF,3.9,Bundesliga,Robin Hranac,fm:2937,full_name,,,
379,Jaroslav Zeleny,,CZE,DEF,3.9,,,,,,,
380,Vladimír Coufal,,CZE,DEF,3.6,Bundesliga,Vladimir Coufal,fm:3723,full_name,,,
381,Stepán Chaloupek,,CZE,DEF,3.5,,,,,,,
382,Patrik Schick,,CZE,FWD,7.3,Bundesliga,Patrik Schick,fm:2218,full_name,,,
383,Tomás Chory,,CZE,FWD,5.3,,,,,,,
384,Mojmír Chytil,,CZE,FWD,4.9,,,,,,,
386,Tomás Ladra,,CZE,FWD,4.4,,,,,,,
387,Matej Kovár,,CZE,GK,4.1,,,,,,,
388,Lukás Hornícek,,CZE,GK,3.8,,,,,,,
390,Lukás Cerv,,CZE,MID,5.3,,,,,,,
391,Vladimír Darida,,CZE,MID,5.3,,,,,,,
392,Pavel Bucha,,CZE,MID,5.5,MLS,Pavel Bucha,fm:8541,full_name,,,
393,Tomás Soucek,,CZE,MID,5.6,Premier League,Tomáš Souček,799041,full_name,,,
395,Michal Sadílek,,CZE,MID,5.6,,,,,,,
396,Lukás Provod,,CZE,MID,5.9,,,,,,,
397,Pavel Sulc,,CZE,MID,5.9,Ligue 1,Pavel Šulc,957604,full_name,,,
398,Denil Castillo,Denil Castillo,ECU,MID,4.9,Ligue 1,Romain Del Castillo,825681,unique_last_name,,,
399,Jordy Alcívar,,ECU,MID,4.9,,,,,,,
400,Pervis Estupiñán,,ECU,DEF,4.8,Serie A,Pervis Estupinan,fm:3958,full_name,c19bb1a4-0f2b-5dc4-a86c-bdb0c01574cf,name+country,
403,Ángelo Preciado,,ECU,DEF,4.3,,,,,1063e285-eac6-506b-8fd6-fce080043ab8,name+country,
404,Joel Ordóñez,Joel Ordóñez,ECU,DEF,3.9,,,,,,,
405,Félix Torres,,ECU,DEF,3.9,,,,,089c9e31-915f-59fe-9f38-dd66fdb3dcc3,name+country,
406,José Hurtado,,ECU,DEF,3.9,,,,,,,
407,Jackson Porozo,,ECU,DEF,3.8,,,,,6b095f44-a4d6-5b3d-b274-f91f8049ab72,name+country,
411,Yaimar Medina,,ECU,DEF,3.5,Ligue 1,Facundo Medina,860307,unique_last_name,,,
412,Enner Valencia,Enner Valencia,ECU,FWD,5.9,,,,,33aea20b-a768-5265-9967-8826559c86c9,name+country,
413,Gonzalo Plata,,ECU,FWD,5.6,,,,,a62c4cd8-f7d4-55ad-b4fc-b12a10e95713,name+country,
414,John Yeboah,,ECU,MID,5.1,,,,,,,
415,Kevin Rodríguez,,ECU,FWD,4.9,Premier League,Jay Rodriguez,26989,unique_last_name,609dcfe0-3171-5787-a8fe-2c59f7d86130,name+country,
416,Alan Minda,,ECU,FWD,4.9,,,,,,,
417,Jordy Caicedo,Jordy Caicedo,ECU,FWD,4.9,,,,,,,
419,John Mercado,,ECU,FWD,4.4,,,,,,,
420,Anthony Valencia,Anthony Valencia,ECU,MID,4.2,,,,,,,
421,Jeremy Arévalo,,ECU,FWD,4,,,,,,,
423,Hernán Galíndez,,ECU,GK,4.2,,,,,4a293b10-c343-508c-9828-bf5470295cea,name+country,
424,Moisés Ramírez,,ECU,GK,3.9,,,,,519b9323-8e16-5508-9c8f-7ad3912fed04,name+country,
425,Gonzalo Valle,,ECU,GK,3.6,,,,,,,
427,Kendry Páez,,ECU,MID,5.2,,,,,,,
428,Alan Franco,,ECU,MID,5.6,,,,,ad7f360b-0b8e-5aba-abba-1541b739a5f9,name+country,
429,Pedro Vite,,ECU,MID,5.2,,,,,,,
430,Moisés Caicedo,Moisés Caicedo,ECU,MID,6.8,Premier League,Moisés Caicedo,987650,full_name,4a85efa8-f858-5d81-9f4e-50c1e4fbb6b2,name+country,
432,Marwan Attia Fahim Ghallab,Marwan Attia,EGY,MID,4.3,,,,,,,
433,Ahmed Mostafa Mohamed Sayed,Zizo,EGY,MID,4.3,,,,,,,
434,Hamdi Fathy Abdelhalim Abdel Fattah,Hamdi Fathy,EGY,MID,4.4,,,,,,,
435,Emam Ashour Metwally Abdel Ghany,Emam Ashour,EGY,MID,4.6,,,,,,,
436,Mahmoud Saber Abdelmohsen Hassan,Mahmoud Saber,EGY,MID,4.9,,,,,,,
437,Mohamed Abdelmonem El Sayed Mohamed Ahmed,Mohamed Abdelmonem,EGY,DEF,4,Ligue 1,Mohamed Abdelmonem,926506,known_name,,,
438,Ahmed Mohamed Abou El Fotouh Mohamed,Ahmed Fatouh,EGY,DEF,3.9,,,,,,,
439,Mohamed Hany Gamal El Demerdash,Mohamed Hany,EGY,DEF,3.6,,,,,,,
440,Ramy Hisham Abdel Aziz Mostafa Rabia,Ramy Rabia,EGY,DEF,3.6,,,,,,,
441,Hossam Abdelmaguid Abdelsalam Abdelmaguid,Hossam Abdelmaguid,EGY,DEF,3.6,,,,,,,
442,Tarek Alaa El Gebaly,Tarek Alaa,EGY,DEF,3.5,,,,,,,
444,Yasser Ahmed Ibrahim El Hanafi,Yasser Ibrahim,EGY,DEF,3.5,,,,,,,
445,Omar Khaled Mohamed Abdelsalam Marmoush,Omar Marmoush,EGY,FWD,7.8,Premier League,Omar Marmoush,873554,known_name,,,
447,Mahmoud Ahmed Ibrahim Hassan,Trezeguet,EGY,FWD,5.6,,,,,b62f4561-d793-5d8c-854b-095eb3ffdbbe,name+country,
448,Haissem Hassan,,EGY,FWD,4.6,La Liga,Haissem Hassan,laliga:haissem-hassan,full_name,,,
451,Mohamed El Sayed Mohamed El Shenawy Gomaa,Mohamed El Shenawy,EGY,GK,3.6,,,,,0b10954f-17c6-54fd-9adb-e38e46f86035,name+country,
452,El Mahdy Mohamed Soliman Ibrahim,El Mahdy Soliman,EGY,GK,3.6,,,,,,,
453,Mostafa Ahmed Abdelaziz Mohamed Shobeir,Mostafa Shobeir,EGY,GK,3.5,,,,,,,
454,Mohamed Alaa,Mohamed Alaa,EGY,GK,3.5,,,,,,,
455,Mohanad Mostafa Ahmed Abdelmonem Lasheen,Mohanad Lasheen,EGY,MID,5.3,,,,,,,
456,Ibrahim Adel Ali Mohamed Hassan,Ibrahim Adel,EGY,MID,5.9,,,,,,,
457,Nico O'Reilly,,ENG,DEF,4.7,Premier League,Nico O'Reilly,1142703,full_name,,,
459,Tino Livramento,,ENG,DEF,4.6,Premier League,Tino Livramento,980634,full_name,,,
461,Marc Guéhi,,ENG,DEF,5.1,Premier League,Marc Guéhi,877994,full_name,,,
462,Dan Burn,,ENG,DEF,4.5,Premier League,Dan Burn,99090,full_name,,,
463,Ezri Konsa,,ENG,DEF,4.8,Premier League,Ezri Konsa,827679,full_name,,,
466,John Stones,,ENG,DEF,4.6,Premier League,John Stones,152077,full_name,c2d8cf91-61b6-5d77-8a0a-d76e0e29405f,name+country,
467,Djed Spence,,ENG,DEF,4.5,Premier League,Djed Spence,945798,full_name,,,
468,Harry Kane,,ENG,FWD,10.5,Bundesliga,Harry Kane,fm:2282,full_name,9cf6c4fd-8cf5-5ba2-b963-ee29be578f7d,name+country,3
469,Bukayo Saka,,ENG,MID,9.5,Premier League,Bukayo Saka,934235,full_name,701114ff-0fc4-5bf7-9e46-16bac49f8f15,name+country,1
471,Marcus Rashford,,ENG,MID,7.5,La Liga,Marcus Rashford,laliga:marcus-rashford,full_name,7eeebf3a-e8be-5267-8609-8489ff0c7010,name+country,
474,Anthony Gordon,,ENG,MID,7,Premier League,Anthony Gordon,914902,full_name,,,
475,Morgan Rogers,,ENG,MID,7.2,Premier League,Morgan Rogers,948261,full_name,,,
476,Noni Madueke,,ENG,FWD,6.1,Premier League,Noni Madueke,966547,full_name,,,
477,Jordan Pickford,,ENG,GK,4.8,Premier League,Jordan Pickford,138530,full_name,d5187271-f0e5-5b01-b359-4e4fd90cde1d,name+country,
478,Dean Henderson,,ENG,GK,4.2,Premier League,Dean Henderson,788134,full_name,,,
479,James Trafford,,ENG,GK,4,Premier League,James Trafford,980643,full_name,,,
482,Jordan Henderson,,ENG,MID,5.1,Premier League,Jordan Henderson,42694,full_name,c37433ee-39cf-5988-b8e9-6254c8ec9298,name+country,
485,Kobbie Mainoo,,ENG,MID,6.1,Premier League,Kobbie Mainoo,1142175,full_name,,,
486,Elliot Anderson,,ENG,MID,6.5,,,,,,,
488,Declan Rice,,ENG,MID,7,Premier League,Declan Rice,856714,full_name,493b7d19-6849-5c94-84ca-41db9e9d379b,name+country,
491,Jude Bellingham,,ENG,MID,8.3,La Liga,Jude Bellingham,laliga:jude-bellingham,full_name,8da08281-6c9c-5332-b4a5-50748b63a978,name+country,2
492,Theo Hernández,,FRA,DEF,5,Saudi Pro League,Theo Hernandez,fm:2248,full_name,cdc01cfe-ba98-5564-8c2c-73430cecc07e,name+country,
493,Maxence Lacroix,,FRA,DEF,4.5,Premier League,Maxence Lacroix,879674,full_name,,,
494,Dayot Upamecano,,FRA,DEF,5.3,Bundesliga,Dayot Upamecano,fm:2274,full_name,64e1275e-7f04-588a-b7bc-0f3aef5f1f0b,name+country,
495,Ibrahima Konaté,,FRA,DEF,4.9,Premier League,Ibrahima Konaté,826215,full_name,c656d745-a52e-53bf-b391-578ff7b4752f,name+country,
496,Lucas Hernández,,FRA,DEF,5.2,Ligue 1,Lucas Hernández,352370,full_name,98d63889-be23-57f5-8cb5-664e4cbb6ac3,name+country,
498,Lucas Digne,,FRA,DEF,5,Premier League,Lucas Digne,96538,full_name,,,
499,Malo Gusto,,FRA,DEF,5.1,Premier League,Malo Gusto,996958,full_name,,,
500,Kylian Mbappé,,FRA,FWD,10.5,La Liga,Kylian Mbappé,laliga:kylian-mbappe,full_name,3ea58353-474b-5011-a28c-af53e448cfc5,name+country,1
501,Ousmane Dembélé,,FRA,MID,10,Ligue 1,Ousmane Dembélé,818244,full_name,f1f24e92-4b46-548b-b2c7-2162b78aae91,name+country,
502,Marcus Thuram,,FRA,FWD,7.5,Serie A,Marcus Thuram,fm:667,full_name,6a427753-5fe2-5877-a414-a8f75f826941,name+country,
505,Désiré Doué,,FRA,MID,7.5,Ligue 1,Désiré Doué,1154605,full_name,,,
506,Mike Maignan,,FRA,GK,5,,,,,,,
508,Brice Samba,,FRA,GK,4.5,Ligue 1,Brice Samba,164055,full_name,,,
509,N'Golo Kanté,,FRA,MID,5.1,,,,,54e5ff39-632b-541f-aaf8-15ca284dccd1,name+country,
510,Adrien Rabiot,,FRA,MID,6.4,Serie A,Adrien Rabiot,fm:6022,full_name,8a545e9e-09e1-5885-871b-7cf039d111ea,name+country,
511,Warren Zaïre-Emery,,FRA,MID,6.1,Ligue 1,Warren Zaïre-Emery,1142672,full_name,,,
512,Manu Koné,,FRA,MID,6.1,Serie A,Manu Kone,fm:3604,full_name,,,
514,Maghnes Akliouche,,FRA,MID,6.4,Ligue 1,Maghnes Akliouche,1130939,full_name,,,
515,Aurélien Tchouaméni,,FRA,MID,6.5,La Liga,Aurélien Tchouaméni,laliga:aurelien-tchouameni,full_name,021a9c35-ff36-556d-87ce-03f9187eb28b,name+country,
516,Rayan Cherki,,FRA,MID,8,Premier League,Rayan Cherki,979128,full_name,,,
517,Michael Olise,,FRA,MID,9.5,,,,,,,
518,Lennart Karl,,GER,MID,4.8,Bundesliga,Lennart Karl,fm:406896,full_name,,,
519,Angelo Stiller,,GER,MID,5.8,Bundesliga,Angelo Stiller,fm:1510,full_name,,,
520,Antonio Rüdiger,,GER,DEF,5.5,La Liga,Antonio Rüdiger,laliga:antonio-rudiger,full_name,a17d0fef-607f-5e38-9fb5-b19cbb45fecb,name+country,
521,David Raum,,GER,DEF,4.9,Bundesliga,David Raum,fm:1678,full_name,a581c28e-5dd9-50dc-853a-dbc6ebade514,name+country,
522,Malick Thiaw,,GER,DEF,4.7,Premier League,Malick Thiaw,1014286,full_name,,,
523,Jonathan Tah,,GER,DEF,5.3,Bundesliga,Jonathan Tah,fm:2226,full_name,,,
525,Nathaniel Brown,,GER,DEF,4.7,Bundesliga,Nathaniel Brown,fm:3175,full_name,,,
526,Nico Schlotterbeck,,GER,DEF,5.3,Bundesliga,Nico Schlotterbeck,fm:717,full_name,564c2b95-5197-503f-8d62-6c5d76fe1c9c,name+country,
527,Waldemar Anton,,GER,DEF,3.9,,,,,,,
528,Kai Havertz,,GER,FWD,7.8,Premier League,Kai Havertz,836705,full_name,77a92261-bf8e-5236-ad73-8dfefb673713,name+country,2
529,Leroy Sané,,GER,MID,7.4,Super Lig,Leroy Sane,fm:2292,full_name,22d0f434-c175-5d26-84fa-40329e05ca08,name+country,
531,Deniz Undav,,GER,FWD,6.6,Bundesliga,Deniz Undav,fm:1526,full_name,,,
532,Nick Woltemade,,GER,FWD,7.2,,,,,,,
533,Alexander Nübel,,GER,GK,4.7,,,,,,,
534,Oliver Baumann,,GER,GK,4.3,,,,,,,
538,Pascal Groß,,GER,MID,5.6,Premier League,Pascal Groß,48480,full_name,,,
540,Leon Goretzka,,GER,MID,6.1,Bundesliga,Leon Goretzka,fm:2275,full_name,110010c2-6328-5e02-8b76-ee8f99e1aeb6,name+country,
542,Joshua Kimmich,,GER,DEF,5.5,Bundesliga,Joshua Kimmich,fm:2285,full_name,f48f7183-5310-5f7f-9e73-4f2d4f8b9720,name+country,
543,Florian Wirtz,,GER,MID,7.5,Premier League,Florian Wirtz,1019322,full_name,,,2
565,Benjamin Asare,,GHA,GK,3.8,,,,,,,
569,Woodensky Pierre,Woodensky Pierre,HAI,MID,4.2,,,,,,,
570,Leverton Pierre,Leverton Pierre,HAI,MID,4.2,,,,,,,
571,Jean-Ricner Bellegarde,,HAI,MID,4.7,Premier League,Jean-Ricner Bellegarde,845273,full_name,,,
572,Carl Sainté,,HAI,MID,4.7,,,,,,,
573,Danley Jean Jacques,,HAI,MID,4.7,MLS,Danley Jean Jacques,fm:9832,full_name,,,
574,Jean-Kévin Duverne,,HAI,DEF,3.8,,,,,,,
575,Carlens Arcus,,HAI,DEF,3.8,Ligue 1,Carlens Arcus,794373,full_name,,,
576,Hannes Delcroix,,HAI,DEF,3.7,,,,,,,
577,Ricardo Adé,,HAI,DEF,3.5,,,,,,,
578,Martin Expérience,,HAI,DEF,3.5,,,,,,,
580,Wilguens Paugain,,HAI,DEF,3.5,,,,,,,
581,Duke Lacroix,,HAI,DEF,3.5,Premier League,Maxence Lacroix,879674,unique_last_name,,,
582,Wilson Isidor,,HAI,FWD,5,,,,,,,
583,Duckens Nazon,,HAI,FWD,6,,,,,,,
584,Frantzdy Pierrot,,HAI,FWD,4.7,Super Lig,Frantzdy Pierrot,fm:9496,full_name,,,
585,Derrick Etienne,,HAI,FWD,4.4,,,,,,,
586,Louicius Deedson,,HAI,FWD,4.2,MLS,Louicius Deedson,fm:346075,full_name,,,
588,Yassin Fortuné,,HAI,FWD,4.2,,,,,,,
589,Josué Casimir,,HAI,FWD,4.2,,,,,,,
590,Ruben Providence,,HAI,FWD,4,,,,,,,
591,Johny Placide,,HAI,GK,3.9,,,,,,,
592,Alexandre Pierre,Alexandre Pierre,HAI,GK,3.6,,,,,,,
593,Josué Duverger,,HAI,GK,3.5,,,,,,,
594,Amir Mohammad Razzaghinia,,IRN,MID,4.2,,,,,,,
595,Hadi Habibinejad,,IRN,MID,4.7,,,,,,,
596,Mohammad Ghorbani,,IRN,MID,5.1,,,,,,,
597,Ramin Rezaeian,,IRN,DEF,4,,,,,ca81f878-725f-5267-8329-7eb843f301e6,name+country,
598,Hossein Kanani,,IRN,DEF,3.9,,,,,,,
599,Milad Mohammadi,,IRN,DEF,3.8,,,,,cc472921-143c-574f-a4a7-0ebd2edc044d,name+country,
600,Shoja Khalilzadeh,,IRN,DEF,3.8,,,,,,,
601,Ehsan Hajisafi,,IRN,DEF,3.7,,,,,,,
603,Saleh Hardani,,IRN,DEF,3.7,,,,,,,
606,Ali Nemati,,IRN,DEF,3.5,,,,,,,
608,Aria Yousefi,,IRN,DEF,3.5,,,,,,,
609,Danial Eiri,,IRN,DEF,3.5,,,,,,,
610,Mehdi Taremi,,IRN,FWD,6.1,,,,,3ea2dcf5-d7ed-529f-bc0d-4d3ac36fe0c2,name+country,
611,Alireza Jahanbakhsh,,IRN,FWD,5.3,,,,,aba886a6-30f3-533c-b2e6-40ba09a111b3,name+country,
612,Saman Ghoddos,,IRN,FWD,4.9,,,,,ce1e1bca-7924-5eac-adf0-1f55abbd0966,name+country,
614,Ali Alipour,,IRN,FWD,4.6,,,,,,,
615,Dennis Dargahi,,IRN,FWD,4.6,,,,,,,
616,Amirhossein Hosseinzadeh,,IRN,FWD,4.5,,,,,,,
618,Amirhossein Mahmoudi,,IRN,FWD,4,,,,,,,
620,Alireza Beiranvand,,IRN,GK,4.2,,,,,68746b19-3735-5e37-b6c6-bb796645283a,name+country,
621,Payam Niazmand,,IRN,GK,3.9,,,,,90151478-d5f7-5a2b-a600-745ad8f2a8d8,name+country,
622,Hossein Hosseini,,IRN,GK,3.8,Super Lig,Majid Hosseini,fm:367372,unique_last_name,56a62fc7-98ce-5999-a739-9646ec38ac16,name+country,
623,Mohammad Khalifeh,,IRN,GK,3.5,,,,,,,
624,Omid Noorafkan,,IRN,MID,5.3,,,,,,,
625,Mehdi Torabi,,IRN,MID,5.6,,,,,5292248e-b149-5a7d-9955-6b43686c171d,name+country,
626,Saeid Ezatolahi,,IRN,MID,5.6,,,,,4a765e1d-fe52-588d-8ef5-0b69c869364a,name+country,
627,Mohammad Mohebi,,IRN,MID,5.9,,,,,,,
629,Mehdi Ghayedi,,IRN,MID,5.9,,,,,,,
630,Zaid Ismael Khaleel Al Dulaimi,Zaid Ismael,IRQ,MID,4.4,,,,,,,
631,Marko Hussein Farji,Marko Farji,IRQ,MID,4.4,,,,,,,
632,Hasan Abdulkareem Jabbar Sayyid,Hasan Abdulkareem,IRQ,MID,4.7,,,,,,,
633,Peter Gwargis,,IRQ,MID,5.1,,,,,,,
634,Kevin Yakob,,IRQ,MID,5.1,,,,,,,
635,Amir Fouad Abboud Al Ammari,Amir Al Ammari,IRQ,MID,5.3,,,,,,,
636,Aimar Hazar Anwar Sher,Aimar Sher,IRQ,MID,5.3,,,,,,,
637,Merchas Ghazi Salih Doski,Merchas Doski,IRQ,DEF,3.8,,,,,,,
638,Frans Dhia Jirjis Haddad,Frans Putros,IRQ,DEF,3.7,,,,,,,
639,Rebin Ghareeb Sulaka Adhamat,Rebin Sulaka,IRQ,DEF,3.7,,,,,,,
640,Maytham Jabbar Mutlag Al Farttoosi,Maytham Jabbar,IRQ,DEF,3.6,,,,,,,
641,Hussein Haydar Ali,Hussein Ali,IRQ,DEF,3.6,,,,,,,
642,Zaid Tahseen Abd Zaid Hantoosh,Zaid Tahseen,IRQ,DEF,3.6,,,,,,,
643,Munaf Younus Hashim Al Tekreeti,Munaf Younus,IRQ,DEF,3.5,,,,,,,
644,Akam Hashim Rahman,Akam Hashim,IRQ,DEF,3.5,,,,,,,
645,Ahmed Hasan Maknzi Al Deeshawee,Ahmed Maknzi,IRQ,DEF,3.5,,,,,,,
646,Aymen Hussein Ghadhban Al Mafraje,Aymen Hussein,IRQ,FWD,5.3,,,,,,,
647,Mohanad Ali Kadhim Al Shammari,Mohanad Ali,IRQ,FWD,4.9,,,,,,,
648,Ali Jasim Elaibi Al Tameemi,Ali Jasim,IRQ,FWD,4.9,Saudi Pro League,Ali Jasim,fm:5013,known_name,,,
649,Ali Ibrahim Karim Ali Al Hamadi,Ali Al Hamadi,IRQ,FWD,4.7,,,,,,,
650,Youssef Wali Faeq Amyn,Youssef Amyn,IRQ,FWD,4.4,,,,,,,
651,Ali Yousif Hashim Najatee,Ali Yousif,IRQ,FWD,4.2,,,,,,,
652,Karar Nabeel Hussein Al Janat,Karar Nabeel,IRQ,MID,4,,,,,,,
653,Ahmed Basil Fadhil Al Fadhli,Ahmed Basil,IRQ,GK,3.8,,,,,,,
654,Fahad Talib Raheem,Fahad Talib,IRQ,GK,3.7,,,,,,,
655,Kumel Saadi Latif Al Rekabe,Kumel Saadi,IRQ,GK,3.5,,,,,,,
656,Zidane Aamar Iqbal,Zidane Iqbal,IRQ,MID,5.6,,,,,,,
657,Ibrahim Bayesh Kamil Al Kaabawi,Ibrahim Bayesh,IRQ,MID,5.6,Saudi Pro League,Ibrahim Bayesh,fm:384377,known_name,,,
659,Kaishu Sano,,JPN,MID,4.9,Bundesliga,Kaishu Sano,fm:5292,full_name,,,
662,Yukinari Sugawara,,JPN,DEF,4.4,,,,,,,
663,Tsuyoshi Watanabe,,JPN,DEF,4.3,Eredivisie,Tsuyoshi Watanabe,fm:332320,full_name,,,
665,Hiroki Ito,,JPN,DEF,3.9,Bundesliga,Hiroki Ito,fm:2286,full_name,c7691a16-301f-5bb9-8f04-9e05214663b3,name+country,
666,Shogo Taniguchi,,JPN,DEF,3.9,,,,,047deae5-778b-5240-9a1e-44f7ff66d4db,name+country,
667,Ayumu Seko,,JPN,DEF,3.8,Championship,Tatsuki Seko,fm:4575,unique_last_name,,,
668,Junnosuke Suzuki,,JPN,DEF,3.5,Bundesliga,Yuito Suzuki,fm:37006,unique_last_name,,,
669,Junya Ito,,JPN,MID,5,Bundesliga,Hiroki Ito,fm:2286,unique_last_name,f3cbbaaf-045e-53cc-bbc8-3d58f5d02c87,name+country,
670,Daizen Maeda,,JPN,MID,5,,,,,0475e09b-59f7-53d7-a477-2438145a897f,name+country,
671,Keito Nakamura,,JPN,MID,5.5,Ligue 1,Keito Nakamura,905352,full_name,,,
672,Ayase Ueda,,JPN,FWD,7,Eredivisie,Ayase Ueda,fm:1784,full_name,9e5040be-195a-5b40-97f2-99ccfe0303d1,name+country,
673,Koki Ogawa,,JPN,FWD,4.9,Eredivisie,Koki Ogawa,fm:4833,full_name,,,
675,Keisuke Goto,,JPN,FWD,4.2,,,,,,,
676,Kento Shiogai,,JPN,FWD,4,,,,,,,
677,Zion Suzuki,,JPN,GK,4.3,Bundesliga,Yuito Suzuki,fm:37006,unique_last_name,,,
678,Keisuke Osako,,JPN,GK,4,,,,,,,
679,Tomoki Hayakawa,,JPN,GK,3.8,,,,,,,
680,Yuito Suzuki,,JPN,MID,5,Bundesliga,Yuito Suzuki,fm:37006,full_name,,,
681,Ao Tanaka,,JPN,MID,5,Premier League,Ao Tanaka,871886,full_name,bfb23a2f-1c1c-5450-a469-db40d3f72b64,name+country,
682,Daichi Kamada,,JPN,MID,5.8,Premier League,Daichi Kamada,794338,full_name,aab97a8c-d1c2-527b-b2f9-feb4af60d6a4,name+country,
684,Ritsu Doan,,JPN,DEF,5.1,Bundesliga,Ritsu Doan,fm:5175,full_name,3d62779d-f9a7-5ec2-8213-b1847930eb1b,name+country,
685,Yousef Hussein Abed Qashi,Yousef Qashi,JOR,MID,4.2,,,,,,,
686,Ibrahim Mohammad Sami Sadeh,Ibrahim Sadeh,JOR,MID,4.4,,,,,,,
687,Mohammad Ratib Mohammad Al Daoud,Mohammad Al Daoud,JOR,MID,4.7,,,,,,,
688,Noor Al Deen Mahmoud Ali Al Rawabdeh,Noor Al Rawabdeh,JOR,MID,4.7,,,,,,,
689,Nizar Mahmoud Ahmed Al Rashdan,Nizar Al Rashdan,JOR,MID,4.9,,,,,,,
690,Yazan Mousa Mahmoud Abu Al Arab,Yazan Al Arab,JOR,DEF,3.7,,,,,,,
691,Abdallah Mousa Musallam Nasib,Abdallah Nasib,JOR,DEF,3.6,,,,,,,
692,Mohannad Mahmoud Saleh Abu Taha,Mohannad Abu Taha,JOR,DEF,3.5,,,,,,,
693,Mohammad Ali Hasan Abu Hasheesh,Mohammad Abu Hasheesh,JOR,DEF,3.5,,,,,,,
695,Husam Ali Mohammad Abu Al Dahab,Husam Abu Al Dahab,JOR,DEF,3.5,,,,,,,
696,Mohammad Ahmed Mohammad Taha,Mohammad Abu Ghoush,JOR,DEF,3.5,,,,,,,
697,Ahmad Fawzi Abdalateef Assaf,Ahmad Assaf,JOR,DEF,3.5,,,,,,,
698,Saleem Amer Saleem Obaid,Saleem Obaid,JOR,DEF,3.5,,,,,,,
699,Mohammad Majed Jamil Abu Al Nadi,Mohammad Abu Al Nadi,JOR,DEF,3.5,,,,,,,
700,Amer Rasem Adel Jamous,Amer Jamous,JOR,DEF,3.5,,,,,,,
701,Mousa Mohammad Mousa Sulaiman Al Tamari,Mousa Al Tamari,JOR,FWD,5.6,Ligue 1,Mousa Tamari,876600,unique_last_name,,,
702,Mohammad Faisal Yousef Abu Zraiq,Mohammad Abu Zraiq,JOR,FWD,4.2,,,,,,,
703,Mahmoud Nayef Ahmad Al Mardi,Mahmoud Al Mardi,JOR,FWD,4.2,,,,,,,
705,Ibrahim Mohammad Abdallah Sabra,Ibrahim Sabra,JOR,FWD,4,Super Lig,Ibrahim Sabra,fm:331149,known_name,,,
707,Ali Ahmad Ali Al Azaizeh,Ali Azaizeh,JOR,FWD,4,Saudi Pro League,Ali Azaizeh,fm:331353,known_name,,,
708,Odeh Burhan Shehadeh Fakhoury,Odeh Fakhoury,JOR,FWD,4,,,,,,,
709,Yazeed Mo'ien Hasan Abulaila,Yazeed  Abulaila,JOR,GK,3.9,,,,,,,
710,Abdallah Ra'ed Mahmoud Al Fakhouri,Abdallah Al Fakhouri,JOR,GK,3.6,,,,,,,
713,Jin-Seob Park,Park Jin-Seob,KOR,MID,4.9,,,,,,,
714,Jin-Gyu Kim,Kim Jin-Gyu,KOR,MID,4.9,,,,,,,
715,Min-Jae Kim,Kim Min-Jae,KOR,DEF,5,Bundesliga,Min Jae Kim,fm:2290,full_name,0dd8d9c0-0e75-5354-a6be-3098f942c07b,name+country,
716,Young-Woo Seol,Seol Young-Woo,KOR,DEF,4.2,,,,,,,
717,Yu-Min Cho,Cho Yu-Min,KOR,DEF,3.9,,,,,02618c94-8cc8-571f-b6fc-b27c05cd66f6,name+country,
718,Moon-Hwan Kim,Kim Moon-Hwan,KOR,DEF,3.9,,,,,7ec8450b-93f3-5d2e-b3cc-c47dbb1a88fe,name+country,
719,Han-Beom Lee,Lee Han-Beom,KOR,DEF,3.7,,,,,,,
720,Tae-Seok Lee,Lee Tae-Seok,KOR,DEF,3.7,,,,,,,
722,Tae-Hyeon Kim,Kim Tae-Hyeon,KOR,DEF,3.6,,,,,,,
723,Heung-Min Son,Son Heung-Min,KOR,FWD,7.4,MLS,Heung Min Son,fm:3468,full_name,3d61def2-7100-5cdd-be17-794cbadc2dd4,name+country,
724,Hee-Chan Hwang,Hwang Hee-Chan,KOR,FWD,6.1,Premier League,Hwang Hee-chan,786186,known_name,aa57f32b-5cbd-5d31-be07-37e6a8907743,name+country,
725,Gue-Sung Cho,Cho Gue-Sung,KOR,FWD,5.3,Ligue 1,Mohamed-Ali Cho,1063235,unique_last_name,6836f97e-1d6a-5f68-8263-deba3fff466b,name+country,
726,Hyeon-Gyu Oh,Oh Hyeon-Gyu,KOR,FWD,4.9,Super Lig,Hyeon Gyu Oh,fm:16510,full_name,,,
727,Hyun-Jun Yang,Yang Hyun-Jun,KOR,FWD,4.7,Championship,Minhyeok Yang,fm:4187,unique_last_name,,,
728,Ji-Sung Eom,Eom Ji-Sung,KOR,FWD,4.6,Championship,Ji Sung Eom,fm:4489,full_name,,,
729,Hyeon-Woo Jo,Jo Hyeon-Woo,KOR,GK,4.6,Super Lig,Jin Ho Jo,fm:421364,unique_last_name,002696e0-cafd-55c5-b670-6db8f855ca08,name+country,
730,Seung-Gyu Kim,Kim Seung-Gyu,KOR,GK,4.1,,,,,6d6d7860-34d3-55d2-8a02-984346dbb8fd,name+country,
731,Bum-Keun Song,Song Bum-Keun,KOR,GK,3.9,,,,,bbdda883-ec08-547a-a5e0-aca0474c40d5,name+country,
732,Seung-Ho Paik,Paik Seung-Ho,KOR,MID,5.6,Championship,Seung Ho Paik,fm:28306,full_name,9ab0cc65-d042-5444-baef-f1f4eac8d23a,name+country,
733,Jens Castrop,,KOR,MID,5.6,,,,,,,
735,Jun-Ho Bae,Bae Jun-Ho,KOR,MID,5.9,Championship,Jun Ho Bae,fm:4586,full_name,,,
736,Kang-In Lee,Lee Kang-In,KOR,MID,6.1,Ligue 1,Kang-in Lee,917087,full_name,eef7d8ac-0b1d-54de-b582-afaed1b4ee49,name+country,
737,Jae-Sung Lee,Lee Jae-Sung,KOR,MID,6.2,Bundesliga,Jae Sung Lee,fm:5281,full_name,07acd02d-3b40-51cb-8625-6f5c6466f4a0,name+country,
738,Obed Vargas,,MEX,MID,4.7,La Liga,Obed Vargas,laliga:obed-vargas,full_name,,,
740,Johan Vásquez,,MEX,DEF,4.7,Serie A,Johan Vasquez,fm:6430,full_name,207626cd-21c0-5849-b58e-d1205f03534f,name+country,
741,César Montes,,MEX,DEF,4.7,,,,,fe6c9064-2871-58d5-8077-31e76aa8f165,name+country,
742,Jesús Gallardo,,MEX,DEF,4.7,,,,,629870dd-b5be-546c-bf40-417692b8e52c,name+country,
743,Jorge Sánchez,,MEX,DEF,4,,,,,b71ec60e-46e3-59f9-97dd-4f97841c9ca2,name+country,
744,Israel Reyes,Israel Reyes,MEX,DEF,4,,,,,,,
745,Jesús Angulo,,MEX,DEF,3.9,,,,,,,
746,Richard Ledezma,,MEX,DEF,3.9,,,,,,,
747,Everardo López,,MEX,DEF,3.5,,,,,,,
748,Raúl Jiménez,,MEX,FWD,7,,,,,6d88a3a8-4341-5b77-97a3-af7e9a3f7402,name+country,
749,Germán Berterame,,MEX,FWD,5.6,,,,,,,
750,Julián Quiñones,,MEX,FWD,5.6,,,,,,,
751,Alexis Vega,,MEX,FWD,5.3,,,,,57e29451-e6bc-5704-b8f4-e8545846a6ff,name+country,
752,Roberto Alvarado,,MEX,FWD,5.3,,,,,2029a5c8-dd6e-536e-a887-759f249be24c,name+country,
753,Guillermo Martínez,,MEX,FWD,4.7,,,,,,,
754,Armando González,Armando González,MEX,FWD,4.4,,,,,,,
755,Guillermo Ochoa,,MEX,GK,4.2,,,,,7c3ff173-d518-5633-b334-1cebde5a26a8,name+country,
756,Carlos Acevedo,,MEX,GK,4,,,,,,,
757,Raúl Rangel,,MEX,GK,3.9,,,,,,,
758,Brian Gutiérrez,Brian Gutiérrez,MEX,MID,5,,,,,,,
759,Érik Lira,,MEX,MID,5.6,,,,,,,
760,Carlos Rodríguez,,MEX,MID,5.9,,,,,0d6b8e1b-fd9c-56d2-b288-ab71e94eae2a,name+country,
761,Érick Sánchez,,MEX,MID,4.5,,,,,,,
762,Orbelín Pineda,,MEX,MID,6.2,,,,,d17ce66c-55a8-5159-8df6-278405124f9b,name+country,
763,Álvaro Fidalgo,,MEX,MID,6.4,La Liga,Álvaro Fidalgo,laliga:alvaro-fidalgo,full_name,,,
765,Samir El Mourabet,,MAR,MID,4.7,Ligue 1,Samir El Mourabet,1605921,full_name,,,
766,Oussama Targhalline,,MAR,MID,5.3,Eredivisie,Oussama Targhalline,fm:6041,full_name,,,
770,Souffian El Karouani,,MAR,DEF,4,,,,,,,
773,Anass Salah-Eddine,,MAR,DEF,3.9,,,,,,,
774,Ismaël Baouf,,MAR,DEF,3.5,,,,,,,
775,Abdelhamid Aït Boudlal,,MAR,DEF,3.5,Ligue 1,Abdelhamid Ait Boudlal,1597145,full_name,,,
777,Ayoub El Kaabi,,MAR,FWD,5.9,,,,,21b89a3e-3460-54ce-bdc5-f07bf1a36e90,name+country,
782,Gessime Yassine,,MAR,FWD,4,Ligue 1,Gessime Yassine,1638338,full_name,,,
783,Rayane Bounida,,MAR,FWD,4,,,,,,,
784,Yassir Zabiri,,MAR,FWD,4,,,,,,,
787,El Mehdi Al Harrar,,MAR,GK,3.5,,,,,,,
792,Ismael Saibari,,MAR,MID,6.8,,,,,,,
793,Kees Smit,,NED,MID,4.7,Eredivisie,Kees Smit,fm:3569,full_name,,,
794,Luciano Valente,,NED,MID,4.9,Eredivisie,Luciano Valente,fm:4904,full_name,,,
795,Denzel Dumfries,,NED,DEF,5.7,Serie A,Denzel Dumfries,fm:649,full_name,a128454d-7a3a-5503-935f-6af30f778bc7,name+country,
796,Virgil van Dijk,,NED,DEF,5.5,Premier League,Virgil van Dijk,151545,full_name,1977182a-c742-53d5-854c-587ae226584c,name+country,
797,Micky van de Ven,,NED,DEF,5.1,Premier League,Micky van de Ven,998247,full_name,,,
798,Nathan Aké,,NED,DEF,5,Premier League,Nathan Aké,149663,full_name,18317fc0-a252-5d7c-b2d9-34c3f0ccfc7d,name+country,
799,Jeremie Frimpong,,NED,DEF,5,Premier League,Jeremie Frimpong,970361,full_name,662888a7-eec4-53ac-a54c-c852cfa2969f,name+country,
800,Lutsharel Geertruida,,NED,DEF,4.8,,,,,,,
801,Stefan de Vrij,,NED,DEF,4.5,Serie A,Stefan De Vrij,fm:647,full_name,3272e447-bd0f-5a94-b0b9-2414b9d0d614,name+country,
802,Jan Paul van Hecke,,NED,DEF,4.3,Premier League,Jan Paul van Hecke,962012,full_name,,,
803,Jorrel Hato,,NED,DEF,4.3,Premier League,Jorrel Hato,1153079,full_name,,,
804,Cody Gakpo,,NED,FWD,7.7,Premier League,Cody Gakpo,862967,full_name,a3274bb0-0d01-54cb-9c08-1eaca2e7127d,name+country,3
805,Donyell Malen,,NED,FWD,6.1,Serie A,Donyell Malen,fm:1534,full_name,,,2
806,Noa Lang,,NED,FWD,5.9,,,,,a75f4ff2-a911-5493-b6d2-02aa1e123bdb,name+country,
807,Brian Brobbey,,NED,FWD,5.7,,,,,,,
808,Wout Weghorst,,NED,FWD,5.5,Eredivisie,Wout Weghorst,fm:3024,full_name,252ab1fc-b508-50f1-95e3-c2210ad8efe1,name+country,1
809,Bart Verbruggen,,NED,GK,4.7,Premier League,Bart Verbruggen,994363,full_name,,,
810,Mark Flekken,,NED,GK,4.7,,,,,,,
811,Justin Bijlow,,NED,GK,4.3,,,,,a20becad-380c-5eca-89d5-bfc9b6ef985d,name+country,
812,Ryan Gravenberch,,NED,MID,6.1,Premier League,Ryan Gravenberch,904897,full_name,,,
813,Jerdy Schouten,,NED,MID,6.1,Eredivisie,Jerdy Schouten,fm:2089,full_name,,,
814,Teun Koopmeiners,,NED,MID,6.2,Serie A,Teun Koopmeiners,fm:1956,full_name,0712bad3-9b59-5769-8a43-36c4c8da6a70,name+country,
815,Xavi Simons,,NED,MID,6.5,,,,,d18ddfa3-d38a-5304-9446-e78ffa3f7837,name+country,1
816,Tijjani Reijnders,,NED,MID,6.5,Premier League,Tijjani Reijnders,893549,full_name,,,
817,Quinten Timber,,NED,MID,6.8,,,,,,,
818,Callum McCowatt,,NZL,MID,4.7,,,,,,,
820,Alex Rufer,,NZL,MID,4.9,,,,,,,
821,Joe Bell,,NZL,MID,5.1,,,,,,,
822,Ryan Thomas,,NZL,MID,5.3,Eredivisie,Ryan Thomas,fm:4795,full_name,,,
823,Marko Stamenic,,NZL,MID,5.6,Championship,Marko Stamenic,fm:3471,full_name,,,
825,Tyler Bindon,,NZL,DEF,3.6,,,,,,,
826,Francis de Vries,,NZL,DEF,3.6,,,,,,,
827,Tim Payne,,NZL,DEF,3.6,,,,,,,
829,Callan Elliot,,NZL,DEF,3.5,,,,,,,
830,Finn Surman,,NZL,DEF,3.5,MLS,Finn Surman,fm:379785,full_name,,,
831,Kosta Barbarouses,,NZL,FWD,4.4,,,,,,,
832,Elijah Just,,NZL,MID,4.2,,,,,,,
833,Ben Waine,,NZL,FWD,4.2,,,,,,,
834,Ben Old,,NZL,FWD,4.2,,,,,,,
835,Jesse Randall,,NZL,FWD,4,,,,,,,
836,Lachlan Bayliss,,NZL,MID,4,,,,,,,
838,Max Crocombe,,NZL,GK,3.9,,,,,,,
839,Alex Paulsen,,NZL,GK,3.8,,,,,,,
840,Michael Woud,,NZL,GK,3.7,,,,,,,
841,Sander Berge,,NOR,MID,4.7,,,,,,,
843,Oscar Bobb,,NOR,MID,5.1,,,,,,,
844,Morten Thorsby,,NOR,MID,5.6,Serie A,Morten Thorsby,fm:6425,full_name,,,
845,Patrick Berg,,NOR,MID,5.6,,,,,,,
846,Kristoffer Ajer,,NOR,DEF,4.3,Premier League,Kristoffer Ajer,576384,full_name,,,
847,Julian Ryerson,,NOR,DEF,4.2,Bundesliga,Julian Ryerson,fm:703,full_name,,,
848,Marcus Pedersen,,NOR,DEF,4.1,Serie A,Marcus Pedersen,fm:6608,full_name,,,
849,Leo Østigård,,NOR,DEF,4.1,,,,,,,
850,David Møller Wolfe,,NOR,DEF,4,Premier League,David Möller Wolfe,1031283,unique_last_name,,,
851,Fredrik Bjørkan,,NOR,DEF,4,,,,,,,
852,Torbjørn Heggem,,NOR,DEF,3.7,,,,,,,
854,Henrik Falchener,,NOR,DEF,3.5,,,,,,,
855,Erling Haaland,,NOR,FWD,10.5,Premier League,Erling Haaland,839956,full_name,,,
856,Alexander Sørloth,,NOR,FWD,6.8,La Liga,Alexander Sørloth,laliga:alexander-srloth,full_name,,,
857,Andreas Schjelderup,,NOR,FWD,6.2,Liga Portugal,Andreas Schjelderup,fm:724,full_name,,,
858,Jørgen Strand Larsen,,NOR,FWD,5.6,Premier League,Jørgen Strand Larsen,876599,full_name,,,
859,Ørjan Nyland,,NOR,GK,4.2,La Liga,Ørjan Nyland,laliga:rjan-nyland,full_name,,,
860,Egil Selvik,,NOR,GK,3.8,Premier League,Egil Selvik,798176,full_name,,,
862,Jens Petter Hauge,,NOR,MID,5.9,,,,,,,
863,Antonio Nusa,,NOR,MID,6.1,Bundesliga,Antonio Nusa,fm:1665,full_name,,,
864,Kristian Thorstvedt,,NOR,MID,6.2,Serie A,Kristian Thorstvedt,fm:13258,full_name,,,
865,Carlos Harvey,,PAN,MID,4.9,MLS,Carlos Harvey,fm:379754,full_name,,,
866,Cristian Martínez,,PAN,MID,5.3,,,,,,,
867,Yoel Bárcenas,,PAN,MID,5.6,,,,,,,
868,José Luis Rodríguez,,PAN,MID,5.6,,,,,51a67869-11e1-5247-a2d2-eea2297235ae,name+country,
869,Aníbal Godoy,,PAN,MID,5.6,MLS,Anibal Godoy,fm:379340,full_name,b730780c-6398-5988-bda4-24b864225717,name+country,
870,Amir Murillo,,PAN,DEF,5,Super Lig,Amir Murillo,fm:6030,full_name,,,
871,José Córdoba,,PAN,DEF,4,,,,,,,
872,Éric Davis,,PAN,DEF,3.9,Premier League,Sonnie Davis,1168511,unique_last_name,,,
873,César Blackman,,PAN,DEF,3.7,,,,,,,
874,Andrés Andrade,,PAN,DEF,3.7,,,,,,,
875,Roderick Miller,,PAN,DEF,3.5,,,,,,,
876,Jiovany Ramos,,PAN,DEF,3.5,,,,,,,
877,Martín Krug,,PAN,DEF,3.5,,,,,,,
878,Jorge Gutiérrez,,PAN,DEF,3.5,,,,,,,
879,Ismael Díaz,,PAN,FWD,4.9,,,,,8e208a4e-8d88-56dc-8941-19064942e6dd,name+country,
880,José Fajardo,,PAN,FWD,4.7,,,,,,,
881,Cecilio Waterman,,PAN,FWD,5,,,,,,,
882,César Yanis,,PAN,FWD,4.4,,,,,,,
883,Kadir Barría,,PAN,FWD,4,,,,,,,
884,Luis Mejía,,PAN,GK,4,,,,,,,
885,Orlando Mosquera,,PAN,GK,3.9,,,,,,,
886,César Samudio,,PAN,GK,3.6,,,,,,,
887,Adalberto Carrasquilla,,PAN,MID,6.5,,,,,,,
888,Maurício Magalhães Prado,,PAR,MID,4.6,,,,,,,
889,Alejandro Romero,,PAR,MID,4.7,,,,,,,
890,Matías Galarza,,PAR,MID,4.8,,,,,,,
891,Lucas Romero,,PAR,MID,5.6,,,,,,,
892,Braian Ojeda,Braian Ojeda,PAR,MID,5.6,MLS,Braian Ojeda,fm:254505,full_name,,,
893,Gustavo Gómez,,PAR,DEF,4.6,,,,,,,
894,Júnior Alonso,,PAR,DEF,4.1,,,,,,,
895,Omar Alderete,,PAR,DEF,4.1,,,,,,,
896,Fabián Balbuena,,PAR,DEF,4,,,,,,,
897,Alan Benítez,,PAR,DEF,3.8,,,,,,,
898,Gustavo Velázquez,,PAR,DEF,3.8,,,,,,,
899,Juan José Cáceres,,PAR,DEF,3.8,,,,,,,
900,José Canale,,PAR,DEF,3.6,,,,,,,
901,Miguel Almirón,,PAR,MID,6,MLS,Miguel Almiron,fm:18992,full_name,,,
902,Antonio Sanabria,,PAR,FWD,6.5,Serie A,Antonio Sanabria,fm:6630,full_name,,,
903,Ramón Sosa,,PAR,FWD,5.3,,,,,,,
904,Álex Arce,,PAR,FWD,4.9,,,,,,,
905,Gabriel Ávalos,,PAR,FWD,4.9,,,,,,,
906,Gustavo Caballero,,PAR,FWD,4.2,Championship,Gustavo Caballero,fm:398001,full_name,,,
907,Alexandro Maidana,,PAR,FWD,4,,,,,,,
908,Roberto Fernández,,PAR,GK,4,,,,,,,
909,Gastón Olveira,,PAR,GK,3.8,,,,,,,
910,Orlando Gill,,PAR,GK,3.5,,,,,,,
911,Damián Bobadilla,,PAR,MID,5.5,,,,,,,
912,Julio Enciso,,PAR,MID,6.6,Ligue 1,Julio Enciso,973556,full_name,,,
913,Diego Gómez,,PAR,MID,6.8,Premier League,Diego Gómez,1065588,full_name,,,
915,Samuel de Almeida Costa,Samú Costa,POR,MID,5.6,La Liga,Samu Costa,laliga:samu-costa,known_name,,,
916,Nuno Alexandre Tavares Mendes,Nuno Mendes,POR,DEF,5.8,Ligue 1,Nuno Mendes,989768,known_name,41603732-abaf-514d-a225-2b5c3fb68f9c,name+country,
917,João Pedro Cavaco Cancelo,João Cancelo,POR,DEF,5.3,,,,,184104de-2aef-53d4-8fc0-dd39e6d2908e,name+country,
918,José Diogo Dalot Teixeira,Diogo Dalot,POR,DEF,5,Premier League,Diogo Dalot,843200,known_name,2a83b0d5-3d37-5f96-94fe-3baeee7aac8c,name+country,
919,Gonçalo Bernardo Inácio,Gonçalo Inácio,POR,DEF,4.6,Liga Portugal,Goncalo Inacio,fm:2112,known_name,,,
921,Renato Palma Veiga,Renato Veiga,POR,DEF,4.3,La Liga,Renato Veiga,laliga:renato-veiga,known_name,,,
922,Tomás Lemos Araújo,Tomás Araújo,POR,DEF,4.1,Liga Portugal,Tomas Araujo,fm:731,known_name,,,
923,Gonçalo Matias Ramos,Gonçalo Ramos,POR,FWD,7.5,Ligue 1,Gonçalo Ramos,934510,known_name,6f21dc82-a68c-550d-8243-ec6c8f3ddad6,name+country,
924,João Félix Sequeira,João Félix,POR,FWD,6.5,Saudi Pro League,Joao Felix,fm:3729,known_name,650b5c5a-ecb1-5dce-a283-9e34874b8721,name+country,
925,Pedro Lomba Neto,Pedro Neto,POR,MID,6.4,Premier League,Pedro Neto,879349,known_name,,,
926,Francisco António Machado Mota de Castro Trincão,Trincão,POR,FWD,5.9,Liga Portugal,Francisco Trincao,fm:2128,unique_last_name,,,
927,Gonçalo Manuel Ganchinho Guedes,Gonçalo Guedes,POR,FWD,5.8,La Liga,Gonçalo Guedes,laliga:goncalo-guedes,known_name,38925d1d-4a73-5204-810c-1a2ff93dad61,name+country,
928,Francisco Fernandes da Conceição,Francisco Conceição,POR,MID,5.7,Serie A,Francisco Conceicao,fm:1945,known_name,,,1
931,Rui Tiago Dantas da Silva,Rui Silva,POR,GK,4.7,,,,,,,1
932,José Pedro Malheiro de Sá,José Sá,POR,GK,4.7,Premier League,José Sá,252669,known_name,13613e16-db84-5797-8753-463fcb9b2949,name+country,
933,Mário Ricardo da Silva Velho,Ricardo Velho,POR,GK,4,,,,,,,
934,Rúben Diogo da Silva Neves,Rúben Neves,POR,MID,5.9,Saudi Pro League,Ruben Neves,fm:253737,known_name,ec99e9bd-46f8-53c9-83d6-e729bc5d95c0,name+country,
935,Matheus Luiz Nunes,Matheus Nunes,POR,MID,6.1,Premier League,Matheus Nunes,945122,known_name,ecf395f1-1af3-5b4f-8040-200ad8c0adc9,name+country,
936,Vítor Machado Ferreira,Vitinha,POR,MID,6.4,,,,,0a47319e-e366-54f7-8e44-518f8a4efaf6,name+country,
937,João Pedro Gonçalves Neves,João Neves,POR,MID,6.5,Ligue 1,João Neves,1190933,known_name,,,
939,Bruno Miguel Borges Fernandes,Bruno Fernandes,POR,MID,8.5,Premier League,Bruno Fernandes,288205,known_name,6b21b369-4e42-517a-bd23-ed2fdeee85e9,name+country,1
942,Mohammad Naceur Al Mannai,Mohammad Al Mannai,QAT,MID,4.2,Ligue 1,Faissal Mannai,1174493,unique_last_name,,,
943,Ayoub Mohamed Al Oui,Ayoub Al Oui,QAT,MID,4.4,,,,,,,
944,Ahmed Fathy Mansi Abdoulla,Ahmed Fathy,QAT,MID,4.7,,,,,0f08eded-d542-52f6-9ad6-8bcf3bcdd5c0,name_unique,
946,Karim Boudiaf,Karim Boudiaf,QAT,MID,4.9,,,,,9ff985c8-777a-59ff-a018-d228399901e3,name+country,
947,Assim Omer Al Haj Madibo,Assim Madibo,QAT,MID,5.1,,,,,47a4cddb-1583-5b2d-acf9-865df1473af8,name+country,
948,Mohammed Waad Abdulwahhab Jadoua Al Bayati,Mohammed Waad,QAT,MID,5.3,,,,,c65bc4a1-c921-5eb0-93c1-980821b0d1da,name+country,
949,Pedro Miguel Carvalho Deus Correia,Pedro Miguel,QAT,DEF,3.9,,,,,,,
950,Bassam Husham Ali Al Rawi,Bassam Al Rawi,QAT,DEF,3.8,,,,,26d8cc14-cfe4-5918-8aed-ddbc8ea96ac2,name+country,
951,Lucas Michel Mendes,Lucas Mendes,QAT,DEF,3.8,Ligue 1,Nuno Mendes,989768,unique_last_name,,,
952,Boualem Khoukhi,Boualem Khoukhi,QAT,DEF,3.8,,,,,a97f0fd3-bf15-5be2-b0af-3e1fcd68e459,name+country,
954,Niall Aadya Mason,Niall Mason,QAT,DEF,3.5,,,,,,,
955,Al Hashmi Al Hussain Mohi Aldin,Hashmi Al Hussain,QAT,DEF,3.5,,,,,,,
957,Gueye Seydinaissa Laye,Issa Laye,QAT,DEF,3.5,,,,,,,
958,Akram Hassan Afif Yahya Afif,Akram Afif,QAT,FWD,5.9,,,,,3c5ff5b3-5da7-57de-8582-3a1144df2603,name+country,
959,Almoez Ali Zainalabedeen Mohamed Abdulla,Almoez Ali,QAT,FWD,5.3,,,,,bb6f067d-b5ba-5a84-ac82-3be5a2457628,name+country,
960,Edmílson Junior Paulo da Silva,Edmílson Junior,QAT,FWD,4.9,,,,,,,
961,Hassan Khalid Hassan Al Haydos,Hassan Al Haydos,QAT,FWD,4.6,,,,,afc71b03-a4b9-56f0-8b46-cf0e8c8aa256,name+country,
962,Yusuf Abdurisag Yusuf,Yusuf Abdurisag,QAT,FWD,4.4,,,,,,,
963,Ahmed Mohammed Hussein Kassim Al Ganehi,Ahmed Al Ganehi,QAT,FWD,4.2,,,,,,,
966,Mubarak Shanan Khader Hamza,Mubarak Shanan,QAT,FWD,4,,,,,,,
968,Meshaal Aissa Mohammed Barsham,Meshaal Barsham,QAT,GK,4.1,,,,,9998d6d7-48ec-5fb5-894c-fce6f4c521c8,name+country,
969,Salah Zakaria Mohamed Mousa Hassan,Salah Zakaria,QAT,GK,3.7,,,,,,,
970,Shehab Mamdouh Abdelfadel Ellethy,Shehab Ellethy,QAT,GK,3.6,,,,,,,
971,Mahmud Ibrahim Abunada,Mahmud Abunada,QAT,GK,3.5,,,,,,,
972,Musab bin Fahad bin Zaid Al Juwayr,Musab Al Juwayr,KSA,MID,4.1,Saudi Pro League,Musab Al Juwayr,fm:384293,known_name,,,
977,Ziyad bin Mubarak bin Eid Al Marwani Al Johani,Ziyad Al Johani,KSA,MID,4.9,Saudi Pro League,Ziyad Al Johani,fm:384294,known_name,,,
978,Mohamed bin Ibrahim bin Abdullah Kanno,Mohamed Kanno,KSA,MID,5.1,Saudi Pro League,Mohamed Kanno,fm:384301,known_name,762125c1-ba9f-537b-a935-2355c19b4085,name+country,
980,Abdullah bin Mohammed bin Hamza Al Berri Al Khaibari,Abdullah Al Khaibari,KSA,MID,5.1,Saudi Pro League,Abdullah Al Khaibari,fm:384365,known_name,1526a95c-7fbe-576e-b8ca-76880c4ab697,name+country,
982,Aiman bin Yahya bin Yahya Salem Ahmed,Aiman Yahya,KSA,MID,5.6,Premier League,Ali Ahmed,1464637,unique_last_name,,,
983,Saud bin Abdullah bin Salem Abdulhamid,Saud Abdulhamid,KSA,DEF,4.1,Ligue 1,Saud Abdulhamid,966849,known_name,7ea15d0a-c0d2-5486-a6fa-a0c87f70eaf4,name+country,
984,Abdulelah bin Ali bin Awadh Al Amri,Abdulelah Al Amri,KSA,DEF,3.7,Saudi Pro League,Abdulelah Al Amri,fm:384481,known_name,10ada0b0-f8ac-5b72-aed2-a3023ca6c56b,name+country,
985,Hassan bin Kadish bin Yahya Mahbub,Hassan Kadish,KSA,DEF,3.7,,,,,,,
986,Ali bin Hassan bin Mohammed Majrashi,Ali Majrashi,KSA,DEF,3.6,Saudi Pro League,Ali Majrashi,fm:384286,known_name,,,
987,Nawaf bin Meshari bin Mohammed Bu Washl,Nawaf Bu Washl,KSA,DEF,3.5,,,,,,,
991,Ali bin Mohammed bin Ali Lajami,Ali Lajami,KSA,DEF,3.5,Saudi Pro League,Ali Bin Mohammed Bin Ali Lajami,fm:384382,full_name,,,
992,Feras bin Tariq bin Nasser Al Brikan,Feras Al Brikan,KSA,FWD,5.3,,,,,,,
993,Abdullah bin Abdulrahman bin Abdullah Al Hamddan,Abdullah Al Hamddan,KSA,FWD,4.9,,,,,,,
994,Khalid bin Essa bin Mohammed Al Ghannam,Khalid Al Ghannam,KSA,FWD,4.9,Saudi Pro League,Khalid Al Ghannam,fm:384517,known_name,,,
995,Saleh bin Khalid bin Mohammed Al Shehri,Saleh Al Shehri,KSA,FWD,4.9,Saudi Pro League,Saleh Al Shehri,fm:384287,known_name,84599a75-3b9e-5b38-b03b-e116a36265e0,name+country,
997,Sultan bin Ahmed bin Mohammed Mandash,Sultan Mandash,KSA,FWD,4.5,Saudi Pro League,Sultan Mandash,fm:330684,known_name,,,
999,Nawaf bin Dhahi bin Faisal Al Shuweiti Al Aqidi,Nawaf Al Aqidi,KSA,GK,4,,,,,c126933e-1764-54f2-a43b-89c6583d464a,name+country,
1000,Ahmed bin Ali bin Hussein Al Kassar,Ahmed Al Kassar,KSA,GK,3.9,,,,,,,
1001,Mohammed bin Khalil bin Ibrahim Al Owais,Mohammed Al Owais,KSA,GK,3.5,,,,,799899d4-7547-5a6c-920f-1e88102ad69f,name+country,
1003,John McGinn,,SCO,MID,6,Premier League,John McGinn,250223,full_name,,,
1005,Billy Gilmour,,SCO,MID,5.1,Serie A,Billy Gilmour,fm:6611,full_name,,,
1007,Ryan Christie,,SCO,MID,5.6,,,,,,,
1008,Kenny McLean,,SCO,MID,4.8,,,,,,,
1009,Andy Robertson,,SCO,DEF,5,Premier League,Andrew Robertson,262911,unique_last_name,,,
1010,Kieran Tierney,,SCO,DEF,4.3,,,,,,,
1011,Nathan Patterson,,SCO,DEF,4,,,,,,,
1012,Jack Hendry,,SCO,DEF,3.9,Saudi Pro League,Jack Hendry,fm:10949,full_name,,,
1013,John Souttar,,SCO,DEF,3.8,,,,,,,
1014,Scott McKenna,,SCO,DEF,3.8,,,,,,,
1015,Anthony Ralston,,SCO,DEF,3.8,,,,,,,
1016,Dominic Hyam,,SCO,DEF,3.6,Championship,Dominic Hyam,fm:4135,full_name,,,
1018,Grant Hanley,,SCO,DEF,3.5,,,,,,,
1019,Ché Adams,,SCO,FWD,5.4,,,,,,,
1021,George Hirst,,SCO,FWD,4.6,,,,,,,
1022,Lyndon Dykes,,SCO,FWD,4.6,,,,,,,
1023,Findlay Curtis,,SCO,FWD,4,,,,,,,
1024,Liam Kelly,,SCO,GK,3.7,Championship,Daniel Kelly,fm:4551,unique_last_name,,,
1025,Angus Gunn,,SCO,GK,3.6,,,,,,,
1027,Scott McTominay,,SCO,MID,6.5,,,,,,,1
1028,Lewis Ferguson,,SCO,MID,4.8,Serie A,Lewis Ferguson,fm:967,full_name,,,
1029,Idrissa Gueye,,SEN,MID,4.9,Serie A,Idrissa Gueye,fm:349323,full_name,89658e3e-15aa-5099-8f4b-39cae16f5c1f,name+country,
1030,Pape Matar Sarr,,SEN,MID,5.6,Premier League,Pape Matar Sarr,1002711,full_name,6cfc9449-6284-5a9d-a52f-158b60416823,name+country,
1031,Pathé Ciss,,SEN,MID,5.6,La Liga,Pathé Ciss,laliga:pathe-ciss,full_name,14e9b1cb-47d1-552f-addd-a899868d0181,name+country,
1032,Pape Gueye,,SEN,MID,5.9,La Liga,Pape Gueye,laliga:pape-gueye,full_name,bf9e912c-a167-5273-a3d1-5947e74e82f5,name+country,
1033,Mamadou Sarr,,SEN,DEF,4.7,Premier League,Mamadou Sarr,1154657,full_name,,,
1034,Moussa Niakhaté,,SEN,DEF,4.3,Ligue 1,Moussa Niakhaté,758168,full_name,,,
1035,El Hadji Malick Diouf,,SEN,DEF,4.1,Premier League,El Hadji Malick Diouf,1471764,full_name,,,
1036,Ismail Jakobs,,SEN,DEF,4.1,,,,,b3c365f6-418f-5fd9-84dd-dd56e21a0685,name+country,
1037,Kalidou Koulibaly,,SEN,DEF,4.9,Saudi Pro League,Kalidou Koulibaly,fm:15840,full_name,974c07d2-d12f-59a3-954e-cb702793d1e9,name+country,
1038,Abdoulaye Seck,,SEN,DEF,3.8,,,,,,,
1039,Antoine Mendy,,SEN,DEF,3.7,Ligue 1,Antoine Mendy,1120615,full_name,,,
1041,Nicolas Jackson,,SEN,FWD,6.7,Bundesliga,Nicolas Jackson,fm:3743,full_name,3d8e1411-8eeb-522e-ae6d-bbbbf27a293c,name+country,
1042,Iliman Ndiaye,,SEN,FWD,6.5,Premier League,Iliman Ndiaye,914309,full_name,cd661a06-76e1-5dbf-9073-3376593e9cf7,name+country,
1043,Ismaïla Sarr,,SEN,FWD,6.2,Premier League,Ismaïla Sarr,845286,full_name,0bd46d68-f571-58f7-a2e0-15ea7b6cea4e,name+country,
1046,Assane Diao,,SEN,FWD,4.9,Serie A,Assane Diao,fm:6379,full_name,,,
1047,Cherif Ndiaye,Cherif Ndiaye,SEN,FWD,4.9,Super Lig,Cherif Ndiaye,fm:764,full_name,,,
1048,Bamba Dieng,,SEN,FWD,4.9,,,,,932cfe13-bcdd-536d-bd96-f79dff85b9e8,name+country,
1049,Ibrahim Mbaye,,SEN,FWD,4.4,Ligue 1,Ibrahim Mbaye,1590918,full_name,,,
1051,Édouard Mendy,Édouard Mendy,SEN,GK,4.5,,,,,a05b4998-ebde-5a53-b92a-78f8abe6ef80,name+country,
1052,Yehvann Diouf,,SEN,GK,3.9,Ligue 1,Yehvann Diouf,845183,full_name,,,
1053,Mory Diaw,,SEN,GK,3.8,,,,,,,
1054,Krépin Diatta,,SEN,MID,6.1,Ligue 1,Krépin Diatta,873534,full_name,accd620f-7a35-56a1-94df-69d00c2a3c9b,name+country,
1055,Lamine Camara,Lamine Camara,SEN,MID,6.2,Ligue 1,Lamine Camara,1389846,full_name,,,
1056,Habib Diarra,,SEN,MID,6.2,,,,,,,
1057,Jayden Adams,,RSA,MID,4,,,,,,,
1058,Teboho Mokoena,Teboho Mokoena,RSA,MID,4.3,,,,,,,
1059,Themba Zwane,,RSA,MID,4.3,,,,,,,
1060,Thalente Mbatha,,RSA,MID,4.9,,,,,,,
1061,Tshepang Moremi,,RSA,MID,4.9,,,,,,,
1062,Sphephelo S'Miso Sithole,Yaya Sithole,RSA,MID,5.1,Liga Portugal,Yaya Sithole,fm:6783,known_name,,,
1063,Aubrey Modiba,,RSA,DEF,3.7,,,,,,,
1064,Thabang Matuludi,,RSA,DEF,3.7,,,,,,,
1065,Khuliso Mudau,,RSA,DEF,3.6,,,,,,,
1066,Nkosinathi Sibisi,,RSA,DEF,3.6,,,,,,,
1067,Mbekezeli Mbokazi,,RSA,DEF,3.5,MLS,Mbekezeli Mbokazi,fm:327719,full_name,,,
1068,Khulumani Ndamane,,RSA,DEF,3.5,,,,,,,
1069,Ime Okon,,RSA,DEF,3.5,,,,,,,
1070,Samukele Kabini,,RSA,DEF,3.5,,,,,,,
1071,Lyle Foster,,RSA,FWD,5.4,Premier League,Lyle Foster,901907,full_name,,,
1072,Relebohile Mofokeng,,RSA,FWD,4.9,,,,,,,
1073,Oswin Appollis,,RSA,FWD,4.9,,,,,,,
1075,Evidence Makgopa,,RSA,FWD,4.5,,,,,,,
1076,Thapelo Maseko,,RSA,FWD,4.2,,,,,,,
1077,Ronwen Williams,,RSA,GK,4.5,,,,,,,
1078,Ricardo Goss,,RSA,GK,3.7,,,,,,,
1081,Yéremy Pino,,ESP,MID,5.9,Premier League,Yéremy Pino,984624,full_name,96cf2cc6-a08b-5159-8b80-c66eebda44e3,name+country,
1082,Álex Baena,,ESP,MID,6,La Liga,Álex Baena,laliga:alex-baena,full_name,,,
1084,Martín Zubimendi,,ESP,MID,6.1,Premier League,Martín Zubimendi,966837,full_name,,,
1085,Pedro Porro,,ESP,DEF,5.5,Premier League,Pedro Porro,913654,full_name,,,
1086,Aymeric Laporte,,ESP,DEF,5.5,La Liga,Aymeric Laporte,laliga:aymeric-laporte,full_name,c5153ee0-01b3-592e-83d5-dec61b3d4623,name+country,
1087,Alejandro Grimaldo,,ESP,DEF,4.9,Bundesliga,Alejandro Grimaldo,fm:2233,full_name,,,
1088,Marc Cucurella,,ESP,DEF,5.1,Premier League,Marc Cucurella,794939,full_name,,,
1089,Pau Cubarsí,,ESP,DEF,5,La Liga,Pau Cubarsí,laliga:pau-cubarsi,full_name,,,
1092,Lamine Yamal Nasraoui Ebana,Lamine Yamal,ESP,MID,10,La Liga,Lamine Yamal,laliga:lamine-yamal,known_name,,,1
1093,Ferran Torres,,ESP,FWD,7.8,La Liga,Ferrán Torres,laliga:ferran-torres,full_name,ed964dec-7098-53ef-9a71-55c988d8dff6,name+country,1
1094,Mikel Oyarzabal,,ESP,FWD,8.1,La Liga,Mikel Oyarzabal,laliga:mikel-oyarzabal,full_name,,,1
1095,Borja Iglesias,,ESP,FWD,6.8,La Liga,Borja Iglesias,laliga:borja-iglesias,full_name,,,
1097,Víctor Muñoz,,ESP,FWD,4,La Liga,Víctor Muñoz,laliga:victor-munoz,full_name,,,
1098,David Raya,,ESP,GK,5,Premier League,David Raya,581310,full_name,cf35f6a6-2331-5ef6-b3b9-c88f79c41918,name+country,
1099,Unai Simón,,ESP,GK,5,La Liga,Unai Simón,laliga:unai-simon,full_name,0e9b267f-968e-5926-9e1b-f98b3b7563fd,name+country,
1101,Joan García,Joan García,ESP,GK,4,La Liga,Joan García,laliga:joan-garcia,full_name,,,
1102,Marcos Llorente,,ESP,DEF,5.5,La Liga,Marcos Llorente,laliga:marcos-llorente,full_name,b86e3c6b-afa3-5db7-a7ee-48e51e88b9e9,name+country,
1104,Rodrigo Hernández Cascante,Rodri,ESP,MID,7.5,Premier League,Rodri,827606,known_name,24aa4afe-df04-5756-8901-8ca973b7099e,name+country,1
1105,Dani Olmo,,ESP,MID,7.7,La Liga,Dani Olmo,laliga:dani-olmo,full_name,6f40e49e-5da5-5626-8f2e-1b9cff409550,name+country,3
1106,Pedro González López,Pedri,ESP,MID,8.1,La Liga,Pedri,laliga:pedri,known_name,7e09d77c-df3f-5ce9-abeb-57d337ab99e4,name+country,
1109,Besfort Zeneli,,SWE,MID,4.7,,,,,,,
1110,Elliot Stroud,,SWE,MID,4.7,,,,,,,
1111,Taha Ali,,SWE,MID,4.9,,,,,,,
1112,Eric Smith,,SWE,MID,4.9,Bundesliga,Eric Smith,fm:5347,full_name,,,
1113,Lucas Bergvall,,SWE,MID,5.1,Premier League,Lucas Bergvall,1391251,full_name,,,
1114,Yasin Ayari,,SWE,MID,5.3,Premier League,Yasin Ayari,1036269,full_name,,,
1116,Jesper Karlström,,SWE,MID,5.6,Serie A,Jesper Karlstrom,fm:6523,full_name,,,
1117,Mattias Svanberg,,SWE,MID,6.1,Bundesliga,Mattias Svanberg,fm:5327,full_name,,,
1118,Daniel Svensson,,SWE,DEF,4.5,Bundesliga,Daniel Svensson,fm:60090,full_name,,,
1119,Gabriel Gudmundsson,,SWE,DEF,4.2,Premier League,Gabriel Gudmundsson,834308,full_name,,,
1120,Carl Starfelt,,SWE,DEF,4.1,La Liga,Carl Starfelt,laliga:carl-starfelt,full_name,,,
1121,Victor Lindelöf,,SWE,DEF,4,Premier League,Victor Lindelöf,143334,full_name,5fbf9ae9-c520-57d1-9969-913632f3a110,name+country,
1122,Gustaf Lagerbielke,,SWE,DEF,3.7,Liga Portugal,Gustaf Lagerbielke,fm:1808,full_name,,,
1124,Viktor Gyökeres,,SWE,FWD,7.8,Premier League,Viktor Gyökeres,804508,full_name,,,
1125,Anthony Elanga,,SWE,FWD,5.8,Premier League,Anthony Elanga,979232,full_name,,,
1126,Benjamin Nygren,,SWE,FWD,4.9,,,,,,,
1127,Gustaf Nilsson,,SWE,FWD,4.9,,,,,,,
1129,Kristoffer Nordfeldt,,SWE,GK,3.9,,,,,c033bb30-25ba-578b-93f2-ffae14aec8c3,name+country,
1133,Johan Manzambi,,SUI,MID,5.6,Bundesliga,Johan Manzambi,fm:5184,full_name,,,
1135,Granit Xhaka,,SUI,MID,6.2,,,,,698ec70c-6cef-5358-87a4-05e2098d4a00,name+country,
1137,Michel Aebischer,,SUI,MID,5.9,Serie A,Michel Aebischer,fm:975,full_name,da85d3aa-ae52-5e2d-aafc-18ed5459b115,name+country,1
1138,Remo Freuler,,SUI,MID,5.9,Serie A,Remo Freuler,fm:966,full_name,c366f61f-29ff-5676-878c-60e4b7dabb4f,name+country,1
1139,Ardon Jashari,,SUI,MID,5.2,Serie A,Ardon Jashari,fm:1281,full_name,70264aba-ec92-5816-a4c6-cf72c2b79300,name+country,
1140,Fabian Rieder,,SUI,MID,6.2,Bundesliga,Fabian Rieder,fm:1518,full_name,646baa16-bdcd-5de3-9fe6-0c5dc3c066c4,name+country,
1141,Manuel Akanji,,SUI,DEF,5,Serie A,Manuel Akanji,fm:2059,full_name,5c961558-f213-5b5d-b3b5-3043ed4ab2ab,name+country,
1142,Ricardo Rodríguez,,SUI,DEF,4.5,La Liga,Ricardo Rodríguez,laliga:ricardo-rodriguez,full_name,6d59a007-9e47-5ed8-8132-35b2806ff09d,name+country,
1143,Nico Elvedi,,SUI,DEF,4.3,Bundesliga,Nico Elvedi,fm:5382,full_name,3643b473-7784-5008-889b-17f230f96d04,name+country,
1144,Silvan Widmer,,SUI,DEF,4.2,Bundesliga,Silvan Widmer,fm:5286,full_name,5f85c22a-d5ef-574a-a9b6-b17c45944113,name+country,
1145,Miro Muheim,,SUI,DEF,4,Bundesliga,Miro Muheim,fm:5418,full_name,,,
1146,Eray Cömert,,SUI,DEF,3.9,La Liga,Eray Cömert,laliga:eray-comert,full_name,fd603883-ea8a-5e58-a425-698a6adfd04b,name+country,
1147,Aurèle Amenda,,SUI,DEF,3.7,Bundesliga,Aurele Amenda,fm:3183,full_name,,,
1148,Luca Jaquez,,SUI,DEF,3.5,Bundesliga,Luca Jaquez,fm:60206,full_name,,,
1149,Breel Embolo,,SUI,FWD,7.5,Ligue 1,Breel Embolo,352296,full_name,2292820b-afe2-58ed-9ab4-5641614f8825,name+country,2
1150,Noah Okafor,,SUI,FWD,5.9,Premier League,Noah Okafor,865523,full_name,66fe9239-d806-5aa3-9f2e-a6eae427f910,name+country,
1151,Dan Ndoye,,SUI,FWD,6.8,,,,,,,1
1153,Gregor Kobel,,SUI,GK,4.7,,,,,b6a6712a-495e-5291-a6f9-5f1681d85c8b,name+country,
1154,Yvon Mvogo,,SUI,GK,4.2,Ligue 1,Yvon Mvogo,149656,full_name,8c678562-93f0-5a05-b4c0-c9bd740d484c,name+country,
1155,Marvin Keller,,SUI,GK,3.7,,,,,,,
1156,Djibril Sow,,SUI,MID,6.1,La Liga,Djibril Sow,laliga:djibril-sow,full_name,d0f998b5-b8ff-5dbf-a0c5-b2288867b8b5,name+country,
1157,Denis Zakaria,,SUI,MID,6.1,Ligue 1,Denis Zakaria,770677,full_name,6cf4e4cb-63d0-5d4d-ba43-d933b10e54af,name+country,
1158,Rubén Vargas,,SUI,MID,6.8,La Liga,Ruben Vargas,laliga:ruben-vargas,full_name,d8d9a033-844d-5f67-9d78-f20d741335b2,name+country,1
1160,Ellyes Skhiri,,TUN,MID,4.7,,,,,8787994a-04a8-5b16-a277-f4a3eaa98db9,name+country,
1161,Rani Khedira,,TUN,MID,4.7,,,,,,,
1162,Hadj Mahmoud,,TUN,MID,4.9,,,,,,,
1163,Mortadha Ben Ouanes,,TUN,MID,5,Super Lig,Mortadha Ben Ouanes,fm:367179,full_name,,,
1164,Anis Ben Slimane,,TUN,MID,5.3,Premier League,Anis Ben Slimane,1006147,full_name,fbe41fea-24fb-5a29-8c11-ae21869dfce4,name+country,
1165,Moutaz Neffati,,TUN,DEF,4.1,,,,,,,
1166,Ali Abdi,,TUN,DEF,4.1,Ligue 1,Ali Abdi,919027,full_name,1b35888f-6295-5682-b587-767bd2fe701b,name+country,
1167,Omar Rekik,,TUN,DEF,3.8,,,,,,,
1169,Adem Arous,,TUN,DEF,3.6,Super Lig,Adem Arous,fm:23083082,full_name,,,
1170,Mohamed Amine Ben Hmida,,TUN,DEF,3.6,,,,,,,
1172,Raed Chikhaoui,,TUN,DEF,3.5,,,,,,,
1174,Ismaël Gharbi,,TUN,FWD,4.6,,,,,,,
1175,Elias Saad,,TUN,FWD,4.5,,,,,,,
1176,Firas Chaouat,,TUN,FWD,4.4,,,,,,,
1177,Sebastian Tounekti,,TUN,FWD,4.4,,,,,,,
1178,Hazem Mastouri,,TUN,FWD,4.2,,,,,,,
1181,Rayan Elloumi,,TUN,FWD,4,,,,,,,
1183,Khalil Ayari,,TUN,FWD,4,,,,,,,
1184,Abdelmouhib Chamakh,,TUN,GK,4.1,,,,,,,
1185,Aymen Dahmen,,TUN,GK,3.9,,,,,34359b5a-ed1a-51c4-a4bb-9b2acefc1c0d,name+country,
1187,Sabri Ben Hessen,,TUN,GK,3.5,,,,,,,
1188,Ismail Yüksek,,TUR,MID,4.6,Super Lig,Ismail Yuksek,fm:1042,full_name,,,
1189,Salih Özcan,,TUR,MID,4.7,Bundesliga,Salih Ozcan,fm:695,full_name,,,
1190,Atakan Karazor,,TUR,MID,4.7,,,,,,,
1191,Irfan Can Kahveci,,TUR,MID,5.9,Super Lig,Irfan Can Kahveci,fm:1021,full_name,,,
1192,Orkun Kökçü,,TUR,MID,6,,,,,,,
1193,Kaan Ayhan,,TUR,DEF,4.5,,,,,,,
1194,Zeki Çelik,,TUR,DEF,4.3,Serie A,Zeki Celik,fm:3616,full_name,,,
1195,Ferdi Kadioglu,,TUR,DEF,4.3,,,,,,,
1196,Samet Akaydin,,TUR,DEF,4.1,Super Lig,Samet Akaydin,fm:8847,full_name,,,1
1197,Mert Müldür,,TUR,DEF,4.1,,,,,,,1
1198,Ozan Kabak,,TUR,DEF,4,Bundesliga,Ozan Kabak,fm:2953,full_name,,,
1199,Eren Elmali,,TUR,DEF,4,Super Lig,Eren Elmali,fm:2818,full_name,,,
1200,Abdülkerim Bardakci,,TUR,DEF,4,Super Lig,Abdulkerim Bardakci,fm:1765,full_name,,,
1201,Merih Demiral,,TUR,DEF,4,Saudi Pro League,Merih Demiral,fm:13091,full_name,,,2
1202,Mustafa Eskihellaç,,TUR,DEF,3.9,Super Lig,Mustafa Eskihellac,fm:74401,full_name,,,
1203,Ahmetcan Kaplan,,TUR,DEF,3.5,Eredivisie,Ahmetcan Kaplan,fm:3019,full_name,,,
1204,Kenan Yildiz,,TUR,MID,7,Super Lig,Ugur Kaan Yildiz,fm:368483,unique_last_name,,,
1205,Kerem Aktürkoglu,,TUR,FWD,6.2,Super Lig,Kerem Akturkoglu,fm:719,full_name,,,1
1206,Baris Alper Yilmaz,,TUR,FWD,6.1,Super Lig,Baris Alper Yilmaz,fm:1760,full_name,,,
1208,Oguz Aydin,,TUR,FWD,5,,,,,,,
1209,Yunus Akgün,,TUR,FWD,4.9,Super Lig,Yunus Akgun,fm:1755,full_name,,,
1210,Deniz Gül,,TUR,FWD,4.4,,,,,,,
1211,Ugurcan Çakir,,TUR,GK,4.2,,,,,,,
1212,Altay Bayindir,,TUR,GK,4,,,,,,,
1213,Mert Günok,,TUR,GK,4,,,,,,,
1214,Muhammed Sengezer,,TUR,GK,3.9,,,,,,,
1215,Arda Güler,,TUR,MID,7,La Liga,Arda Güler,laliga:arda-guler,full_name,,,1
1216,Hakan Çalhanoglu,,TUR,MID,7.1,,,,,,,1
1217,Pablo Alcoba,,URU,MID,4.3,,,,,,,
1218,Juan Manuel Sanabria,,URU,MID,4.5,MLS,Juan Manuel Sanabria,fm:377456,full_name,,,
1219,Emiliano Martínez,,URU,MID,4.7,Premier League,Emiliano Martínez,158263,full_name,44dc6a3b-ff39-5fa3-93ee-ca94e69bec50,name_unique,
1220,Luciano González,Luciano González,URU,MID,4.7,,,,,,,
1221,Nicolás Fonseca,,URU,MID,5,La Liga,Nicolas Fonseca,laliga:nicolas-fonseca,full_name,,,
1222,Facundo Pellistri,,URU,MID,5.2,,,,,28670d18-1441-53b1-a0e9-96547b0aa9ae,name+country,
1223,Maxi Araújo,,URU,MID,6.4,Liga Portugal,Maxi Araujo,fm:2125,full_name,,,
1224,Manuel Ugarte,,URU,MID,5.9,Premier League,Manuel Ugarte,846425,full_name,4af23754-c022-5239-a60c-2ae02e920f62,name+country,
1225,Nicolás de la Cruz,,URU,MID,5.9,,,,,2e3d4753-3641-5a19-bae9-40f79300bcaa,name+country,
1226,Ronald Araujo,,URU,DEF,5,La Liga,Ronald Araújo,laliga:ronald-araujo,full_name,5f0f9169-a082-5cc4-b573-2b5d41a65a3d,name+country,
1227,José María Giménez,,URU,DEF,4.4,La Liga,José María Giménez,laliga:jose-maria-gimenez,full_name,,,
1228,Matías Viña,,URU,DEF,4.3,,,,,53b8d2d9-ed67-57da-bc2b-ce62dd8e1c48,name+country,
1229,Mathías Olivera,,URU,DEF,4.3,Serie A,Mathias Olivera,fm:6646,full_name,b13e00a2-ae12-5b3b-8589-d2be0d183577,name+country,
1230,Guillermo Varela,,URU,DEF,4.2,,,,,18d73d17-feac-59c9-90f5-0c2550de1e88,name+country,
1231,Sebastián Cáceres,,URU,DEF,4.2,,,,,,,
1232,Santiago Bueno,Santiago Bueno,URU,DEF,4.1,Premier League,Santiago Bueno,846308,full_name,,,
1233,José Rodríguez,,URU,DEF,3.9,,,,,,,
1234,Brian Barboza,,URU,DEF,3.7,,,,,,,
1235,Benjamín García,,URU,DEF,3.5,Premier League,Andrés García,1457536,unique_last_name,,,
1236,Darwin Núñez,,URU,FWD,7.5,Saudi Pro League,Darwin Nunez,fm:849,full_name,2423709c-b481-5443-ab19-53206f2e4da7,name+country,
1237,Federico Viñas,,URU,FWD,5.9,La Liga,Federico Viñas,laliga:federico-vinas,full_name,,,
1238,Brian Rodríguez,,URU,FWD,6.2,,,,,,,
1239,Rodrigo Aguirre,,URU,FWD,5.6,,,,,,,
1240,Facundo Torres,Facundo Torres,URU,FWD,5.4,MLS,Facundo Torres,fm:333049,full_name,fa2e9a8d-cc79-5b77-b72f-a8397940ecb5,name+country,
1241,Agustín Canobbio,,URU,FWD,5.3,,,,,6354a6f3-1ded-581d-8101-b37e5af74d4f,name+country,
1242,Facundo Martínez,,URU,FWD,5.3,,,,,,,
1243,Agustín Álvarez,,URU,FWD,5.2,Saudi Pro League,Gaston Alvarez,fm:8180,unique_last_name,,,
1244,Sergio Rochet,,URU,GK,4.1,,,,,bab2cc5f-256a-51c7-bcc3-9e1bf41d508f,name+country,
1245,Fernando Muslera,,URU,GK,4.1,,,,,f8a7e8c3-c56b-5397-bfc6-3c71b46c8739,name+country,
1246,Santiago Mele,,URU,GK,3.5,,,,,,,
1247,Giorgian de Arrascaeta,,URU,MID,6.5,,,,,e7d8d9ce-4087-5c3a-8419-63407fe801ef,name+country,
1248,Federico Valverde,,URU,MID,7.5,La Liga,Federico Valverde,laliga:federico-valverde,full_name,26331d27-43cf-5cce-8659-375085adca1f,name+country,
1249,Cristian Roldan,Cristian Roldan,USA,MID,4.7,MLS,Cristian Roldan,fm:379459,full_name,83f6a007-a7bf-5cda-a0ba-5e4a38894ccb,name+country,
1250,Sebastian Berhalter,,USA,MID,4.7,,,,,,,
1251,Tanner Tessmann,,USA,MID,5.6,Ligue 1,Tanner Tessmann,1022084,full_name,,,
1252,Aidan Morris,,USA,MID,5.6,Championship,Aidan Morris,fm:4168,full_name,,,
1253,Brenden Aaronson,,USA,MID,5.7,Premier League,Brenden Aaronson,973431,full_name,a6cb677c-c3b8-5013-b20f-7b213b198f0e,name+country,
1254,Malik Tillman,,USA,MID,6.1,,,,,,,
1255,Weston McKennie,,USA,MID,6.1,Serie A,Weston Mckennie,fm:1949,full_name,f2484bfc-84f3-5219-9b02-b544de463954,name+country,
1256,Giovanni Reyna,,USA,MID,5.5,,,,,65b96ab1-2e33-5288-ab0b-a731cc8d411e,name+country,
1257,Johnny Cardoso,,USA,MID,6.2,La Liga,Johnny Cardoso,laliga:johnny-cardoso,full_name,,,
1258,Antonee Robinson,,USA,DEF,5,,,,,85852aad-b0ad-5432-ab28-8624ea703ac8,name+country,
1259,Chris Richards,,USA,DEF,4.1,Premier League,Chris Richards,931844,full_name,,,
1260,Joe Scally,,USA,DEF,4.1,Bundesliga,Joe Scally,fm:5372,full_name,bf81e8f9-4369-52cc-bb30-269ba69bd910,name+country,
1261,Tim Ream,,USA,DEF,3.9,MLS,Tim Ream,fm:18986,full_name,85e02ca6-f26f-503f-923e-aef621e7b32f,name+country,
1262,Mark McKenzie,,USA,DEF,3.9,,,,,,,
1263,Auston Trusty,,USA,DEF,3.9,,,,,,,
1264,Alexander Freeman,,USA,DEF,4,La Liga,Alex Freeman,laliga:alex-freeman,unique_last_name,,,
1265,Timothy Weah,,USA,MID,5.8,Ligue 1,Tim Weah,855810,unique_last_name,5fee68f9-3c03-5208-b656-6fc6de2190e8,name+country,
1266,Ricardo Pepi,,USA,FWD,5.9,,,,,,,
1267,Folarin Balogun,,USA,FWD,6,Ligue 1,Folarin Balogun,934237,full_name,,,
1268,Patrick Agyemang,,USA,FWD,4.9,,,,,,,
1269,Max Arfsten,,USA,FWD,4.4,MLS,Max Arfsten,fm:379358,full_name,,,
1270,Matt Turner,,USA,GK,4,,,,,3dfc3373-e198-5a34-a17a-2da03a9cd4b0,name+country,
1271,Matt Freese,,USA,GK,4.2,,,,,,,
1272,Patrick Schulte,,USA,GK,3.5,,,,,,,
1273,Chris Brady,,USA,GK,3.5,,,,,,,
1274,Christian Pulisic,,USA,MID,7,Serie A,Christian Pulisic,fm:2267,full_name,db6eb0c7-9b30-5511-9ca6-bb27b6ebdc40,name+country,
1275,Abdulla Abdullaev,,UZB,MID,4.2,,,,,,,
1278,Sherzod Esanov,,UZB,MID,4.7,,,,,,,
1279,Jasurbek Jaloliddinov,,UZB,MID,4.7,,,,,,,
1280,Ruslanbek Jiyanov,,UZB,MID,4.7,,,,,,,
1282,Akmal Mozgovoy,,UZB,MID,4.7,,,,,,,
1284,Otabek Shukurov,,UZB,MID,5,,,,,,,
1285,Umarali Rakhmonaliev,,UZB,MID,5.1,,,,,,,
1286,Dostonbek Khamdamov,,UZB,MID,5.1,,,,,,,
1287,Aziz G'aniev,,UZB,MID,5.3,,,,,,,
1288,Odiljon Hamrobekov,,UZB,MID,5.3,,,,,,,
1289,Oston Urunov,,UZB,MID,5.6,,,,,,,
1290,Jamshid Iskanderov,,UZB,MID,5.7,,,,,,,
1291,Jaloliddin Masharipov,,UZB,MID,6.1,,,,,,,
1292,Abbosbek Fayzullaev,,UZB,MID,6.2,Super Lig,Abbosbek Fayzullaev,fm:391300,full_name,,,
1293,Abdukodir Khusanov,,UZB,DEF,4.3,Premier League,Abdukodir Khusanov,1194333,full_name,,,
1294,Rustam Ashurmatov,,UZB,DEF,3.7,,,,,,,
1295,Sherzod Nasrullaev,,UZB,DEF,3.7,,,,,,,
1296,Farrukh Sayfiev,,UZB,DEF,3.6,,,,,,,
1297,Khojiakbar Alijonov,,UZB,DEF,3.6,,,,,,,
1300,Umar Eshmurodov,,UZB,DEF,3.5,,,,,,,
1302,Avazbek O'lmasaliev,,UZB,DEF,3.5,,,,,,,
1303,Bekhruz Karimov,,UZB,DEF,3.5,,,,,,,
1305,Jakhongir Urozov,,UZB,DEF,3.5,,,,,,,
1306,Eldor Shomurodov,,UZB,FWD,6.5,Super Lig,Eldor Shomurodov,fm:3622,full_name,,,
1307,Igor Sergeev,,UZB,FWD,6.1,,,,,,,
1308,Sherzod Temirov,,UZB,FWD,5.1,,,,,,,
1310,Azizbek Amanov,,UZB,FWD,4.9,,,,,,,
1311,Abduvokhid Nematov,,UZB,GK,4,,,,,,,
1312,Utkir Yusupov,,UZB,GK,3.9,,,,,,,
1314,Botirali Ergashev,,UZB,GK,3.5,,,,,,,
1315,Facundo Cambeses,,ARG,GK,4,,,,,,,
1316,Walter Benítez,,ARG,GK,4.5,Premier League,Walter Benítez,249859,full_name,,,
1317,Santiago Beltrán,,ARG,GK,4,,,,,,,
1318,Lisandro Martínez,,ARG,DEF,4.6,Premier League,Lisandro Martínez,859999,full_name,62ad0b8f-7ce0-5f93-ac20-eacf03ebe909,name+country,
1319,Germán Pezzella,,ARG,DEF,4.2,,,,,585ebee6-c427-5abe-84ce-b5b3db3eee0d,name+country,
1320,Facundo Medina,,ARG,DEF,4,Ligue 1,Facundo Medina,860307,full_name,,,
1321,Zaid Romero,,ARG,DEF,3.5,La Liga,Zaid Romero,laliga:zaid-romero,full_name,,,
1322,Lautaro Di Lollo,,ARG,DEF,3.5,,,,,,,
1323,Gonzalo Montiel,,ARG,DEF,4.3,,,,,3d46acd3-0031-5f7a-8930-f801041abee6,name+country,
1324,Kevin Mac Allister,,ARG,DEF,3.8,,,,,,,
1325,Leonardo Balerdi,,ARG,DEF,4,Ligue 1,Leonardo Balerdi,928236,full_name,,,
1326,Giovani Lo Celso,,ARG,MID,6.2,La Liga,Giovani Lo Celso,laliga:giovani-lo-celso,full_name,15716007-3f16-56f7-8b60-83e3571ef664,name+country,
1327,Emiliano Buendía,,ARG,MID,6.5,Premier League,Emiliano Buendía,783126,full_name,,,
1328,Aníbal Moreno,,ARG,MID,5,,,,,,,
1329,Equi Fernández,,ARG,MID,5,,,,,,,
1330,Guido Rodríguez,,ARG,MID,5.6,La Liga,Guido Rodríguez,laliga:guido-rodriguez,full_name,f27759f8-605d-5a1e-9df5-e50fad00d661,name+country,
1331,Alan Varela,,ARG,MID,5,Liga Portugal,Alan Varela,fm:3433,full_name,,,
1332,Tomás Aranda,,ARG,MID,4.3,,,,,,,
1333,Nicolás Domínguez,,ARG,MID,5,Serie A,Benja Dominguez,fm:974,unique_last_name,,,
1334,Claudio Echeverri,,ARG,MID,5.5,,,,,,,
1335,Matías Soulé,,ARG,MID,6.2,Serie A,Matias Soule,fm:3613,full_name,,,
1336,Nicolás Capaldo,,ARG,MID,5,Bundesliga,Nicolas Capaldo,fm:797,full_name,,,
1337,Milton Delgado,,ARG,MID,4.2,,,,,,,
1338,Lautaro Martínez,Lautaro Martínez,ARG,FWD,8.8,Serie A,Lautaro Martinez,fm:661,full_name,52050c15-f166-51fc-9415-ba7e86277197,name+country,
1339,Mateo Pellegrino,,ARG,FWD,5,,,,,,,
1340,Santiago Castro,,ARG,FWD,6,Serie A,Santiago Castro,fm:956,full_name,,,
1341,Dennis Hadzikadunic,,BIH,DEF,3.7,,,,,,,
1342,Ermin Mahmic,,BIH,MID,4.2,,,,,,,
1343,Weverton Pereira da Silva,Weverton,BRA,GK,4.5,,,,,a72d5299-2968-598f-a008-c7a0fa25a5d4,name+country,
1345,Alex Sandro Lobo da Silva,Alex Sandro,BRA,DEF,4.5,,,,,77df6f28-a9a4-5433-91eb-0d085e4fa393,name+country,
1346,Wesley Vinícius França Lima,Wesley,BRA,DEF,4.5,,,,,,,
1361,Bruno Guimarães Rodriguez Moura,Bruno Guimarães,BRA,MID,6.8,Premier League,Bruno Guimarães,866469,known_name,9c839ae5-4aa7-52e6-9a25-6bb02acd960f,name+country,
1366,Raphael Dias Belloli,Raphinha,BRA,MID,8.2,La Liga,Raphinha,laliga:raphinha,known_name,35345b3c-6d75-5ee4-98bf-5fc2379a7157,name+country,
1369,Neymar da Silva Santos Júnior,Neymar,BRA,MID,7.2,,,,,71a6d293-a0d3-545f-83d4-4cb64d16d4c8,name+country,
1374,Yerry Mina,,COL,DEF,4.2,Serie A,Yerry Mina,fm:6300,full_name,b1e5f393-18e4-58a5-9858-58346b519f84,name+country,
1379,Willer Ditta,,COL,DEF,3.7,,,,,,,
1385,Juan Portilla,,COL,MID,4.7,,,,,,,
1396,Cucho Hernández,,COL,FWD,6.3,,,,,,,
1400,Jindrich Stanek,,CZE,GK,4,,,,,,,
1405,David Zima,,CZE,DEF,3.9,,,,,,,
1411,Alexandr Sojka,,CZE,MID,4.5,,,,,,,
1413,David Doudera,,CZE,MID,5.1,,,,,,,
1417,Hugo Sochurek,,CZE,MID,4.3,,,,,,,
1423,Christophe Kabongo,,CZE,FWD,4.5,,,,,,,
1425,Jan Kuchta,,CZE,FWD,5.5,,,,,,,
1427,Adam Hlozek,,CZE,FWD,6.5,,,,,,,
1428,Robin Risser,,FRA,GK,3.5,Ligue 1,Robin Risser,1387161,full_name,,,
1429,William Saliba,,FRA,DEF,5.3,Premier League,William Saliba,941168,full_name,ecd7a92e-32f6-5e1a-925d-73d1fd098fe0,name+country,
1430,Jules Koundé,,FRA,DEF,5.4,La Liga,Jules Koundé,laliga:jules-kounde,full_name,07dd5ad6-7860-5f60-8308-1d495044c02e,name+country,
1431,Bradley Barcola,,FRA,MID,8,Ligue 1,Bradley Barcola,996952,full_name,,,
1432,Jean-Philippe Mateta,,FRA,FWD,6.5,Premier League,Jean Philippe Mateta,848276,full_name,,,
1433,Paul Reverson,,GHA,GK,3.5,,,,,,,
1434,Solomon Agbasi,,GHA,GK,3.5,,,,,,,
1445,Augustine Boakye,,GHA,MID,4.9,Ligue 1,Augustine Boakye,1138352,full_name,,,
1454,Ko Itakura,,JPN,DEF,4.5,Eredivisie,Ko Itakura,fm:5392,full_name,4f0c34ac-3cae-590d-a75a-c8de876f0225,name+country,
1455,Takehiro Tomiyasu,,JPN,DEF,4.9,Eredivisie,Takehiro Tomiyasu,fm:1178,full_name,49b43d09-fc80-5fa7-af9f-1d4fbfed4e11,name+country,
1456,Yuto Nagatomo,,JPN,DEF,3.7,,,,,7ff29421-6ad2-5deb-b3e1-37e0246b1b22,name+country,
1457,Wataru Endo,,JPN,MID,6,Premier League,Wataru Endo,143040,full_name,a7611325-097e-50dd-8405-932a9fc7fd0e,name+country,
1458,Takefusa Kubo,,JPN,MID,7,La Liga,Takefusa Kubo,laliga:takefusa-kubo,full_name,fd8274e8-9fa3-5d15-aa7f-dc0dc91cd407,name+country,
1459,Antonio Rodríguez,,MEX,GK,3.7,,,,,,,
1460,Carlos Moreno,,MEX,GK,3.6,,,,,,,
1461,Álex Padilla,,MEX,GK,3.5,,,,,,,
1462,Julián Araujo,,MEX,DEF,4,,,,,,,
1463,Alejandro Gómez,,MEX,DEF,3.5,,,,,,,
1464,Ramón Juárez,,MEX,DEF,3.6,,,,,,,
1465,Mateo Chávez,,MEX,DEF,3.5,Eredivisie,Mateo Chavez,fm:377879,full_name,,,
1467,Bryan González,Bryan González,MEX,DEF,3.5,,,,,,,
1468,Víctor Guzmán,,MEX,DEF,3.6,,,,,,,
1470,Marcel Ruiz,,MEX,MID,5.9,Ligue 1,Fabián Ruiz,784655,unique_last_name,,,
1471,Jordán Carrillo,,MEX,MID,5.1,,,,,,,
1472,Diego Lainez,,MEX,MID,5.9,,,,,,,
1473,César Huerta,,MEX,MID,6.3,,,,,,,
1474,Edson Álvarez,,MEX,MID,6,Super Lig,Edson Alvarez,fm:3713,full_name,8b71a6b0-be47-553e-8566-34112d7804ff,name+country,
1475,Jesús Angulo,,MEX,MID,5.3,,,,,,,
1476,Gilberto Mora,,MEX,MID,4.5,,,,,,,
1477,Luis Chávez,,MEX,MID,6.3,,,,,f0103758-afd3-5dd8-a79a-974ad2c77bb6,name+country,
1478,Luis Romo,,MEX,MID,5.5,,,,,6afa168d-454b-5d62-b98e-c0553c27598d,name+country,
1479,Elías Montiel,,MEX,MID,4.5,,,,,,,
1480,Kevin Castañeda,,MEX,MID,4.9,,,,,,,
1481,Alexis Gutiérrez,,MEX,MID,4.9,,,,,,,
1482,Jeremy Márquez,,MEX,MID,4.7,,,,,,,
1483,Alexéi Domínguez,,MEX,FWD,4.5,,,,,,,
1484,Efraín Álvarez,,MEX,MID,5.5,Super Lig,Edson Alvarez,fm:3713,unique_last_name,,,
1485,Santiago Giménez,,MEX,FWD,6.8,,,,,,,
1486,Jorge Ruvalcaba,,MEX,FWD,4.9,,,,,,,
1488,Michael Boxall,,NZL,DEF,3.7,MLS,Michael Boxall,fm:379489,full_name,,,
1489,Liberato Cacace,,NZL,DEF,4.1,Championship,Liberato Cacace,fm:6565,full_name,,,
1490,Nando Pijnaker,,NZL,DEF,3.7,,,,,,,
1491,Tommy Smith,,NZL,DEF,3.6,,,,,,,
1492,Matthew Garbett,,NZL,FWD,5,,,,,,,
1493,Chris Wood,,NZL,FWD,6.5,,,,,,,
1494,Sarpreet Singh,,NZL,MID,5.3,,,,,,,
1495,Juan Espínola,,PAR,GK,3.5,,,,,,,
1496,Carlos Coronel,,PAR,GK,4.1,,,,,,,
1497,Santiago Rojas,,PAR,GK,3.5,,,,,,,
1498,Blás Riveros,,PAR,DEF,3.9,,,,,,,
1499,Alcides Benítez,,PAR,DEF,3.5,,,,,,,
1500,Agustín Sández,,PAR,DEF,3.7,,,,,,,
1501,Alan Núñez,,PAR,DEF,3.5,Liga Portugal,Alan Nunez,fm:400760,full_name,,,
1502,Saúl Salcedo,,PAR,DEF,3.7,,,,,,,
1503,Diego León,,PAR,DEF,3.5,,,,,,,
1504,Tarek Salman Suleiman Odeh,Tarek Salman,QAT,DEF,3.7,,,,,6bd7535d-4d4d-57cd-b514-00357298f156,name+country,
1505,Rayyan Ahmed Al Ali,Rayyan Al Ali,QAT,DEF,3.5,,,,,,,
1506,Homam El Amin Mohamed Ahmed,Homam El Amin,QAT,DEF,3.6,,,,,,,
1507,Sultan Hussain Mohamad Hussain Al Brake,Sultan Al Brake,QAT,DEF,3.7,,,,,,,
1508,Abdulaziz Hatem Mohammed Abdullah,Abdulaziz Hatem,QAT,MID,5.3,,,,,b8ca47e4-b318-5492-ab69-11db73c5e9e5,name+country,
1509,Jassem Gaber El Sayed Abdulsallam,Jassem Gaber,QAT,MID,5,,,,,97e8c7f6-6bb4-57a3-abfb-db9015d216fd,name+country,
1510,Ahmed Alaaeldin Bader Mohammed Abdelmotaal,Ahmed Alaa,QAT,FWD,5.5,,,,,,,
1511,Mohammed Muntari,Mohammed Muntari,QAT,FWD,5.3,,,,,0fa06a56-90d1-545e-bdcc-1b6a789a4433,name+country,
1512,Andrés Sebastián Soria Quintana,Sebastián Soria,QAT,FWD,5.1,,,,,,,
1513,Tahsin Mohammed Jamshid,Tahsin Jamshid,QAT,FWD,4.5,,,,,,,
1514,Viktor Johansson,,SWE,GK,3.9,MLS,Herman Johansson,fm:365681,unique_last_name,,,
1515,Jacob Widell Zetterström,,SWE,GK,3.7,,,,,,,
1516,Hjalmar Ekdal,,SWE,DEF,3.7,Premier League,Hjalmar Ekdal,875360,full_name,,,
1517,Emil Holm,,SWE,DEF,4.1,Serie A,Emil Holm,fm:978,full_name,,,
1518,Isak Hien,,SWE,DEF,4.1,Serie A,Isak Hien,fm:1859,full_name,,,
1519,Ken Sema,,SWE,MID,6,,,,,,,
1520,Alexander Isak,,SWE,FWD,8,Premier League,Alexander Isak,823941,full_name,,,
1521,Alexander Bernhardsson,,SWE,FWD,4.9,,,,,,,
1522,Thibaut Courtois,,BEL,GK,4.9,La Liga,Thibaut Courtois,laliga:thibaut-courtois,full_name,365f9f9d-fe95-5bb4-8560-5c2dcd6d946d,name+country,
1523,Mike Penders,,BEL,GK,3.5,Ligue 1,Mike Penders,1149148,full_name,,,
1524,Hans Vanaken,,BEL,MID,5.5,,,,,d3af3a08-c4d2-5253-aeee-6f989dfb170c,name+country,
1525,Matias Fernandez-Pardo,,BEL,FWD,5.6,,,,,,,
1526,Leandro Trossard,,BEL,MID,6.6,Premier League,Leandro Trossard,135666,full_name,0b1b3d36-514a-56c7-bbd2-52c8b8190660,name+country,
1527,Diego Moreira,,BEL,MID,4.7,Ligue 1,Diego Moreira,1142233,full_name,,,
1528,Ianique dos Santos Tavares,Stopira,CPV,DEF,3.5,,,,,,,
1529,Logan Evans Costa,Logan Costa,CPV,DEF,3.5,La Liga,Logan Costa,laliga:logan-costa,known_name,,,
1530,Jamiro Gregory Monteiro Alvarenga,Jamiro Monteiro,CPV,MID,4.6,,,,,,,
1531,Hélio Sandro Oliveira Alves Varela,Hélio Varela,CPV,MID,4.9,,,,,,,
1532,Gilson Benchimol Tavares,Gilson Benchimol,CPV,MID,5,,,,,,,
1533,Oumar Diakité,,CIV,FWD,5.3,,,,,,,
1534,Ange-Yoan Bonny,,CIV,FWD,4.9,,,,,,,
1535,Dominik Kotarski,,CRO,GK,4.4,,,,,,,
1536,Josko Gvardiol,,CRO,DEF,5,Premier League,Joško Gvardiol,964994,full_name,36ab7d14-983c-579b-bb04-67ed33fd4d7d,name+country,
1537,Mateo Kovacic,,CRO,MID,6,Premier League,Mateo Kovačić,136710,full_name,4c77cb6b-58e0-5860-bf14-cd1a466944bb,name+country,
1538,Keeto Thermoncy,,HAI,DEF,3.5,,,,,,,
1539,Dominique Simon,,HAI,MID,4.3,,,,,,,
1540,Lenny Joseph,,HAI,FWD,4.2,,,,,,,
1541,Noureddin Zaid Khaleel Bani Ateyah,Nour Bani Ateyah,JOR,GK,3.6,,,,,,,
1542,Ahmad Mohannad Talab Al Juaidi,Ahmad Al Juaidi,JOR,GK,3.6,,,,,,,
1543,Ehsan Nabil Farhan Haddad,Ehsan Haddad,JOR,DEF,3.5,,,,,,,
1544,Saed Ahmad Salameh Al Rosan,Saed Al Rosan,JOR,DEF,3.5,,,,,,,
1545,Anas Saeed Badawi,Anas Badawi,JOR,DEF,3.5,,,,,,,
1546,Raja'ei Ayed Fadel Hasan,Raja'ei Ayed,JOR,MID,4.5,,,,,,,
1547,Ali Iyad Ali Olwan,Ali Olwan,JOR,FWD,4.2,,,,,,,
1548,Gi-Hyuk Lee,Lee Gi-Hyuk,KOR,DEF,4.5,,,,,,,
1549,In-Beom Hwang,Hwang In-Beom,KOR,MID,5.8,Eredivisie,In Beom Hwang,fm:1790,full_name,d5737d5f-1bad-5d24-a963-16a247325d2b,name+country,
1550,Dong-Gyeong Lee,Lee Dong-Gyeong,KOR,MID,4.9,,,,,,,
1551,Montassar Talbi,,TUN,DEF,3.9,Ligue 1,Montassar Talbi,879618,full_name,838d4552-6892-538c-ac13-223ff17aeef5,name+country,
1552,Dylan Bronn,,TUN,DEF,3.6,,,,,6dfc960a-8e1b-59ef-8f5c-469d6b742b5d,name+country,
1553,Yan Valery,,TUN,DEF,3.9,,,,,,,
1554,Elias Achouri,,TUN,MID,4.8,,,,,,,
1555,Hannibal Mejbri,,TUN,MID,4.8,Premier League,Hannibal Mejbri,1009386,full_name,b036c8f4-372f-5015-bd7d-dbe9a119386e,name+country,
1556,Gédéon Kalulu,,COD,DEF,3.9,,,,,,,
1557,Gaël Kakuta,,COD,MID,4.6,,,,,,,
1558,Armando Obispo,,CUW,DEF,3.7,,,,,,,
1559,Deveron Fonville,,CUW,DEF,3.7,,,,,,,
1560,Jürgen Locadia,,CUW,FWD,4.1,,,,,,,
1561,Roozbeh Cheshmi,,IRN,MID,4.8,,,,,,,
1562,Kasra Taheri,,IRN,FWD,4.7,,,,,,,
1563,Jalal Hassan Hachim,Jalal Hassan,IRQ,GK,3.9,,,,,,,
1564,Mustafa Saadoon Abbood Al Korji,Mustafa Saadoon,IRQ,DEF,3.6,,,,,,,
1565,Ahmed Yahya Mahmood Al Hajjaj,Ahmed Yahya,IRQ,DEF,3.6,,,,,,,
1566,Dario Naamo,,IRQ,DEF,3.5,,,,,,,
1567,Jussef Nasrawe,Jussef Nasrawe,IRQ,MID,4.4,,,,,,,
1568,Ahmed Ihab Ahmed,Ahmed Qasem,IRQ,MID,4.4,Premier League,Ali Ahmed,1464637,unique_last_name,,,
1569,Diogo Meireles da Costa,Diogo Costa,POR,GK,4.9,,,,,3f0e1a87-f364-59b1-b4fb-2a9cd3cd0669,name+country,
1570,Rúben dos Santos Gato Alves Dias,Rúben Dias,POR,DEF,5,Premier League,Rúben Dias,318941,known_name,0be5efc4-6398-53c8-a9bb-5622b828ffb6,name+country,
1571,Nélson Cabral Semedo,Nélson Semedo,POR,DEF,4.3,Super Lig,Nelson Semedo,fm:3883,known_name,,,
1572,Bernardo Mota Veiga de Carvalho e Silva,Bernardo Silva,POR,MID,7.8,Premier League,Bernardo Silva,331209,known_name,59013121-ee41-5b8e-84e9-bc6aede3e708,name+country,1
1573,Cristiano Ronaldo dos Santos Aveiro,Cristiano Ronaldo,POR,FWD,10,Saudi Pro League,Cristiano Ronaldo,fm:11876,known_name,d3c07451-e83b-55e6-a734-7ec19f9e1083,name+country,
1574,Rafael Alexandre da Conceição Leão,Rafael Leão,POR,MID,7.8,Serie A,Rafael Leao,fm:2254,known_name,ec62bd5a-1969-528e-ab74-b283d6a100b5,name+country,
1575,Fahad Younis Ahmed Mohammed Baker,Fahad Younis,QAT,GK,3.7,,,,,,,
1576,Craig Gordon,,SCO,GK,3.5,,,,,,,
1577,Aaron Hickey,,SCO,DEF,4.3,Premier League,Aaron Hickey,966869,full_name,,,
1578,Ben Gannon-Doak,,SCO,MID,4.9,,,,,,,
1579,Ross Stewart,,SCO,FWD,5.4,,,,,,,
1580,Lawrence Shankland,,SCO,FWD,5.5,,,,,,,
1581,Christian Fassnacht,,SUI,MID,6.1,,,,,a7728cfa-e14d-58b2-b0d2-095867fc01f3,name+country,
1582,Zeki Amdouni,,SUI,FWD,4.9,Premier League,Zeki Amdouni,990550,full_name,,,
1583,Cedric Itten,,SUI,FWD,5.4,,,,,,,
1584,Ersin Destanoglu,,TUR,GK,4,,,,,,,
1585,Yusuf Akçiçek,,TUR,DEF,4,,,,,,,
1586,Çaglar Söyüncü,,TUR,DEF,4.4,Super Lig,Caglar Soyuncu,fm:1044,full_name,,,
1587,Aral Simsir,,TUR,MID,4.7,,,,,,,
1588,Demir Ege Tiknaz,,TUR,MID,4.4,,,,,,,
1589,Can Uzun,,TUR,MID,5.3,,,,,,,
1590,Yusuf Sari,,TUR,MID,5,Super Lig,Veysel Sari,fm:367321,unique_last_name,,,
1591,Aaron Tshibola,,COD,MID,4.9,,,,,,,
1592,Karim Hafez Ramadan Seif El Din,Karim Hafez,EGY,DEF,3.9,,,,,,,
1593,Nabil Emad Aly El Mahdy,Nabil Emad Dunga,EGY,MID,4.3,,,,,,,
1594,Mostafa Mohamed Zaki Abdelraouf,Mostafa Zico,EGY,MID,4.2,,,,,,,
1595,Aqtay Abdallah,Aqtay Abdallah,EGY,FWD,4.3,Ligue 1,Keyliane Abdallah,1844117,unique_last_name,,,
1596,Hamza Mohamed Abdelkarim Elsayed Selim,Hamza Abdelkarim,EGY,FWD,4.3,,,,,,,
1597,Mohamed Salah Hamed Mahrous Ghaly,Mohamed Salah,EGY,MID,10,Premier League,Mohamed Salah,159665,known_name,9fccedcf-6922-511b-9199-5ccc4d4b7397,name+country,
1598,Manuel Neuer,,GER,GK,5,,,,,fae907b8-dc21-5767-8030-c0736901a3f8,name+country,
1599,Nadiem Amiri,,GER,MID,6.3,Bundesliga,Nadiem Amiri,fm:5295,full_name,,,
1600,Jamal Musiala,,GER,MID,8,Bundesliga,Jamal Musiala,fm:2288,full_name,79aec5fe-66dd-5b4e-a04b-bac66c060d9e,name+country,3
1601,Felix Nmecha,,GER,MID,5.6,Bundesliga,Felix Nmecha,fm:715,full_name,,,
1602,Aleksandar Pavlovic,,GER,MID,5.5,Bundesliga,Aleksandar Pavlovic,fm:2298,full_name,,,
1603,Jamie Leweling,,GER,MID,6.4,Bundesliga,Jamie Leweling,fm:1515,full_name,,,
1604,Maximilian Beier,,GER,FWD,6.5,Bundesliga,Maximilian Beier,fm:710,full_name,,,
1609,Maya Yoshida,,JPN,DEF,3.7,MLS,Maya Yoshida,fm:39177,full_name,f19006bd-30c2-5dc6-a6b4-3f7e48c2bf0a,name+country,
1610,Ronaldo Dejesús,,PAR,DEF,3.8,,,,,,,
1611,Mateo Gamarra,Mateo Gamarra,PAR,DEF,3.9,,,,,,,
1612,Robert Piris Da Motta,,PAR,MID,4.7,,,,,,,
1613,Óscar Romero,,PAR,MID,4.6,,,,,,,
1614,Mathías Villasanti,,PAR,MID,4.6,,,,,,,
1615,Hugo Cuenca,,PAR,MID,4.8,,,,,,,
1616,Andrés Cubas,,PAR,MID,4.7,,,,,,,
1617,Álvaro Campuzano,,PAR,MID,4.6,,,,,,,
1618,Ángel Romero,,PAR,MID,4.9,,,,,,,
1619,Rodney Redes,,PAR,MID,4.8,,,,,,,
1620,Enso González,,PAR,MID,5,Premier League,Enso González,1402232,full_name,,,
1621,Diego González,,PAR,MID,5,,,,,,,
1665,Munir El Kajoui,,MAR,GK,4,,,,,,,
1666,Ibrahim Gomis,,MAR,GK,3.5,,,,,,,
1667,Yanis Benchaouch,,MAR,GK,3.5,,,,,,,
1668,Youssef Belammari,,MAR,DEF,3.6,,,,,,,
1669,Soufiane Bouftini,,MAR,DEF,4,,,,,,,
1670,Mohamed Chibi,,MAR,DEF,3.8,,,,,,,
1671,Sofiane Boufal,,MAR,MID,6.3,,,,,96300110-2618-5e5d-99e3-dba9e6785254,name+country,
1672,Imrân Louza,,MAR,MID,5.7,Premier League,Imrân Louza,965943,full_name,,,
1673,Soufiane El-Faouzi,,MAR,MID,4.9,,,,,,,
1674,Ayyoub Bouaddi,,MAR,MID,5.5,Ligue 1,Ayyoub Bouaddi,1564180,full_name,,,
1675,Marwane Saadane,,MAR,MID,4.7,Saudi Pro League,Marwane Saadane,fm:384276,full_name,,,
1676,Ayoube Amaimouni-Echghouyab,,MAR,FWD,4.3,,,,,,,
1677,Soufiane Benjdida,,MAR,FWD,4.7,,,,,,,
1678,Othmane Maamma,,MAR,MID,4.7,Premier League,Othmane Maamma,1515917,full_name,,,
1679,Tawfik Bentayeb,,MAR,FWD,4.7,Ligue 1,Tawfik Bentayeb,1103080,full_name,,,
1680,Yanis Begraoui,,MAR,MID,5,,,,,,,
1681,Sander Tangvik,,NOR,GK,3.5,,,,,,,
1682,Thelo Aasgaard,,NOR,MID,5.5,,,,,,,
1683,Fredrik Aursnes,,NOR,MID,6.5,Liga Portugal,Fredrik Aursnes,fm:728,full_name,,,
1684,Martin Ødegaard,,NOR,MID,7.7,Premier League,Martin Ødegaard,547410,full_name,,,
1685,Lorenzo Melgarejo,,PAR,MID,5.5,,,,,,,
1686,Rubén Lezcano,,PAR,MID,5,,,,,,,
1687,Carlos González,,PAR,FWD,5.7,,,,,,,
1688,Isidro Pitta,,PAR,FWD,5.9,,,,,,,
1689,Adrián Alcaraz,,PAR,FWD,4.5,,,,,,,
1690,Adam Bareiro,,PAR,FWD,5.7,,,,,,,
1691,Ronaldo Martínez,Ronaldo Martínez,PAR,MID,5,,,,,,,
1692,Robert Morales,,PAR,FWD,5.3,,,,,,,
1693,Ilay Camara,,SEN,DEF,3.8,,,,,,,
1694,Moustapha Mbow,,SEN,DEF,3.7,,,,,,,
1695,Bara Sapoko Ndiaye,,SEN,MID,4.5,Bundesliga,Bara Sapoko Ndiaye,fm:171123497,full_name,,,
1696,Sadio Mané,,SEN,MID,7.6,Saudi Pro League,Sadio Mane,fm:23191,full_name,701e1aae-bdfa-562a-8484-ecc062af28e2,name+country,
1697,Brandon Petersen,,RSA,GK,3.6,,,,,,,
1698,Sipho Chaine,,RSA,GK,3.7,,,,,,,
1699,Thabiso Monyane,,RSA,DEF,3.6,,,,,,,
1700,Olwethu Makhanya,,RSA,DEF,3.5,MLS,Olwethu Makhanya,fm:379762,full_name,,,
1701,Bradley Cross,,RSA,DEF,3.6,,,,,,,
1702,Thapelo Morena,,RSA,DEF,3.8,,,,,,,
1703,Lebohang Maboe,,RSA,MID,5.1,,,,,,,
1704,Kamogelo Sebelebele,,RSA,MID,4.5,,,,,,,
1705,Patrick Maswanganyi,,RSA,MID,5.9,,,,,,,
1706,Brooklyn Poggenpoel,,RSA,MID,4.3,,,,,,,
1707,Iqraam Rayners,,RSA,MID,5.3,,,,,,,
1708,Jarell Quansah,,ENG,DEF,4.4,Bundesliga,Jarell Quansah,fm:851,full_name,,,
1709,Reece James,,ENG,DEF,5.2,Premier League,Reece James,885908,full_name,,,
1710,Eberechi Eze,,ENG,MID,8,Premier League,Eberechi Eze,864921,full_name,,,
1711,Ollie Watkins,,ENG,FWD,7.9,Premier League,Ollie Watkins,555386,full_name,,,1
1712,Ivan Toney,,ENG,FWD,7.5,Saudi Pro League,Ivan Toney,fm:17715,full_name,,,
1713,Amine Sbaï,,MAR,FWD,4.8,Ligue 1,Amine Sbai,1392829,full_name,,,
1714,Sondre Langås,,NOR,DEF,4,Championship,Sondre Langas,fm:4091,full_name,,,
1939,Cristhian Loor,,ECU,GK,4,,,,,,,
1940,Deinner Ordóñez,Deinner Ordóñez,ECU,DEF,4.1,,,,,,,
1941,Fricio Caicedo,Fricio Caicedo,ECU,DEF,4,,,,,,,
1942,Ederson Castillo,Ederson Castillo,ECU,MID,4.2,Ligue 1,Romain Del Castillo,825681,unique_last_name,,,
1943,Darwin Guagua,,ECU,MID,4.8,,,,,,,
1944,Malcom DaCosta,,ECU,MID,3.8,,,,,,,
1945,Bruno Caicedo,Bruno Caicedo,ECU,MID,5.2,MLS,Bruno Caicedo,fm:397410,full_name,,,
1946,Luis Fragozo,,ECU,MID,5,,,,,,,
1947,Nilson Angulo,,ECU,MID,6,,,,,,,
1950,Abdulquddus bin Atiah bin Mohammed Atiah Khaoud,Abdulquddus Atiah,KSA,GK,4,,,,,,,
1951,Hassan bin Mohammed bin Osama Al Tambakti,Hassan Al Tambakti,KSA,DEF,4.5,,,,,1eb53d4b-8832-550d-a53e-b9f162bd27cc,name+country,
1952,Zakaria bin Siraj bin Ahmed Hawsawi,Zakaria Hawsawi,KSA,DEF,4,Saudi Pro League,Zakaria Hawsawi,fm:384506,known_name,,,
1953,Jehad bin Abdullatif bin Ahmed Thikri,Jehad Thikri,KSA,DEF,4,,,,,,,
1954,Moteb bin Saad bin Salim Al Naqi Al Harbi,Moteb Al Harbi,KSA,DEF,4.1,Saudi Pro League,Moteb Al Harbi,fm:384444,known_name,,,
1955,Salem bin Mohammed bin Shafi Al Dawsari,Salem Al Dawsari,KSA,MID,7.2,Saudi Pro League,Salem Al Dawsari,fm:384309,known_name,887f45c6-eab1-55f1-b636-edde8636b893,name+country,
1956,Alaa bin Mohsen bin Ahmed Al Hejji,Alaa Al Hejji,KSA,MID,5,Saudi Pro League,Alaa Hejji,fm:384266,unique_last_name,,,
1957,Nasser bin Essa bin Shafi Al Shardan Al Dawsari,Nasser Al Dawsari,KSA,MID,5.2,Saudi Pro League,Nasser Al Dawsari,fm:384285,known_name,14958643-cc31-5955-983f-0d8ae446f7ad,name+country,
1958,Mohammed bin Waheeb bin Saeed Abu Al Shamat,Mohammed Abu Al Shamat,KSA,MID,5.5,Saudi Pro League,Mohammed Abu Al Shamat,fm:384451,known_name,,,
1959,Saleh bin Waheeb bin Saeed Abu Al Shamat,Saleh Abu Al Shamat,KSA,FWD,5.3,Saudi Pro League,Saleh Abu Al Shamat,fm:384312,known_name,,,
1960,Abdullah bin Ibrahim bin Ahmed Al Salem,Abdullah Al Salem,KSA,FWD,5,Saudi Pro League,Abdullah Al Salem,fm:384265,known_name,,,
1961,Alphonso Davies,,CAN,DEF,4.9,,,,,9bd86bbe-c3e8-5d3e-b5cb-c57863c337b9,name+country,
1962,Zorhan Bassong,,CAN,DEF,3.7,,,,,,,
1963,Alistair Johnston,,CAN,DEF,4,,,,,ff5683f5-085c-5367-ab10-2d51ab0cc146,name+country,
1964,Moïse Bombito,,CAN,DEF,4.1,Ligue 1,Moise Bombito,1469180,full_name,,,
1965,Jamie Knight-Lebel,,CAN,DEF,3.7,,,,,,,
1966,Alfie Jones,,CAN,DEF,3.8,,,,,,,
1967,Stephen Eustaquio,,CAN,MID,5,,,,,2e0847c8-f1b2-53f7-822e-b6d242698d3c,name+country,
1968,Jacob Shaffelburg,,CAN,MID,5.2,MLS,Jacob Shaffelburg,fm:379326,full_name,,,
1969,Jayden Nelson,,CAN,MID,5,MLS,Jayden Nelson,fm:34018,full_name,,,
1970,Promise David,Promise David,CAN,FWD,5.4,Serie A,Jonathan David,fm:2194,unique_last_name,,,
1971,Lawrence Ati Zigi,,GHA,GK,4,,,,,43526336-5f5e-5c9a-95e4-a4980e46f985,name+country,
1972,Joseph Anang,,GHA,GK,3.6,,,,,,,
1973,Abdul Baba,,GHA,DEF,3.9,,,,,,,
1974,Alidu Seidu,,GHA,DEF,3.9,Ligue 1,Alidu Seidu,1049515,full_name,c040a803-75b3-5621-8397-f7ae4c9c5ac2,name+country,
1975,Kojo Peprah Oppong,,GHA,DEF,3.5,Ligue 1,Kojo Peprah Oppong,1473092,full_name,,,
1976,Jonas Adjetey,,GHA,DEF,3.5,Bundesliga,Jonas Adjetey,fm:366731,full_name,,,
1977,Abdul Mumin,,GHA,DEF,3.7,La Liga,Abdul Mumin,laliga:abdul-mumin,full_name,,,
1978,Alexander Djiku,,GHA,DEF,4,,,,,4fffc80d-95a3-56dc-9e52-4b833003e239,name+country,
1979,Marvin Senaya,,GHA,DEF,3.5,,,,,,,
1980,Jerome Opoku,,GHA,DEF,3.8,,,,,,,
1981,Gideon Mensah,,GHA,DEF,3.9,,,,,a216db62-5d30-532e-961b-94f4263b5e6d,name+country,
1982,Caleb Yirenkyi,,GHA,MID,4.7,,,,,,,
1983,Thomas Partey,,GHA,MID,6.2,La Liga,Thomas Partey,laliga:thomas-partey,full_name,50a58577-5273-5dea-8d94-05f8a626d945,name+country,
1984,Elisha Owusu,,GHA,MID,5.3,Eredivisie,Tyrone Owusu,fm:336206,unique_last_name,5fc76fc4-038f-5213-bb6e-7bc97d4a4d25,name+country,
1985,Kwasi Sibo,,GHA,MID,4.7,La Liga,Kwasi Sibo,laliga:kwasi-sibo,full_name,,,
1986,Jordan Ayew,,GHA,FWD,5.3,Premier League,Jordan Ayew,103045,full_name,da35b66a-4f31-527e-8e22-a9001af9999b,name+country,
1987,Iñaki Williams,Iñaki Williams,GHA,FWD,5.9,La Liga,Iñaki Williams,laliga:inaki-williams,full_name,b6364f96-076b-536f-b1ac-5d4b77c84007,name+country,
1988,Ernest Nuamah,,GHA,MID,5,Ligue 1,Ernest Nuamah,1202024,full_name,,,
1989,Prince Adu,,GHA,FWD,4,,,,,,,
1990,Abdul Fatawu,,GHA,FWD,6.4,Championship,Issahaku Fatawu,fm:3854,unique_last_name,,,
1991,Christopher Bonsu Baah,,GHA,FWD,4.5,Saudi Pro League,Christopher Bonsu Baah,fm:27477,full_name,,,
1992,Antoine Semenyo,,GHA,FWD,7.2,Premier League,Antoine Semenyo,934354,full_name,0a97b6fc-3d17-58d6-8fea-56833c09d228,name+country,
1993,Brandon Thomas-Asante,,GHA,FWD,5.1,,,,,,,
1994,Kamaldeen Sulemana,,GHA,FWD,5.1,Serie A,Kamaldeen Sulemana,fm:3924,full_name,5d1ac2b3-3c85-5867-abc0-1d22cf665619,name+country,
1995,Eric García,Eric García,ESP,DEF,4.5,La Liga,Eric García,laliga:eric-garcia,full_name,ec71db9a-c8c9-50b9-9fc9-c10b981ff1c2,name+country,
1996,Marc Pubill,,ESP,DEF,4.2,La Liga,Marc Pubill,laliga:marc-pubill,full_name,,,
1997,Mikel Merino,,ESP,MID,6.2,Premier League,Mikel Merino,592010,full_name,,,1
1998,Fabián Ruiz,,ESP,MID,6.8,Ligue 1,Fabián Ruiz,784655,full_name,,,1
1999,Pablo Páez Gavira,Gavi,ESP,MID,6.5,La Liga,Gavi,laliga:gavi,known_name,33f6312a-41c2-51c3-b52f-51530fe1dfe1,name+country,
2000,Nico Williams,,ESP,MID,7.8,La Liga,Nico Williams,laliga:nico-williams,full_name,9d9631db-a838-5a9c-9693-453b93be76f3,name+country,2
2001,Joe Gauci,,AUS,GK,3.9,,,,,,,
2002,Harry Souttar,,AUS,DEF,4.1,Premier League,Harry Souttar,808680,full_name,878a7ce3-766a-5a65-aaa4-623f64eb3a12,name+country,
2003,Cameron Devlin,,AUS,MID,4.7,,,,,78950f82-cd0e-5145-8f0e-23931014457e,name+country,
2004,Jackson Irvine,,AUS,MID,5.6,Bundesliga,Jackson Irvine,fm:5362,full_name,9b617354-2202-50f4-a073-1b60077c3c72,name+country,
2005,Mathew Leckie,,AUS,MID,4.7,,,,,ce7a8439-8c5c-55b5-83c6-9b155e4904b5,name+country,
2006,Mohamed Touré,Mohamed Touré,AUS,FWD,5,,,,,,,
2007,Tete Yengi,,AUS,FWD,4.3,,,,,,,
2008,Brandon Borrello,,AUS,FWD,4.4,,,,,,,
2009,Ahmed Tagnaouti,,MAR,GK,3.5,,,,,,,
2010,Yassine Bounou,,MAR,GK,4.7,,,,,9357cd42-9f53-526a-90e8-bad57d9e569e,name+country,
2011,Nayef Aguerd,,MAR,DEF,4.3,Ligue 1,Nayef Aguerd,877102,full_name,432b256a-fbcb-5af1-8243-17362f96fe06,name+country,
2012,Achraf Hakimi,,MAR,DEF,6,Ligue 1,Achraf Hakimi,814594,full_name,c397c574-3d7b-5d82-befe-bdc1785e2356,name+country,
2013,Chadi Riad,,MAR,DEF,3.9,Premier League,Chadi Riad,1064218,full_name,,,
2014,Noussair Mazraoui,,MAR,DEF,4.4,Premier League,Noussair Mazraoui,847030,full_name,a8260ea4-8e78-545f-a1c9-bfd08b8bf8fb,name+country,
2015,Redouane Halhal,,MAR,DEF,3.5,,,,,,,
2016,Issa Diop,,MAR,DEF,4.5,,,,,,,
2017,Zakaria El Ouahdi,,MAR,DEF,4.1,,,,,,,
2018,Sofyan Amrabat,,MAR,MID,5.9,La Liga,Sofyan Amrabat,laliga:sofyan-amrabat,full_name,c29e9f2d-c653-523b-b189-1cc0d7b7f120,name+country,
2019,Neil El Aynaoui,,MAR,MID,5.6,,,,,,,
2020,Brahim Díaz,,MAR,MID,6.4,La Liga,Brahim Díaz,laliga:brahim-diaz,full_name,,,
2021,Azzedine Ounahi,,MAR,MID,6.2,La Liga,Azzedine Ounahi,laliga:azzedine-ounahi,full_name,e7291054-da52-505c-877b-02f69901b82e,name+country,
2022,Bilal El Khannouss,,MAR,MID,6.2,,,,,,,
2023,Soufiane Rahimi,,MAR,FWD,5.6,,,,,,,
2024,Abde Ezzalzouli,,MAR,FWD,5.3,La Liga,Abde Ezzalzouli,laliga:abde-ezzalzouli,full_name,89a7523e-d3bb-552a-bd28-055c67b4093c,name+country,
2025,Chemsdine Talbi,,MAR,FWD,4.4,,,,,,,
2026,Fidel Escobar,,PAN,DEF,3.8,,,,,1096458b-aed2-560e-b092-35b55ab4c08c,name+country,
2027,Edgardo Fariña,,PAN,DEF,3.9,,,,,,,
2028,Alberto Quintero,,PAN,FWD,4.2,,,,,,,
2029,Azarías Londoño,,PAN,FWD,4.4,,,,,,,
2030,Tomás Rodríguez,Tomás Rodríguez,PAN,FWD,4.5,Premier League,Jay Rodriguez,26989,unique_last_name,,,
2031,Sergiño Dest,,USA,DEF,4.3,,,,,72d7b12a-854f-5f6c-967e-8073b3883215,name+country,
2032,Miles Robinson,Miles Robinson,USA,DEF,4,MLS,Miles Robinson,fm:379301,full_name,,,
2033,Tyler Adams,,USA,MID,5.3,,,,,3d6cd9a3-7ca6-576a-a0de-1884f75b170a,name+country,
2034,Haji Wright,,USA,FWD,5.3,Championship,Haji Wright,fm:4320,full_name,bff228c8-6f9f-5256-af33-f2396bb5b9e3,name+country,
2035,Álex Zendejas,,USA,MID,5.5,,,,,,,
2036,Robin Roefs,,NED,GK,4.6,,,,,,,
2037,Jurriën Timber,,NED,DEF,5.2,Premier League,Jurriën Timber,958959,full_name,319e9e15-a934-5b45-999c-963785b24b53,name+country,
2038,Guus Til,,NED,MID,4.9,Eredivisie,Guus Til,fm:2083,full_name,,,
2039,Mats Wieffer,,NED,MID,4.8,Premier League,Mats Wieffer,959628,full_name,,,
2040,Frenkie de Jong,,NED,MID,7,La Liga,Frenkie de Jong,laliga:frenkie-de-jong,full_name,0801ed69-9d1a-586e-a76c-8bf777c0a2e3,name+country,
2041,Marten de Roon,,NED,MID,5.1,Serie A,Marten De Roon,fm:1880,full_name,455e468b-8ae7-5f18-b87f-33b3a528629a,name+country,
2042,Justin Kluivert,,NED,MID,6.5,,,,,,,
2043,Memphis Depay,,NED,FWD,7.4,,,,,64433729-3f40-524c-92b9-0c99132cc46a,name+country,1
2044,Crysencio Summerville,,NED,MID,5.3,Premier League,Crysencio Summerville,917005,full_name,,,
2045,Abdelatif Ramdane,,ALG,GK,4,,,,,,,
2046,Oussama Benbot,,ALG,GK,4.2,,,,,,,
2047,Samir Chergui,,ALG,DEF,4,,,,,,,
2048,Mohamed Tougaï,,ALG,DEF,4,,,,,,,
2049,Nabil Bentaleb,,ALG,MID,5.5,Ligue 1,Nabil Bentaleb,368120,full_name,,,
2050,Cristian Volpato,,AUS,MID,6,Serie A,Cristian Volpato,fm:12135,full_name,,,
2051,Christopher Opéri,,CIV,DEF,4,,,,,,,
2052,Piero Hincapié,,ECU,DEF,4.7,,,,,92219821-3e6e-5739-b45b-92e00064b555,name+country,
2053,Willian Pacho,,ECU,DEF,4.4,Ligue 1,Willian Pacho,979480,full_name,,,
2054,Jonas Urbig,,GER,GK,4,,,,,,,
2055,JD Gunn,,PAN,GK,4,,,,,,,
2056,Iván Anderson,,PAN,DEF,4,,,,,,,
2057,José Murillo,José Murillo,PAN,DEF,4.3,Super Lig,Amir Murillo,fm:6030,unique_last_name,,,
2058,Víctor Griffith,,PAN,MID,5.3,,,,,,,
2059,Abdulrahman bin Salem bin Fadhel Al Sanbi,Abdulrahman Al Sanbi,KSA,GK,4,,,,,,,
2060,Tyler Fletcher,Tyler Fletcher,SCO,MID,4.7,,,,,,,
2061,Pape Sy,,SEN,GK,3.8,,,,,,,
2062,Herman Johansson,,SWE,MID,4.4,MLS,Herman Johansson,fm:365681,full_name,,,
2063,Joaquín Piquerez,,URU,DEF,4.5,,,,,,,
2064,Rodrigo Bentancur,,URU,MID,6,Premier League,Rodrigo Bentancur,791190,full_name,8bbb7a40-64f3-5bfe-9ac8-f642c7eaa6ba,name+country,
2065,Rodrigo Zalazar,,URU,MID,6,,,,,,,
2066,Jaouen Hadjam,,ALG,DEF,3.8,,,,,,,
2067,Mladen Jurkas,,BIH,GK,3.5,,,,,,,
2068,Derrick Luckassen,,GHA,DEF,3.7,,,,,,,
2069,Shahriyar Moghanlou,,IRN,FWD,4.7,,,,,,,
2070,Wi-Je Cho,Cho Wi-Je,KOR,DEF,3.7,,,,,,,
2071,Sebastian Nanasi,,SWE,MID,5.3,Ligue 1,Sebastian Nanasi,962068,full_name,,,
2072,Assan Ouédraogo,,GER,MID,4.5,Bundesliga,Assan Ouedraogo,fm:1664,full_name,,,
2073,Éderson José dos Santos Lourenço da Silva,Éderson,BRA,MID,6.3,Serie A,Ederson,fm:1864,known_name,98830216-d189-5e96-b4cf-9c220d8c3aa8,name+country,
2074,Lutsharel Geertruida,,NED,DEF,4.3,,,,,,,
2075,Dejan Ljubicic,,AUT,MID,5,,,,,,,
2076,Shuto Machino,,JPN,FWD,4.8,Bundesliga,Shuto Machino,fm:5276,full_name,64aa68f0-5594-5a69-a059-439d1a746482,name+country,
2077,Garven Metusala,,HAI,DEF,3.5,,,,,,,
2078,Trevoh Chalobah,,ENG,DEF,4.5,Premier League,Trevoh Chalobah,826134,full_name,,,
