source,match_id,date,team,team_code,player,player_id,minute,penalty,own_goal
wc_history,WC-008ee188-ddec-5bd6-9ac8-b6ff21046bf8,2002-06-13,Mexico,MEX,Jared Borgetti,d7d8be4c-3701-503e-8c2f-6a581e779e63,34,False,False
wc_history,WC-008ee188-ddec-5bd6-9ac8-b6ff21046bf8,2002-06-13,Italy,ITA,Alessandro Del Piero,3cc6bfda-81a3-5669-a0ec-8099abdcac67,85,False,False
wc_history,WC-00f2c6c7-b83a-595b-a500-0f3a4c1f9fd3,1958-06-29,Sweden,SWE,Nils Liedholm,20f7a428-7b1c-5479-ad6b-f793406201be,4,False,False
wc_history,WC-00f2c6c7-b83a-595b-a500-0f3a4c1f9fd3,1958-06-29,Brazil,BRA,Vavá,489edf7d-e5bf-53ce-9aff-68cbc2f67e99,9,False,False
wc_history,WC-00f2c6c7-b83a-595b-a500-0f3a4c1f9fd3,1958-06-29,Brazil,BRA,Vavá,489edf7d-e5bf-53ce-9aff-68cbc2f67e99,32,False,False
wc_history,WC-00f2c6c7-b83a-595b-a500-0f3a4c1f9fd3,1958-06-29,Brazil,BRA,Pelé,706445cd-23b9-56b6-8d64-0d9a3f6e8125,55,False,False
wc_history,WC-00f2c6c7-b83a-595b-a500-0f3a4c1f9fd3,1958-06-29,Brazil,BRA,Mário Zagallo,a83eec9f-c4f0-53ff-8e06-054702a8a6cc,68,False,False
wc_history,WC-00f2c6c7-b83a-595b-a500-0f3a4c1f9fd3,1958-06-29,Sweden,SWE,Agne Simonsson,929f6387-c1e1-58ec-9e44-92609e23c913,80,False,False
wc_history,WC-00f2c6c7-b83a-595b-a500-0f3a4c1f9fd3,1958-06-29,Brazil,BRA,Pelé,706445cd-23b9-56b6-8d64-0d9a3f6e8125,90,False,False
wc_history,WC-0152a883-b8f6-5656-b596-16bd5050b7ec,2022-12-06,Portugal,PRT,Gonçalo Ramos,6f21dc82-a68c-550d-8243-ec6c8f3ddad6,17,False,False
wc_history,WC-0152a883-b8f6-5656-b596-16bd5050b7ec,2022-12-06,Portugal,PRT,Pepe,0d5c3b8f-a7a5-5ad1-8abb-8500f663119e,33,False,False
wc_history,WC-0152a883-b8f6-5656-b596-16bd5050b7ec,2022-12-06,Portugal,PRT,Gonçalo Ramos,6f21dc82-a68c-550d-8243-ec6c8f3ddad6,51,False,False
wc_history,WC-0152a883-b8f6-5656-b596-16bd5050b7ec,2022-12-06,Portugal,PRT,Raphaël Guerreiro,18373958-82c5-5b29-9187-8643469559cb,55,False,False
wc_history,WC-0152a883-b8f6-5656-b596-16bd5050b7ec,2022-12-06,Switzerland,CHE,Manuel Akanji,5c961558-f213-5b5d-b3b5-3043ed4ab2ab,58,False,False
wc_history,WC-0152a883-b8f6-5656-b596-16bd5050b7ec,2022-12-06,Portugal,PRT,Gonçalo Ramos,6f21dc82-a68c-550d-8243-ec6c8f3ddad6,67,False,False
wc_history,WC-0152a883-b8f6-5656-b596-16bd5050b7ec,2022-12-06,Portugal,PRT,Rafael Leão,ec62bd5a-1969-528e-ab74-b283d6a100b5,90'+2,False,False
wc_history,WC-01a623d2-9dcd-5624-a054-e47c0f6a1238,1950-07-16,Brazil,BRA,Friaça,4b83b01d-4428-5b91-92bd-ff88d2bfbc1b,47,False,False
wc_history,WC-01a623d2-9dcd-5624-a054-e47c0f6a1238,1950-07-16,Uruguay,URY,Juan Alberto Schiaffino,7bc88bee-0031-58c7-bbae-c51b577a2fca,66,False,False
wc_history,WC-01a623d2-9dcd-5624-a054-e47c0f6a1238,1950-07-16,Uruguay,URY,Alcides Ghiggia,b0ad567b-bb18-5345-a79e-cea117e60fbf,79,False,False
wc_history,WC-01bee1d0-3328-5d4e-9c30-d4f828e25d42,1938-06-05,Czechoslovakia,CSK,Josef Košťálek,388febcc-5a08-5bd0-9722-468ce2384e5b,93,False,False
wc_history,WC-01bee1d0-3328-5d4e-9c30-d4f828e25d42,1938-06-05,Czechoslovakia,CSK,Josef Zeman,5e27571a-bb73-5943-ac96-f74e867f7f18,111,False,False
wc_history,WC-01bee1d0-3328-5d4e-9c30-d4f828e25d42,1938-06-05,Czechoslovakia,CSK,Oldřich Nejedlý,f35407ce-69f9-5252-9bdf-0d3e842402fe,118,False,False
wc_history,WC-02035e62-390d-517e-98ca-5e52feb17737,2022-12-09,Argentina,ARG,Nahuel Molina,c913aa8e-5ee7-5dfa-a9de-4a56e9b97889,35,False,False
wc_history,WC-02035e62-390d-517e-98ca-5e52feb17737,2022-12-09,Argentina,ARG,Lionel Messi,815f9a08-b302-5959-bf1a-759cf2a34a56,73,True,False
wc_history,WC-02035e62-390d-517e-98ca-5e52feb17737,2022-12-09,Netherlands,NLD,Wout Weghorst,252ab1fc-b508-50f1-95e3-c2210ad8efe1,83,False,False
wc_history,WC-02035e62-390d-517e-98ca-5e52feb17737,2022-12-09,Netherlands,NLD,Wout Weghorst,252ab1fc-b508-50f1-95e3-c2210ad8efe1,90'+11,False,False
wc_history,WC-024e4d02-646d-5b19-9c71-27570a3365f7,1998-06-26,Argentina,ARG,Mauricio Pineda,3c1b3306-2b23-5d88-830d-c649f293029e,36,False,False
wc_history,WC-0331dca2-ef3b-511d-a5b6-f0d4ff1ba8cc,1998-06-24,Spain,ESP,Fernando Hierro,eeb4eadb-5ff1-5396-9016-1114c1431539,6,True,False
wc_history,WC-0331dca2-ef3b-511d-a5b6-f0d4ff1ba8cc,1998-06-24,Spain,ESP,Luis Enrique,cdd14a3e-985b-5748-91d5-da7c588498d3,18,False,False
wc_history,WC-0331dca2-ef3b-511d-a5b6-f0d4ff1ba8cc,1998-06-24,Spain,ESP,Fernando Morientes,0f91e804-272c-5835-9e89-b0e467deeaf4,55,False,False
wc_history,WC-0331dca2-ef3b-511d-a5b6-f0d4ff1ba8cc,1998-06-24,Bulgaria,BGR,Emil Kostadinov,c64b0df6-e42c-5452-871c-7f300eed3521,58,False,False
wc_history,WC-0331dca2-ef3b-511d-a5b6-f0d4ff1ba8cc,1998-06-24,Spain,ESP,Fernando Morientes,0f91e804-272c-5835-9e89-b0e467deeaf4,81,False,False
wc_history,WC-0331dca2-ef3b-511d-a5b6-f0d4ff1ba8cc,1998-06-24,Spain,ESP,Georgi Bachev,51012982-bd70-5467-8c7f-f3c66acb2ec5,88,False,True
wc_history,WC-0331dca2-ef3b-511d-a5b6-f0d4ff1ba8cc,1998-06-24,Spain,ESP,Kiko,76d6714b-76e0-58f7-9a37-101b0e0ba4f5,90'+4,False,False
wc_history,WC-03a70d96-ad94-56e9-b9d4-a9d0e3e33c25,2018-06-14,Russia,RUS,Yury Gazinsky,80650796-37ca-5480-9734-c12065fd0c1c,12,False,False
wc_history,WC-03a70d96-ad94-56e9-b9d4-a9d0e3e33c25,2018-06-14,Russia,RUS,Denis Cheryshev,0a7b8993-f8c5-5286-98db-74d23d17a513,43,False,False
wc_history,WC-03a70d96-ad94-56e9-b9d4-a9d0e3e33c25,2018-06-14,Russia,RUS,Artem Dzyuba,709adc2b-8004-53f7-9f46-277c6da8bfe9,71,False,False
wc_history,WC-03a70d96-ad94-56e9-b9d4-a9d0e3e33c25,2018-06-14,Russia,RUS,Denis Cheryshev,0a7b8993-f8c5-5286-98db-74d23d17a513,90'+1,False,False
wc_history,WC-03a70d96-ad94-56e9-b9d4-a9d0e3e33c25,2018-06-14,Russia,RUS,Aleksandr Golovin,74b6aee6-4aff-5949-bc8e-6ba96630cbd4,90'+4,False,False
wc_history,WC-041042a3-517a-595f-9f7d-4f524f0cfbf7,2006-06-25,England,ENG,David Beckham,7e2d304a-b785-50b0-8d73-29e7ee367cee,60,False,False
wc_history,WC-04644fa1-1c18-5b9f-b104-4d140cdf3909,1982-06-15,Scotland,SCO,Kenny Dalglish,2b905157-1752-5231-8b28-9f9894f4bf27,18,False,False
wc_history,WC-04644fa1-1c18-5b9f-b104-4d140cdf3909,1982-06-15,Scotland,SCO,John Wark,c37a1c0d-a9d5-52ca-970b-6e3c4d7f02c9,29,False,False
wc_history,WC-04644fa1-1c18-5b9f-b104-4d140cdf3909,1982-06-15,Scotland,SCO,John Wark,c37a1c0d-a9d5-52ca-970b-6e3c4d7f02c9,32,False,False
wc_history,WC-04644fa1-1c18-5b9f-b104-4d140cdf3909,1982-06-15,New Zealand,NZL,Steve Sumner,77667b73-3716-5a8f-b831-07685951a375,54,False,False
wc_history,WC-04644fa1-1c18-5b9f-b104-4d140cdf3909,1982-06-15,New Zealand,NZL,Steve Wooddin,78ece2e6-779d-5de8-8960-5e0b13da7ade,64,False,False
wc_history,WC-04644fa1-1c18-5b9f-b104-4d140cdf3909,1982-06-15,Scotland,SCO,John Robertson,4b403c2d-12b3-5dc8-8114-60d30fdadaf0,73,False,False
wc_history,WC-04644fa1-1c18-5b9f-b104-4d140cdf3909,1982-06-15,Scotland,SCO,Steve Archibald,592a5c21-6ce6-5375-a1d4-539f23534154,79,False,False
wc_history,WC-04662c35-40c5-5478-a96f-a2381db96bd4,1958-06-08,Hungary,HUN,József Bozsik,9e8953f0-6381-5ffd-ba6e-c4bfb162b1a6,5,False,False
wc_history,WC-04662c35-40c5-5478-a96f-a2381db96bd4,1958-06-08,Wales,WAL,John Charles,eeac4ad9-eb4c-5101-ad25-0ad3213ce31e,27,False,False
wc_history,WC-0469148c-70f7-59d4-b8a4-8f18f31717e7,1954-06-26,Uruguay,URY,Carlos Borges,bf12886e-066a-5247-9fb8-f67ec864f26f,5,False,False
wc_history,WC-0469148c-70f7-59d4-b8a4-8f18f31717e7,1954-06-26,England,ENG,Nat Lofthouse,65f29b1b-6616-5101-b682-32f4c7792f0d,16,False,False
wc_history,WC-0469148c-70f7-59d4-b8a4-8f18f31717e7,1954-06-26,Uruguay,URY,Obdulio Varela,85160f50-f680-5047-aad7-8b34a4cf54ff,39,False,False
wc_history,WC-0469148c-70f7-59d4-b8a4-8f18f31717e7,1954-06-26,Uruguay,URY,Juan Alberto Schiaffino,7bc88bee-0031-58c7-bbae-c51b577a2fca,46,False,False
wc_history,WC-0469148c-70f7-59d4-b8a4-8f18f31717e7,1954-06-26,England,ENG,Tom Finney,39e595ed-7939-5cec-9ebe-02ec44e6a1e6,67,False,False
wc_history,WC-0469148c-70f7-59d4-b8a4-8f18f31717e7,1954-06-26,Uruguay,URY,Javier Ambrois,cced91cb-475d-58f0-8c2d-99c4823122dc,78,False,False
wc_history,WC-0470758b-cef1-57e8-9636-05d445db4e34,2006-06-15,England,ENG,Peter Crouch,24b52d4f-98ed-532b-bc2b-f3d0bd134ebc,83,False,False
wc_history,WC-0470758b-cef1-57e8-9636-05d445db4e34,2006-06-15,England,ENG,Steven Gerrard,1c3e15e2-1ad3-521e-9797-24853b631906,90'+1,False,False
wc_history,WC-04ca0c6e-0f02-5e9a-8166-3299398923fb,1990-06-26,England,ENG,David Platt,c57771e0-f11f-500a-bcfd-2575d163b59e,119,False,False
wc_history,WC-051116ed-17f1-555a-877f-1ac6c47b3dc5,1978-06-18,West Germany,DEU,Rüdiger Abramczik,e889d245-78d9-5729-97e3-cf7880af3e01,3,False,False
wc_history,WC-051116ed-17f1-555a-877f-1ac6c47b3dc5,1978-06-18,Netherlands,NLD,Arie Haan,83113e72-71c2-5e30-82c2-6360791a29ad,27,False,False
wc_history,WC-051116ed-17f1-555a-877f-1ac6c47b3dc5,1978-06-18,West Germany,DEU,Dieter Müller,041a86f9-d555-581f-ac6a-824b62500b20,70,False,False
wc_history,WC-051116ed-17f1-555a-877f-1ac6c47b3dc5,1978-06-18,Netherlands,NLD,René van de Kerkhof,5e247992-e385-5992-9f09-4221a646bd33,82,False,False
wc_history,WC-055de8b6-6473-548b-b1e9-1af704058d6a,2002-06-03,Turkey,TUR,Hasan Şaş,c030af0a-6cbe-5bc4-a76d-ddba7a01bd69,45'+2,False,False
wc_history,WC-055de8b6-6473-548b-b1e9-1af704058d6a,2002-06-03,Brazil,BRA,Ronaldo,c6d7a149-4d7b-59f8-8b38-6acaa67f72f5,50,False,False
wc_history,WC-055de8b6-6473-548b-b1e9-1af704058d6a,2002-06-03,Brazil,BRA,Rivaldo,3bf52051-d43a-5b2b-9dbc-281ba13f5969,87,True,False
wc_history,WC-0597a127-9b28-59be-ad84-b9361e49f7f5,1990-06-19,Yugoslavia,YUG,Safet Sušić,a09b90de-3ca8-5b1a-a9bc-bb59f8f8688b,5,False,False
wc_history,WC-0597a127-9b28-59be-ad84-b9361e49f7f5,1990-06-19,Yugoslavia,YUG,Darko Pančev,f7b721f6-8811-53cd-82c0-e85b083678c2,9,False,False
wc_history,WC-0597a127-9b28-59be-ad84-b9361e49f7f5,1990-06-19,United Arab Emirates,ARE,Ali Thani Jumaa,51eb64a5-e886-5277-ba6d-a75453cae771,22,False,False
wc_history,WC-0597a127-9b28-59be-ad84-b9361e49f7f5,1990-06-19,Yugoslavia,YUG,Darko Pančev,f7b721f6-8811-53cd-82c0-e85b083678c2,46,False,False
wc_history,WC-0597a127-9b28-59be-ad84-b9361e49f7f5,1990-06-19,Yugoslavia,YUG,Robert Prosinečki,9e01eb0f-2745-5595-9caf-8a179645cb66,90'+3,False,False
wc_history,WC-059b6ae2-8f6c-5429-875d-de72062b5ff3,1934-06-03,Czechoslovakia,CSK,Oldřich Nejedlý,f35407ce-69f9-5252-9bdf-0d3e842402fe,21,False,False
wc_history,WC-059b6ae2-8f6c-5429-875d-de72062b5ff3,1934-06-03,Germany,DEU,Rudolf Noack,5ee61508-ae4e-5fa3-bab6-f56c4bcf70fa,62,False,False
wc_history,WC-059b6ae2-8f6c-5429-875d-de72062b5ff3,1934-06-03,Czechoslovakia,CSK,Oldřich Nejedlý,f35407ce-69f9-5252-9bdf-0d3e842402fe,69,False,False
wc_history,WC-059b6ae2-8f6c-5429-875d-de72062b5ff3,1934-06-03,Czechoslovakia,CSK,Oldřich Nejedlý,f35407ce-69f9-5252-9bdf-0d3e842402fe,80,False,False
wc_history,WC-05cdf6e8-41e5-5bcc-b93e-57526527120d,1954-06-17,Belgium,BEL,Léopold Anoul,c20a574e-b144-5286-8ab3-19b9a000eaea,5,False,False
wc_history,WC-05cdf6e8-41e5-5bcc-b93e-57526527120d,1954-06-17,England,ENG,Ivor Broadis,14701f2b-e836-5df1-853d-c915ed0403c9,26,False,False
wc_history,WC-05cdf6e8-41e5-5bcc-b93e-57526527120d,1954-06-17,England,ENG,Nat Lofthouse,65f29b1b-6616-5101-b682-32f4c7792f0d,36,False,False
wc_history,WC-05cdf6e8-41e5-5bcc-b93e-57526527120d,1954-06-17,England,ENG,Ivor Broadis,14701f2b-e836-5df1-853d-c915ed0403c9,63,False,False
wc_history,WC-05cdf6e8-41e5-5bcc-b93e-57526527120d,1954-06-17,Belgium,BEL,Henri Coppens,beb49f67-5c24-57ab-954e-fde268c5631b,67,False,False
wc_history,WC-05cdf6e8-41e5-5bcc-b93e-57526527120d,1954-06-17,Belgium,BEL,Léopold Anoul,c20a574e-b144-5286-8ab3-19b9a000eaea,71,False,False
wc_history,WC-05cdf6e8-41e5-5bcc-b93e-57526527120d,1954-06-17,England,ENG,Nat Lofthouse,65f29b1b-6616-5101-b682-32f4c7792f0d,91,False,False
wc_history,WC-05cdf6e8-41e5-5bcc-b93e-57526527120d,1954-06-17,Belgium,BEL,Jimmy Dickinson,cef27d13-4a18-5960-83ab-b0521d968fc7,94,False,True
wc_history,WC-05e1e8a7-ce5d-569a-a127-1e5d86c27c7d,1970-06-10,West Germany,DEU,Gerd Müller,cc40fa15-a4e1-53ff-8b63-30280ac05f5f,19,False,False
wc_history,WC-05e1e8a7-ce5d-569a-a127-1e5d86c27c7d,1970-06-10,West Germany,DEU,Gerd Müller,cc40fa15-a4e1-53ff-8b63-30280ac05f5f,26,False,False
wc_history,WC-05e1e8a7-ce5d-569a-a127-1e5d86c27c7d,1970-06-10,West Germany,DEU,Gerd Müller,cc40fa15-a4e1-53ff-8b63-30280ac05f5f,39,False,False
wc_history,WC-05e1e8a7-ce5d-569a-a127-1e5d86c27c7d,1970-06-10,Peru,PER,Teófilo Cubillas,9c3f4876-4e13-5142-bfd2-7b15191d853e,44,False,False
wc_history,WC-05e8f1f5-9b45-5605-908f-c6e2b97868c1,2018-07-07,England,ENG,Harry Maguire,90244763-435a-59fc-8de2-491bbb128843,30,False,False
wc_history,WC-05e8f1f5-9b45-5605-908f-c6e2b97868c1,2018-07-07,England,ENG,Dele Alli,9b3e025f-4743-587d-b29b-b20daf8b9b02,59,False,False
wc_history,WC-05f0c30c-6970-5c63-b0a6-e75b2454ddfb,2022-12-14,France,FRA,Théo Hernandez,cdc01cfe-ba98-5564-8c2c-73430cecc07e,5,False,False
wc_history,WC-05f0c30c-6970-5c63-b0a6-e75b2454ddfb,2022-12-14,France,FRA,Randal Kolo Muani,d5697baa-0215-515a-98aa-e87bf7e85577,79,False,False
wc_history,WC-0611b1aa-82f2-5c1d-b416-abe25a4bcea7,1962-06-10,Brazil,BRA,Garrincha,5d98496e-60cc-555e-a138-b918f80168ca,31,False,False
wc_history,WC-0611b1aa-82f2-5c1d-b416-abe25a4bcea7,1962-06-10,England,ENG,Gerry Hitchens,f02ebb3e-89a9-5c68-bdd6-fe8b8f076541,38,False,False
wc_history,WC-0611b1aa-82f2-5c1d-b416-abe25a4bcea7,1962-06-10,Brazil,BRA,Vavá,489edf7d-e5bf-53ce-9aff-68cbc2f67e99,53,False,False
wc_history,WC-0611b1aa-82f2-5c1d-b416-abe25a4bcea7,1962-06-10,Brazil,BRA,Garrincha,5d98496e-60cc-555e-a138-b918f80168ca,59,False,False
wc_history,WC-06292df5-d694-5b98-a201-61b2b4a8cba0,1930-07-22,Argentina,ARG,Guillermo Stábile,f6c4e5f2-079c-5b10-a65b-20cc9f1b74a6,12,False,False
wc_history,WC-06292df5-d694-5b98-a201-61b2b4a8cba0,1930-07-22,Argentina,ARG,Guillermo Stábile,f6c4e5f2-079c-5b10-a65b-20cc9f1b74a6,13,False,False
wc_history,WC-06292df5-d694-5b98-a201-61b2b4a8cba0,1930-07-22,Chile,CHL,Guillermo Subiabre,d2e5fe26-162d-5804-bc28-4950f29b74ab,15,False,False
wc_history,WC-06292df5-d694-5b98-a201-61b2b4a8cba0,1930-07-22,Argentina,ARG,Mario Evaristo,f18761b2-6fbe-5976-8614-d1dabc19ce75,51,False,False
wc_history,WC-06508018-f660-508c-8fed-47ab7c27a60f,1982-06-24,Algeria,DZA,Salah Assad,ce7dcea7-58d8-5367-8869-77f6279e00c6,7,False,False
wc_history,WC-06508018-f660-508c-8fed-47ab7c27a60f,1982-06-24,Algeria,DZA,Salah Assad,ce7dcea7-58d8-5367-8869-77f6279e00c6,31,False,False
wc_history,WC-06508018-f660-508c-8fed-47ab7c27a60f,1982-06-24,Algeria,DZA,Tedj Bensaoula,ba0dd7e3-edef-58b7-b8e5-0b77d5114b3c,35,False,False
wc_history,WC-06508018-f660-508c-8fed-47ab7c27a60f,1982-06-24,Chile,CHL,Miguel Ángel Neira,28bf1821-a491-5f89-af51-39d9cd15823b,59,True,False
wc_history,WC-06508018-f660-508c-8fed-47ab7c27a60f,1982-06-24,Chile,CHL,Juan Carlos Letelier,58821d31-0c86-52b1-b138-e86dfb74a8da,73,False,False
wc_history,WC-06d6afee-0f55-5950-8c69-adbd6a817015,1986-06-03,Northern Ireland,NIR,Norman Whiteside,a0bc8368-45b9-59a2-8a68-42619df2d3b9,6,False,False
wc_history,WC-06d6afee-0f55-5950-8c69-adbd6a817015,1986-06-03,Algeria,DZA,Djamel Zidane,c06d6702-5a22-53ae-84fc-251774bc322e,59,False,False
wc_history,WC-0702d5b8-b361-5548-a0ee-3ef45a71dff1,1990-06-08,Cameroon,CMR,François Omam-Biyik,b964b087-3505-5705-8856-5c8e18612bb3,67,False,False
wc_history,WC-076eff92-0d07-5e66-8fd9-73a32ad1f5c0,1982-06-16,England,ENG,Bryan Robson,c146d0a3-b2c7-57ba-8af6-a75f59a238fc,1,False,False
wc_history,WC-076eff92-0d07-5e66-8fd9-73a32ad1f5c0,1982-06-16,France,FRA,Gérard Soler,98973c3f-0976-5eef-a04b-d8a6f693ed8b,24,False,False
wc_history,WC-076eff92-0d07-5e66-8fd9-73a32ad1f5c0,1982-06-16,England,ENG,Bryan Robson,c146d0a3-b2c7-57ba-8af6-a75f59a238fc,67,False,False
wc_history,WC-076eff92-0d07-5e66-8fd9-73a32ad1f5c0,1982-06-16,England,ENG,Paul Mariner,61eb7633-8752-5313-8868-e0b752514776,83,False,False
wc_history,WC-07dcf69b-7a62-5a48-9ce7-51a80072f8d5,1962-06-02,Uruguay,URY,Ángel Cabrera,22f2fa9f-75d1-5952-911f-d353cda457fe,19,False,False
wc_history,WC-07dcf69b-7a62-5a48-9ce7-51a80072f8d5,1962-06-02,Yugoslavia,YUG,Josip Skoblar,74197898-07bb-5590-b13e-fd29341ecb35,25,True,False
wc_history,WC-07dcf69b-7a62-5a48-9ce7-51a80072f8d5,1962-06-02,Yugoslavia,YUG,Milan Galić,ad4d76cc-caf9-5114-98f6-0ec5ef8bca62,29,False,False
wc_history,WC-07dcf69b-7a62-5a48-9ce7-51a80072f8d5,1962-06-02,Yugoslavia,YUG,Dražan Jerković,75b3b90f-aa66-5aab-b80d-4beb9c53b59f,49,False,False
wc_history,WC-08e2a7c2-a00c-5724-a54f-c78059060322,1986-06-08,Belgium,BEL,Enzo Scifo,c5013b42-2695-55c9-836b-f821675c32c6,16,False,False
wc_history,WC-08e2a7c2-a00c-5724-a54f-c78059060322,1986-06-08,Belgium,BEL,Nico Claesen,776bb1cf-fb72-5f6b-86f0-78a39fc9f8d0,21,True,False
wc_history,WC-08e2a7c2-a00c-5724-a54f-c78059060322,1986-06-08,Iraq,IRQ,Ahmed Radhi,bf57bdd9-1941-511d-9463-1e621357e05e,59,False,False
wc_history,WC-08e50e82-65f4-555d-878d-6cde561e5bb3,1938-06-05,Brazil,BRA,Leônidas,13fe3534-a2ea-5345-a87a-50403a8fc539,18,False,False
wc_history,WC-08e50e82-65f4-555d-878d-6cde561e5bb3,1938-06-05,Poland,POL,Fryderyk Scherfke,00e50882-41a9-5a75-9220-3ca8f4111135,23,True,False
wc_history,WC-08e50e82-65f4-555d-878d-6cde561e5bb3,1938-06-05,Brazil,BRA,Romeu,2b9a3042-7375-5c95-87f5-362c854f0106,25,False,False
wc_history,WC-08e50e82-65f4-555d-878d-6cde561e5bb3,1938-06-05,Brazil,BRA,Perácio,96df5217-95a2-52c5-a280-d0f2a6c6f11e,44,False,False
wc_history,WC-08e50e82-65f4-555d-878d-6cde561e5bb3,1938-06-05,Poland,POL,Ernst Wilimowski,4efb8d2b-becc-506c-832f-362a0bc1a26d,53,False,False
wc_history,WC-08e50e82-65f4-555d-878d-6cde561e5bb3,1938-06-05,Poland,POL,Ernst Wilimowski,4efb8d2b-becc-506c-832f-362a0bc1a26d,59,False,False
wc_history,WC-08e50e82-65f4-555d-878d-6cde561e5bb3,1938-06-05,Brazil,BRA,Perácio,96df5217-95a2-52c5-a280-d0f2a6c6f11e,71,False,False
wc_history,WC-08e50e82-65f4-555d-878d-6cde561e5bb3,1938-06-05,Poland,POL,Ernst Wilimowski,4efb8d2b-becc-506c-832f-362a0bc1a26d,89,False,False
wc_history,WC-08e50e82-65f4-555d-878d-6cde561e5bb3,1938-06-05,Brazil,BRA,Leônidas,13fe3534-a2ea-5345-a87a-50403a8fc539,93,False,False
wc_history,WC-08e50e82-65f4-555d-878d-6cde561e5bb3,1938-06-05,Brazil,BRA,Leônidas,13fe3534-a2ea-5345-a87a-50403a8fc539,104,False,False
wc_history,WC-08e50e82-65f4-555d-878d-6cde561e5bb3,1938-06-05,Poland,POL,Ernst Wilimowski,4efb8d2b-becc-506c-832f-362a0bc1a26d,118,False,False
wc_history,WC-093e638a-0086-5f91-b187-96d663b92776,2006-06-22,Japan,JPN,Keiji Tamada,3f0af6e4-395f-5744-b64f-848d0a4b766c,34,False,False
wc_history,WC-093e638a-0086-5f91-b187-96d663b92776,2006-06-22,Brazil,BRA,Ronaldo,c6d7a149-4d7b-59f8-8b38-6acaa67f72f5,45'+1,False,False
wc_history,WC-093e638a-0086-5f91-b187-96d663b92776,2006-06-22,Brazil,BRA,Juninho Pernambucano,2caa7668-e32c-53bb-8247-ec460ccee1d3,53,False,False
wc_history,WC-093e638a-0086-5f91-b187-96d663b92776,2006-06-22,Brazil,BRA,Gilberto,4d60bcd4-72aa-5fff-88b6-1c11493c18e0,59,False,False
wc_history,WC-093e638a-0086-5f91-b187-96d663b92776,2006-06-22,Brazil,BRA,Ronaldo,c6d7a149-4d7b-59f8-8b38-6acaa67f72f5,81,False,False
wc_history,WC-096a4219-5f8f-569d-b2c5-ad74de701549,1990-06-18,Soviet Union,SUN,Oleh Protasov,6e4ee7c9-d72b-5ab8-b905-54ece09e61cb,20,False,False
wc_history,WC-096a4219-5f8f-569d-b2c5-ad74de701549,1990-06-18,Soviet Union,SUN,Andrei Zygmantovich,efe0d413-f99a-59ad-9bd6-d1a18194c5f1,29,False,False
wc_history,WC-096a4219-5f8f-569d-b2c5-ad74de701549,1990-06-18,Soviet Union,SUN,Oleksandr Zavarov,3c774d12-9774-5247-95f0-5ab64378fc03,52,False,False
wc_history,WC-096a4219-5f8f-569d-b2c5-ad74de701549,1990-06-18,Soviet Union,SUN,Igor Dobrovolski,29c395f2-f667-5ed8-b61c-cd14f39f8464,63,False,False
wc_history,WC-09a6eb4e-3855-5125-bb76-0bff6b5f4ad1,1986-06-02,Soviet Union,SUN,Pavel Yakovenko,5489679f-f405-580c-9079-b6409df825fe,2,False,False
wc_history,WC-09a6eb4e-3855-5125-bb76-0bff6b5f4ad1,1986-06-02,Soviet Union,SUN,Sergei Aleinikov,b272faa9-cf08-5feb-ad4e-fc83f701e200,4,False,False
wc_history,WC-09a6eb4e-3855-5125-bb76-0bff6b5f4ad1,1986-06-02,Soviet Union,SUN,Ihor Belanov,295d6669-7a95-5554-ac71-56081ddf5c20,24,True,False
wc_history,WC-09a6eb4e-3855-5125-bb76-0bff6b5f4ad1,1986-06-02,Soviet Union,SUN,Ivan Yaremchuk,6c009532-40ed-52cf-b389-6d1aae0fad64,66,False,False
wc_history,WC-09a6eb4e-3855-5125-bb76-0bff6b5f4ad1,1986-06-02,Soviet Union,SUN,László Dajka,732ce8a2-0b6b-5beb-9da8-89b3c15edf97,73,False,True
wc_history,WC-09a6eb4e-3855-5125-bb76-0bff6b5f4ad1,1986-06-02,Soviet Union,SUN,Sergey Rodionov,9bc83553-85ad-5891-80a2-8d177ac65132,80,False,False
wc_history,WC-09ee0139-9643-5e64-b9c5-fb57d542fd0c,1958-06-11,Paraguay,PRY,Juan Bautista Agüero,c413af2b-c109-57b4-b1e3-f487d3f725f8,4,False,False
wc_history,WC-09ee0139-9643-5e64-b9c5-fb57d542fd0c,1958-06-11,Scotland,SCO,Jackie Mudie,985fdfe6-78ab-5c8f-834c-cc79ba95d8dc,24,False,False
wc_history,WC-09ee0139-9643-5e64-b9c5-fb57d542fd0c,1958-06-11,Paraguay,PRY,Cayetano Ré,0b7c61e4-788e-50ca-b9a8-d3aa3a6f07f1,45,False,False
wc_history,WC-09ee0139-9643-5e64-b9c5-fb57d542fd0c,1958-06-11,Paraguay,PRY,José Parodi,c714476e-8c2d-5ee2-a57d-0c7c8ad75ab4,73,False,False
wc_history,WC-09ee0139-9643-5e64-b9c5-fb57d542fd0c,1958-06-11,Scotland,SCO,Bobby Collins,69ccbaca-dc52-59e9-9c67-998d91d32322,74,False,False
wc_history,WC-09fc1b87-d242-5666-80aa-7ed2a8dd35bd,1994-07-05,Nigeria,NGA,Emmanuel Amunike,16feead4-5d70-562a-9844-df28241a4b3b,25,False,False
wc_history,WC-09fc1b87-d242-5666-80aa-7ed2a8dd35bd,1994-07-05,Italy,ITA,Roberto Baggio,cf05a9b9-1ccf-5c78-b51e-a685a5a6a6b9,88,False,False
wc_history,WC-09fc1b87-d242-5666-80aa-7ed2a8dd35bd,1994-07-05,Italy,ITA,Roberto Baggio,cf05a9b9-1ccf-5c78-b51e-a685a5a6a6b9,102,True,False
wc_history,WC-0a402a05-c6c4-524b-bed5-d94d7fc92a21,1998-06-24,Paraguay,PRY,Celso Ayala,92674967-1287-5d80-81c9-50efda8d80e2,1,False,False
wc_history,WC-0a402a05-c6c4-524b-bed5-d94d7fc92a21,1998-06-24,Nigeria,NGA,Wilson Oruma,8c2a09ef-5312-525f-bf07-890a6626b996,11,False,False
wc_history,WC-0a402a05-c6c4-524b-bed5-d94d7fc92a21,1998-06-24,Paraguay,PRY,Miguel Ángel Benítez,3cac80d8-6b15-5402-ab9d-98126ab216ec,58,False,False
wc_history,WC-0a402a05-c6c4-524b-bed5-d94d7fc92a21,1998-06-24,Paraguay,PRY,José Cardozo,aba210df-75fb-5a1c-8386-26f0f36dcf21,86,False,False
wc_history,WC-0ad27dff-9646-5f33-9094-ad994c4bfdc4,1954-06-20,England,ENG,Jimmy Mullen,c786758f-db8e-526f-84fb-bcc917f623f7,43,False,False
wc_history,WC-0ad27dff-9646-5f33-9094-ad994c4bfdc4,1954-06-20,England,ENG,Dennis Wilshaw,657c8bf9-1e05-5f50-a90a-637bf56e0864,69,False,False
wc_history,WC-0afcc82f-cd91-5106-bf95-35eb541212fc,2010-06-20,Paraguay,PRY,Enrique Vera,f84b53e8-16a2-5272-bde7-dfd165ab3db5,27,False,False
wc_history,WC-0afcc82f-cd91-5106-bf95-35eb541212fc,2010-06-20,Paraguay,PRY,Cristian Riveros,5536718d-4f7d-5670-a5ff-fafb808fa4bd,86,False,False
wc_history,WC-0b03025d-97ea-555e-9d9a-d620236866dd,1966-07-15,Switzerland,CHE,René-Pierre Quentin,598d5cc9-caf9-5362-9141-5542838da13d,31,False,False
wc_history,WC-0b03025d-97ea-555e-9d9a-d620236866dd,1966-07-15,Spain,ESP,Manuel Sanchís,7f25a5e0-f111-5d78-9643-6594d1bcbf76,57,False,False
wc_history,WC-0b03025d-97ea-555e-9d9a-d620236866dd,1966-07-15,Spain,ESP,Amancio,7235e5ea-7844-5a56-bb4f-366c8d980f7a,75,False,False
wc_history,WC-0b36c465-7ce7-5529-880d-9eb793f86ed0,1974-07-03,Yugoslavia,YUG,Ivica Šurjak,09c2d73e-c2b1-5483-8009-940b860884b6,27,False,False
wc_history,WC-0b36c465-7ce7-5529-880d-9eb793f86ed0,1974-07-03,Sweden,SWE,Ralf Edström,93544ebe-60d2-5d22-aeb5-d78d73a424d6,29,False,False
wc_history,WC-0b36c465-7ce7-5529-880d-9eb793f86ed0,1974-07-03,Sweden,SWE,Conny Torstensson,db895134-ffe1-5d8f-8205-f95a18bc8f94,85,False,False
wc_history,WC-0b728e02-1e2c-5991-ab56-364283c4f77c,2014-06-14,Japan,JPN,Keisuke Honda,5dda8623-05c3-5936-b719-6ef6f7dd9dc0,16,False,False
wc_history,WC-0b728e02-1e2c-5991-ab56-364283c4f77c,2014-06-14,Ivory Coast,CIV,Wilfried Bony,ec3ceb2f-834d-5ef5-961b-a734a53e9aa0,64,False,False
wc_history,WC-0b728e02-1e2c-5991-ab56-364283c4f77c,2014-06-14,Ivory Coast,CIV,Gervinho,0f40ee19-effb-50d6-8d83-78984228cdbd,66,False,False
wc_history,WC-0bb0d35e-8394-52d7-8bcd-6a0338e259ef,2022-12-10,Morocco,MAR,Youssef En-Nesyri,0caee891-357b-5443-ade1-017bab827c5d,42,False,False
wc_history,WC-0c1f0461-42c6-571f-bb1e-bd32e864db5d,2018-06-27,Sweden,SWE,Ludwig Augustinsson,884fe1f1-b8f9-5cec-8fbe-7a0485cdad94,50,False,False
wc_history,WC-0c1f0461-42c6-571f-bb1e-bd32e864db5d,2018-06-27,Sweden,SWE,Andreas Granqvist,0a96e548-f5e9-56ad-96bc-6c850177b0af,62,True,False
wc_history,WC-0c1f0461-42c6-571f-bb1e-bd32e864db5d,2018-06-27,Sweden,SWE,Edson Álvarez,8b71a6b0-be47-553e-8566-34112d7804ff,74,False,True
wc_history,WC-0c220966-ef59-5d7c-9b45-18e3ee4f7dd4,2014-07-13,Germany,DEU,Mario Götze,69436fee-0880-5452-9c72-cebb4c754b3a,113,False,False
wc_history,WC-0c63cab6-f0ff-564a-9851-30d912588c57,1938-06-14,Czechoslovakia,CSK,Vlastimil Kopecký,fac5d981-4fc3-5b9b-b518-cc658ca4bdf3,25,False,False
wc_history,WC-0c63cab6-f0ff-564a-9851-30d912588c57,1938-06-14,Brazil,BRA,Leônidas,13fe3534-a2ea-5345-a87a-50403a8fc539,57,False,False
wc_history,WC-0c63cab6-f0ff-564a-9851-30d912588c57,1938-06-14,Brazil,BRA,Roberto,7cb2b0e1-b4f0-5e94-8c48-84ef227cc6c7,62,False,False
wc_history,WC-0c68398a-2b81-5378-86bd-b9dcf212f279,2018-06-22,Nigeria,NGA,Ahmed Musa,2253fafa-65f1-596b-8725-843c67ed89a7,49,False,False
wc_history,WC-0c68398a-2b81-5378-86bd-b9dcf212f279,2018-06-22,Nigeria,NGA,Ahmed Musa,2253fafa-65f1-596b-8725-843c67ed89a7,75,False,False
wc_history,WC-0c72479b-5ca3-5e6e-99ff-bd3c3df0afd8,1958-06-08,Northern Ireland,NIR,Wilbur Cush,68dcd621-2b6f-501b-ab1e-906276ef6e68,21,False,False
wc_history,WC-0ca80df6-db29-5533-bad5-285b4703846b,1998-06-10,Brazil,BRA,César Sampaio,ffc665d8-a8f5-5249-aa1f-d7371f751ccf,5,False,False
wc_history,WC-0ca80df6-db29-5533-bad5-285b4703846b,1998-06-10,Scotland,SCO,John Collins,326a2e2a-87a6-555d-b048-b64965c62ecd,38,True,False
wc_history,WC-0ca80df6-db29-5533-bad5-285b4703846b,1998-06-10,Brazil,BRA,Tom Boyd,7aaf001d-2c99-5492-b619-eca2fb2df9dd,74,False,True
wc_history,WC-0dcec3a1-776d-5e2f-abe2-ad79cd1e2fc8,1970-06-07,Sweden,SWE,Tom Turesson,b1ac1faa-22d7-5cfa-b99f-1fc9f84ed371,53,False,False
wc_history,WC-0dcec3a1-776d-5e2f-abe2-ad79cd1e2fc8,1970-06-07,Israel,ISR,Mordechai Spiegler,989af651-acf2-5273-9c57-c9755de64594,56,False,False
wc_history,WC-0e3b664e-f007-5fa0-9d45-db33b2ea4bb5,2018-06-16,Croatia,HRV,Peter Etebo,5afb388e-b066-5dcd-80d1-8a6cd4901b62,32,False,True
wc_history,WC-0e3b664e-f007-5fa0-9d45-db33b2ea4bb5,2018-06-16,Croatia,HRV,Luka Modrić,36378d2c-59c1-5ed4-8030-08041f7b9eeb,71,True,False
wc_history,WC-0e751b9e-a24a-53b5-9f18-2db5e74a9aa6,1970-06-02,England,ENG,Geoff Hurst,1bbb56d9-1b86-5bfb-8928-450222411144,65,False,False
wc_history,WC-0ea0812a-3589-5a72-9d06-94d2e0c70503,2014-06-24,Uruguay,URY,Diego Godín,1b3ba58d-cfeb-527e-9c38-ad028e454b0d,81,False,False
wc_history,WC-0ea7ba22-e9fb-5a41-9edb-f45b15610437,1958-06-15,Yugoslavia,YUG,Radivoje Ognjanović,709e809b-d669-5918-bd94-97d69f9df1a3,18,False,False
wc_history,WC-0ea7ba22-e9fb-5a41-9edb-f45b15610437,1958-06-15,Paraguay,PRY,José Parodi,c714476e-8c2d-5ee2-a57d-0c7c8ad75ab4,20,False,False
wc_history,WC-0ea7ba22-e9fb-5a41-9edb-f45b15610437,1958-06-15,Yugoslavia,YUG,Todor Veselinović,2e003f5a-4d36-5cf4-8b92-82070102c003,21,False,False
wc_history,WC-0ea7ba22-e9fb-5a41-9edb-f45b15610437,1958-06-15,Paraguay,PRY,Juan Bautista Agüero,c413af2b-c109-57b4-b1e3-f487d3f725f8,52,False,False
wc_history,WC-0ea7ba22-e9fb-5a41-9edb-f45b15610437,1958-06-15,Yugoslavia,YUG,Zdravko Rajkov,0495a63a-d402-52f1-be8a-1a4724aa03e5,73,False,False
wc_history,WC-0ea7ba22-e9fb-5a41-9edb-f45b15610437,1958-06-15,Paraguay,PRY,Jorge Lino Romero,b56f7667-67aa-5b27-abaf-58d977d82565,80,False,False
wc_history,WC-0f461fbc-2690-5367-9fdb-eea0edfc052c,1986-06-05,Soviet Union,SUN,Vasyl Rats,ded998fc-45de-5462-888c-0ee629117d4b,53,False,False
wc_history,WC-0f461fbc-2690-5367-9fdb-eea0edfc052c,1986-06-05,France,FRA,Luis Fernández,1ce0ddef-90bb-5530-a482-c9003591223d,62,False,False
wc_history,WC-0f495463-2b2c-58e2-876e-b8b58e155683,1970-06-11,Mexico,MEX,Gustavo Peña,fc0dd070-6738-5331-b181-e2d37ea28025,14,True,False
wc_history,WC-0f56a145-9c63-5442-b068-7d85c7c87f59,1998-06-12,Denmark,DNK,Marc Rieper,621f4b75-ac65-5318-b18b-d8fba7ad8aff,69,False,False
wc_history,WC-0fc712c3-9ea7-588f-a2b6-f810bac0539e,1994-06-22,Switzerland,CHE,Alain Sutter,fcfb8ce1-66b4-5c54-9867-bf0896648ceb,16,False,False
wc_history,WC-0fc712c3-9ea7-588f-a2b6-f810bac0539e,1994-06-22,Romania,ROU,Gheorghe Hagi,c37b6d4f-ab8e-5fc6-a5f1-6ba445066cbf,35,False,False
wc_history,WC-0fc712c3-9ea7-588f-a2b6-f810bac0539e,1994-06-22,Switzerland,CHE,Stéphane Chapuisat,f8a55d67-ec0e-5235-8862-c697baaa3beb,52,False,False
wc_history,WC-0fc712c3-9ea7-588f-a2b6-f810bac0539e,1994-06-22,Switzerland,CHE,Adrian Knup,def30cd4-802a-51dc-a444-2a0064dedbce,65,False,False
wc_history,WC-0fc712c3-9ea7-588f-a2b6-f810bac0539e,1994-06-22,Switzerland,CHE,Adrian Knup,def30cd4-802a-51dc-a444-2a0064dedbce,72,False,False
wc_history,WC-0fdd5d5f-ea92-5db7-9cf5-279de0acea35,1934-05-27,France,FRA,Jean Nicolas,c4ee41ef-d512-574d-aaec-68fcdc351fdd,18,False,False
wc_history,WC-0fdd5d5f-ea92-5db7-9cf5-279de0acea35,1934-05-27,Austria,AUT,Matthias Sindelar,c402284f-cae3-5c64-8600-cc9a2e5ca60f,44,False,False
wc_history,WC-0fdd5d5f-ea92-5db7-9cf5-279de0acea35,1934-05-27,Austria,AUT,Anton Schall,e5e2c2dc-c55b-532f-a5b5-0f847744040a,93,False,False
wc_history,WC-0fdd5d5f-ea92-5db7-9cf5-279de0acea35,1934-05-27,Austria,AUT,Josef Bican,4cb1f84c-017f-5776-8717-55355383e4be,109,False,False
wc_history,WC-0fdd5d5f-ea92-5db7-9cf5-279de0acea35,1934-05-27,France,FRA,Georges Verriest,771feabf-df2b-5927-aab0-157005bef5a3,116,True,False
wc_history,WC-108861a5-bb5c-5832-a45d-e677a2ac69fa,2022-11-23,Germany,DEU,İlkay Gündoğan,28f9d79b-e834-5352-a27a-c92866a6cbc1,33,True,False
wc_history,WC-108861a5-bb5c-5832-a45d-e677a2ac69fa,2022-11-23,Japan,JPN,Ritsu Dōan,3d62779d-f9a7-5ec2-8213-b1847930eb1b,75,False,False
wc_history,WC-108861a5-bb5c-5832-a45d-e677a2ac69fa,2022-11-23,Japan,JPN,Takuma Asano,787ddc22-6c4a-5bc5-875b-0f2ee9fb593d,83,False,False
wc_history,WC-10a1e98c-7109-5241-ba3b-6f4dd3d68f54,1950-06-29,Spain,ESP,Estanislau Basora,8729b71b-db46-58a6-816d-f1f16bf9b2fe,17,False,False
wc_history,WC-10a1e98c-7109-5241-ba3b-6f4dd3d68f54,1950-06-29,Spain,ESP,Telmo Zarra,054d041c-870e-5b30-96cc-3d3bf2e603ea,30,False,False
wc_history,WC-10d2f96c-797d-5dbb-917d-f0984ded3004,1930-07-21,Uruguay,URY,Pablo Dorado,c5916d81-baa3-5248-90b8-472fa6079953,7,False,False
wc_history,WC-10d2f96c-797d-5dbb-917d-f0984ded3004,1930-07-21,Uruguay,URY,Héctor Scarone,6e409a9f-229c-59f0-9886-024d46724d38,26,False,False
wc_history,WC-10d2f96c-797d-5dbb-917d-f0984ded3004,1930-07-21,Uruguay,URY,Peregrino Anselmo,05da9d24-94c9-5045-9d7a-f7e3b43baaa5,31,False,False
wc_history,WC-10d2f96c-797d-5dbb-917d-f0984ded3004,1930-07-21,Uruguay,URY,Pedro Cea,ac0f4b77-cefa-51ef-aead-07fee7dd9f91,35,False,False
wc_history,WC-10e0796a-33d6-51db-a84d-db1ca6dc2c60,1958-06-08,Argentina,ARG,Oreste Corbatta,1b424190-4987-55f1-a0ab-569d4a81fc66,3,False,False
wc_history,WC-10e0796a-33d6-51db-a84d-db1ca6dc2c60,1958-06-08,West Germany,DEU,Helmut Rahn,36594778-f2f8-5d20-99b1-2d245483f4ac,32,False,False
wc_history,WC-10e0796a-33d6-51db-a84d-db1ca6dc2c60,1958-06-08,West Germany,DEU,Uwe Seeler,33864d66-d8d9-524b-a228-8e6849104a8d,42,False,False
wc_history,WC-10e0796a-33d6-51db-a84d-db1ca6dc2c60,1958-06-08,West Germany,DEU,Helmut Rahn,36594778-f2f8-5d20-99b1-2d245483f4ac,79,False,False
wc_history,WC-10e8b664-d714-5ad6-919e-18465f7ebc22,2022-11-27,Spain,ESP,Álvaro Morata,d17434f7-bcdc-55ff-ab4c-324dc9bc6d8b,62,False,False
wc_history,WC-10e8b664-d714-5ad6-919e-18465f7ebc22,2022-11-27,Germany,DEU,Niclas Füllkrug,4ca0f520-b305-5951-b4e7-4b78f1d31fed,83,False,False
wc_history,WC-112cd31f-df61-5dce-a7f2-c91e153ddf7d,2010-06-13,Germany,DEU,Lukas Podolski,ce444862-4674-5231-9c5d-9d50f1656d76,8,False,False
wc_history,WC-112cd31f-df61-5dce-a7f2-c91e153ddf7d,2010-06-13,Germany,DEU,Miroslav Klose,41f73bc6-c52c-5f4b-8e71-8137daa777d3,26,False,False
wc_history,WC-112cd31f-df61-5dce-a7f2-c91e153ddf7d,2010-06-13,Germany,DEU,Thomas Müller,ac2e565e-7c12-57d2-8f3a-1315d9fe7a15,68,False,False
wc_history,WC-112cd31f-df61-5dce-a7f2-c91e153ddf7d,2010-06-13,Germany,DEU,Cacau,4eba9f5b-8cf2-5e88-b3af-b0f65c85484d,70,False,False
wc_history,WC-11323e67-fefd-509c-b24d-a0cb14851cba,1930-07-20,Paraguay,PRY,Luis Vargas Peña,1dccf832-affe-5720-8f8c-e6f035d49c15,40,False,False
wc_history,WC-1136fd52-439d-52e5-a327-62e4759e0ef6,1982-06-22,Poland,POL,Włodzimierz Smolarek,6255ccfb-2f9f-5a8b-9435-82024e4e6ddc,55,False,False
wc_history,WC-1136fd52-439d-52e5-a327-62e4759e0ef6,1982-06-22,Poland,POL,Grzegorz Lato,91ee4735-acc4-5e2a-bf5f-3876d20190dd,58,False,False
wc_history,WC-1136fd52-439d-52e5-a327-62e4759e0ef6,1982-06-22,Poland,POL,Zbigniew Boniek,32d47330-a4da-51a8-ada9-d0fa53bcb6c4,61,False,False
wc_history,WC-1136fd52-439d-52e5-a327-62e4759e0ef6,1982-06-22,Poland,POL,Andrzej Buncol,483c1251-d97a-55c9-825f-b534f7b34be3,68,False,False
wc_history,WC-1136fd52-439d-52e5-a327-62e4759e0ef6,1982-06-22,Poland,POL,Włodzimierz Ciołek,fcf44387-9061-5712-8034-350eec4b26e4,76,False,False
wc_history,WC-1136fd52-439d-52e5-a327-62e4759e0ef6,1982-06-22,Peru,PER,Guillermo La Rosa,9620ee87-7217-52c8-8ab7-9b7f9ca8e548,83,False,False
wc_history,WC-116eb400-2768-5301-8200-552dbef0dcfa,1958-06-17,Czechoslovakia,CSK,Zdeněk Zikán,2df8ab59-1eec-5c64-b526-e46d15a46b2d,18,False,False
wc_history,WC-116eb400-2768-5301-8200-552dbef0dcfa,1958-06-17,Northern Ireland,NIR,Peter McParland,25311fa5-4cb1-5866-a300-1dfe8f9925d2,44,False,False
wc_history,WC-116eb400-2768-5301-8200-552dbef0dcfa,1958-06-17,Northern Ireland,NIR,Peter McParland,25311fa5-4cb1-5866-a300-1dfe8f9925d2,97,False,False
wc_history,WC-11d2557a-3d92-57a8-a654-d734c6a7e95b,2014-06-22,Algeria,DZA,Islam Slimani,3afd9827-0954-52a1-a800-d7e9a98f776b,26,False,False
wc_history,WC-11d2557a-3d92-57a8-a654-d734c6a7e95b,2014-06-22,Algeria,DZA,Rafik Halliche,650f6775-ca7a-5e16-acdf-a76d123eee5e,28,False,False
wc_history,WC-11d2557a-3d92-57a8-a654-d734c6a7e95b,2014-06-22,Algeria,DZA,Abdelmoumene Djabou,d15b58fe-57f5-57d3-a81f-fe6b7bb3840e,38,False,False
wc_history,WC-11d2557a-3d92-57a8-a654-d734c6a7e95b,2014-06-22,South Korea,KOR,Heung-min Son,3d61def2-7100-5cdd-be17-794cbadc2dd4,50,False,False
wc_history,WC-11d2557a-3d92-57a8-a654-d734c6a7e95b,2014-06-22,Algeria,DZA,Yacine Brahimi,cf3852fd-f01b-5b5d-ad0d-4f206582da24,62,False,False
wc_history,WC-11d2557a-3d92-57a8-a654-d734c6a7e95b,2014-06-22,South Korea,KOR,Ja-cheol Koo,799a9827-ce22-5251-8ec1-51dbcfb23000,72,False,False
wc_history,WC-11e923e1-0d44-5deb-b726-f714136b5f53,1986-06-06,Hungary,HUN,Márton Esterházy,72ddf4a9-a8bf-539a-936f-d5090db79cef,2,False,False
wc_history,WC-11e923e1-0d44-5deb-b726-f714136b5f53,1986-06-06,Hungary,HUN,Lajos Détári,c6221b2f-f7fe-5d3e-9b0d-972da2c4859d,75,False,False
wc_history,WC-12e9d00d-8f81-53be-b210-3bc49f9cae7d,1970-06-10,Sweden,SWE,Ove Grahn,c1c0a280-5c33-52b2-b634-845e2ca71a53,90,False,False
wc_history,WC-12f07036-f843-5cc2-b743-d56f19020164,1998-06-13,South Korea,KOR,Seok-ju Ha,246ca413-9f06-516e-9523-67f6c5ce075e,27,False,False
wc_history,WC-12f07036-f843-5cc2-b743-d56f19020164,1998-06-13,Mexico,MEX,Ricardo Peláez,039aa507-7f97-5d56-a934-6250b0b21010,50,False,False
wc_history,WC-12f07036-f843-5cc2-b743-d56f19020164,1998-06-13,Mexico,MEX,Luis Hernández,30c559b3-7af1-50cd-bc5c-c2c3dbbcf55f,75,False,False
wc_history,WC-12f07036-f843-5cc2-b743-d56f19020164,1998-06-13,Mexico,MEX,Luis Hernández,30c559b3-7af1-50cd-bc5c-c2c3dbbcf55f,84,False,False
wc_history,WC-1300be04-d01b-55f1-8b8b-b3eabb2aa6e2,2002-06-06,Denmark,DNK,Jon Dahl Tomasson,5c851e24-6ef4-5953-afbb-b18fcf2a0040,16,True,False
wc_history,WC-1300be04-d01b-55f1-8b8b-b3eabb2aa6e2,2002-06-06,Senegal,SEN,Salif Diao,55746ba7-4820-54c4-a2f9-f3872e77caed,52,False,False
wc_history,WC-13432937-4e03-5d2d-b69f-f1d5d2c4b469,1950-07-01,Brazil,BRA,Ademir,8b08b945-5e20-5acc-8c9c-966a53f587ab,4,False,False
wc_history,WC-13432937-4e03-5d2d-b69f-f1d5d2c4b469,1950-07-01,Brazil,BRA,Zizinho,0c802a31-5ee8-5dc5-9380-19d98be44653,69,False,False
wc_history,WC-13b940f1-01cb-508d-b6c2-cae088ebd9c5,1990-06-10,West Germany,DEU,Lothar Matthäus,c5dc8e1e-4f86-5c6f-9098-d6c12c30580f,28,False,False
wc_history,WC-13b940f1-01cb-508d-b6c2-cae088ebd9c5,1990-06-10,West Germany,DEU,Jürgen Klinsmann,c479bc4a-8330-5b08-ae4f-9aea06edfe2a,39,False,False
wc_history,WC-13b940f1-01cb-508d-b6c2-cae088ebd9c5,1990-06-10,Yugoslavia,YUG,Davor Jozić,a95e81eb-aa30-5865-aacd-8a8a5c7f9387,55,False,False
wc_history,WC-13b940f1-01cb-508d-b6c2-cae088ebd9c5,1990-06-10,West Germany,DEU,Lothar Matthäus,c5dc8e1e-4f86-5c6f-9098-d6c12c30580f,64,False,False
wc_history,WC-13b940f1-01cb-508d-b6c2-cae088ebd9c5,1990-06-10,West Germany,DEU,Rudi Völler,d92fe933-854a-52df-9015-5bc93142cc02,70,False,False
wc_history,WC-13ea63f3-6ec2-5265-a7e6-1ff80bcf3533,2018-06-15,Portugal,PRT,Cristiano Ronaldo,d3c07451-e83b-55e6-a734-7ec19f9e1083,4,True,False
wc_history,WC-13ea63f3-6ec2-5265-a7e6-1ff80bcf3533,2018-06-15,Spain,ESP,Diego Costa,f9246ad8-3717-5107-9286-f6eac2b2580b,24,False,False
wc_history,WC-13ea63f3-6ec2-5265-a7e6-1ff80bcf3533,2018-06-15,Portugal,PRT,Cristiano Ronaldo,d3c07451-e83b-55e6-a734-7ec19f9e1083,44,False,False
wc_history,WC-13ea63f3-6ec2-5265-a7e6-1ff80bcf3533,2018-06-15,Spain,ESP,Diego Costa,f9246ad8-3717-5107-9286-f6eac2b2580b,55,False,False
wc_history,WC-13ea63f3-6ec2-5265-a7e6-1ff80bcf3533,2018-06-15,Spain,ESP,Nacho,5f7b15e9-246f-57e3-a723-3f2eab89cb5c,58,False,False
wc_history,WC-13ea63f3-6ec2-5265-a7e6-1ff80bcf3533,2018-06-15,Portugal,PRT,Cristiano Ronaldo,d3c07451-e83b-55e6-a734-7ec19f9e1083,88,False,False
wc_history,WC-1417452a-dc98-59c2-8e3f-46f1f1c5d175,2022-12-03,Argentina,ARG,Lionel Messi,815f9a08-b302-5959-bf1a-759cf2a34a56,35,False,False
wc_history,WC-1417452a-dc98-59c2-8e3f-46f1f1c5d175,2022-12-03,Argentina,ARG,Julián Álvarez,fa2ecd18-5340-5f99-aa0b-0610550fcf28,57,False,False
wc_history,WC-1417452a-dc98-59c2-8e3f-46f1f1c5d175,2022-12-03,Australia,AUS,Enzo Fernández,534b8fa7-65cc-52b1-a1fe-743bdbc7d805,77,False,True
wc_history,WC-142deff8-6950-520b-a4c2-0f632c70631d,1930-07-30,Uruguay,URY,Pablo Dorado,c5916d81-baa3-5248-90b8-472fa6079953,12,False,False
wc_history,WC-142deff8-6950-520b-a4c2-0f632c70631d,1930-07-30,Argentina,ARG,Carlos Peucelle,10ab2375-b1a6-59ef-95f6-eb5e69ba2c0e,20,False,False
wc_history,WC-142deff8-6950-520b-a4c2-0f632c70631d,1930-07-30,Argentina,ARG,Guillermo Stábile,f6c4e5f2-079c-5b10-a65b-20cc9f1b74a6,37,False,False
wc_history,WC-142deff8-6950-520b-a4c2-0f632c70631d,1930-07-30,Uruguay,URY,Pedro Cea,ac0f4b77-cefa-51ef-aead-07fee7dd9f91,57,False,False
wc_history,WC-142deff8-6950-520b-a4c2-0f632c70631d,1930-07-30,Uruguay,URY,Santos Iriarte,0e19f0f6-1e53-5b01-ad8a-9a2fe0886607,68,False,False
wc_history,WC-142deff8-6950-520b-a4c2-0f632c70631d,1930-07-30,Uruguay,URY,Héctor Castro,f9910f36-a280-5513-a934-7ad09e624d7b,89,False,False
wc_history,WC-142eaa80-2ccf-5384-acfe-ea4ccb0ef508,1994-06-28,Russia,RUS,Oleg Salenko,9bfb3cf2-2b39-56fe-80fa-00555f10c249,15,False,False
wc_history,WC-142eaa80-2ccf-5384-acfe-ea4ccb0ef508,1994-06-28,Russia,RUS,Oleg Salenko,9bfb3cf2-2b39-56fe-80fa-00555f10c249,41,False,False
wc_history,WC-142eaa80-2ccf-5384-acfe-ea4ccb0ef508,1994-06-28,Russia,RUS,Oleg Salenko,9bfb3cf2-2b39-56fe-80fa-00555f10c249,44,True,False
wc_history,WC-142eaa80-2ccf-5384-acfe-ea4ccb0ef508,1994-06-28,Cameroon,CMR,Roger Milla,a45d1194-35ac-561b-9547-789972c3668b,46,False,False
wc_history,WC-142eaa80-2ccf-5384-acfe-ea4ccb0ef508,1994-06-28,Russia,RUS,Oleg Salenko,9bfb3cf2-2b39-56fe-80fa-00555f10c249,72,False,False
wc_history,WC-142eaa80-2ccf-5384-acfe-ea4ccb0ef508,1994-06-28,Russia,RUS,Oleg Salenko,9bfb3cf2-2b39-56fe-80fa-00555f10c249,75,False,False
wc_history,WC-142eaa80-2ccf-5384-acfe-ea4ccb0ef508,1994-06-28,Russia,RUS,Dmitri Radchenko,2550babb-060e-523e-b15a-95f573a5888f,81,False,False
wc_history,WC-1433e8a3-ad81-59a0-ba3b-1f21cc7468f7,1930-07-13,United States,USA,Bart McGhee,ee12a5be-f38a-5667-9324-44c5ede2ac3b,23,False,False
wc_history,WC-1433e8a3-ad81-59a0-ba3b-1f21cc7468f7,1930-07-13,United States,USA,Tom Florie,ec02300f-7464-584d-8c96-145890e7ba31,45,False,False
wc_history,WC-1433e8a3-ad81-59a0-ba3b-1f21cc7468f7,1930-07-13,United States,USA,Bert Patenaude,0178b0d6-d1b8-59cb-b6b8-cc4f4060c8fa,69,False,False
wc_history,WC-14fa62e9-ccc3-54df-aafe-33a16711f654,1954-06-16,Uruguay,URY,Oscar Míguez,573decc0-ca0e-555d-a8c6-accd4bdffa4a,71,False,False
wc_history,WC-14fa62e9-ccc3-54df-aafe-33a16711f654,1954-06-16,Uruguay,URY,Juan Alberto Schiaffino,7bc88bee-0031-58c7-bbae-c51b577a2fca,84,False,False
wc_history,WC-1529b4ee-2282-514f-b907-e805ebd4b153,2018-06-26,Peru,PER,André Carrillo,02ce6df5-4c9b-517e-a090-71396c16c02a,18,False,False
wc_history,WC-1529b4ee-2282-514f-b907-e805ebd4b153,2018-06-26,Peru,PER,Paolo Guerrero,e84b8042-5371-5baa-99d8-d99ec2cba8f8,50,False,False
wc_history,WC-15f40fc7-2f04-503e-aa19-5dc16fa4955f,2002-06-07,Paraguay,PRY,Carles Puyol,d9566744-c856-5a41-9c57-250567199b04,10,False,True
wc_history,WC-15f40fc7-2f04-503e-aa19-5dc16fa4955f,2002-06-07,Spain,ESP,Fernando Morientes,0f91e804-272c-5835-9e89-b0e467deeaf4,53,False,False
wc_history,WC-15f40fc7-2f04-503e-aa19-5dc16fa4955f,2002-06-07,Spain,ESP,Fernando Morientes,0f91e804-272c-5835-9e89-b0e467deeaf4,69,False,False
wc_history,WC-15f40fc7-2f04-503e-aa19-5dc16fa4955f,2002-06-07,Spain,ESP,Fernando Hierro,eeb4eadb-5ff1-5396-9016-1114c1431539,83,True,False
wc_history,WC-16dbcb9f-1205-5cd9-b4b2-81708c2cc2ac,1982-06-20,Yugoslavia,YUG,Ivan Gudelj,ebb22a33-ae33-5dfd-9ffb-c0631fb885fd,10,False,False
wc_history,WC-16dbcb9f-1205-5cd9-b4b2-81708c2cc2ac,1982-06-20,Spain,ESP,Juanito,11176aee-8654-5401-9c24-f14b707b1a29,14,True,False
wc_history,WC-16dbcb9f-1205-5cd9-b4b2-81708c2cc2ac,1982-06-20,Spain,ESP,Enrique Saura,7fc02a50-796f-5b73-9f96-9b14d6f96258,66,False,False
wc_history,WC-16de1cde-2b22-5cdf-b8b8-42fc02ee95af,1998-06-25,Belgium,BEL,Luc Nilis,a2bc7556-d957-50bd-872e-3aad4231aaa9,7,False,False
wc_history,WC-16de1cde-2b22-5cdf-b8b8-42fc02ee95af,1998-06-25,South Korea,KOR,Sang-chul Yoo,dd14e043-84cf-5bb2-882e-9c8f46ab6722,72,False,False
wc_history,WC-171fb46e-09b7-50aa-9710-ecdf2a1ab181,2022-11-21,United States,USA,Timothy Weah,5fee68f9-3c03-5208-b656-6fc6de2190e8,36,False,False
wc_history,WC-171fb46e-09b7-50aa-9710-ecdf2a1ab181,2022-11-21,Wales,WAL,Gareth Bale,7e87362e-cffb-5f52-8a90-a5566ed66d90,82,True,False
wc_history,WC-17e7174e-7e70-5e07-8ba5-386efdf1c0d0,2014-06-14,Uruguay,URY,Edinson Cavani,89e49b88-022e-59bc-991f-32a3defd76d6,24,True,False
wc_history,WC-17e7174e-7e70-5e07-8ba5-386efdf1c0d0,2014-06-14,Costa Rica,CRI,Joel Campbell,5a550917-e342-55ee-8c2a-bf6373f497b7,54,False,False
wc_history,WC-17e7174e-7e70-5e07-8ba5-386efdf1c0d0,2014-06-14,Costa Rica,CRI,Óscar Duarte,aa1642da-1e1e-576b-b81b-8dc239068f6a,57,False,False
wc_history,WC-17e7174e-7e70-5e07-8ba5-386efdf1c0d0,2014-06-14,Costa Rica,CRI,Marco Ureña,de4d14c7-43b8-5c92-b0ea-a32eaf1c7c62,84,False,False
wc_history,WC-181cb63f-d717-5f6f-a087-d6a387904d19,1990-06-20,Sweden,SWE,Johnny Ekström,6d9fcf0c-551a-5eb9-82fa-2daecbbc206e,32,False,False
wc_history,WC-181cb63f-d717-5f6f-a087-d6a387904d19,1990-06-20,Costa Rica,CRI,Róger Flores,106d31fa-4651-5491-ba9a-82e670bca4a7,75,False,False
wc_history,WC-181cb63f-d717-5f6f-a087-d6a387904d19,1990-06-20,Costa Rica,CRI,Hernán Medford,801d0e30-1b05-59bc-b02f-23b2a144c4ec,87,False,False
wc_history,WC-182b6620-806f-5b36-8ab5-34f7f1be7301,1970-06-21,Brazil,BRA,Pelé,706445cd-23b9-56b6-8d64-0d9a3f6e8125,18,False,False
wc_history,WC-182b6620-806f-5b36-8ab5-34f7f1be7301,1970-06-21,Italy,ITA,Roberto Boninsegna,b9bea45b-2e2d-5807-b8ba-7b4626238a0f,37,False,False
wc_history,WC-182b6620-806f-5b36-8ab5-34f7f1be7301,1970-06-21,Brazil,BRA,Gérson,fde6dd31-12ed-5ee1-a28e-400c3c833f7c,66,False,False
wc_history,WC-182b6620-806f-5b36-8ab5-34f7f1be7301,1970-06-21,Brazil,BRA,Jairzinho,df7e95f2-669e-5d66-a9d7-99afeae3c90a,71,False,False
wc_history,WC-182b6620-806f-5b36-8ab5-34f7f1be7301,1970-06-21,Brazil,BRA,Carlos Alberto,c2170b23-4c53-5fde-ab89-399a99036b26,86,False,False
wc_history,WC-18a56c06-b54b-53e8-81f1-8e0b51eb9f32,1994-07-02,Germany,DEU,Rudi Völler,df4d0641-06bb-53a8-98eb-916fa576ffb6,6,False,False
wc_history,WC-18a56c06-b54b-53e8-81f1-8e0b51eb9f32,1994-07-02,Belgium,BEL,Georges Grün,63790632-5ee0-591c-a13f-fc5ab04c5be6,8,False,False
wc_history,WC-18a56c06-b54b-53e8-81f1-8e0b51eb9f32,1994-07-02,Germany,DEU,Jürgen Klinsmann,67013912-938f-51c7-b4c6-8e1058400553,11,False,False
wc_history,WC-18a56c06-b54b-53e8-81f1-8e0b51eb9f32,1994-07-02,Germany,DEU,Rudi Völler,df4d0641-06bb-53a8-98eb-916fa576ffb6,38,False,False
wc_history,WC-18a56c06-b54b-53e8-81f1-8e0b51eb9f32,1994-07-02,Belgium,BEL,Philippe Albert,7341cb58-bc5c-57c1-b93d-ce8068d66951,90,False,False
wc_history,WC-19217093-0003-5076-8de5-3663d6e9ea21,1994-06-25,Belgium,BEL,Philippe Albert,7341cb58-bc5c-57c1-b93d-ce8068d66951,65,False,False
wc_history,WC-19649b36-4db5-5fde-8fdb-118eddc9bf69,1962-05-30,Colombia,COL,Francisco Zuluaga,ceed44a6-f72e-5a64-8591-f0a6b1746f2b,19,True,False
wc_history,WC-19649b36-4db5-5fde-8fdb-118eddc9bf69,1962-05-30,Uruguay,URY,Luis Cubilla,11ebb875-9190-525f-a786-f2867487a177,56,False,False
wc_history,WC-19649b36-4db5-5fde-8fdb-118eddc9bf69,1962-05-30,Uruguay,URY,José Sasía,a10600d1-e83b-579d-a18f-65abbcde5823,75,False,False
wc_history,WC-1980ebbf-d0b6-5021-b034-ec733736da7d,1930-07-19,Argentina,ARG,Guillermo Stábile,f6c4e5f2-079c-5b10-a65b-20cc9f1b74a6,8,False,False
wc_history,WC-1980ebbf-d0b6-5021-b034-ec733736da7d,1930-07-19,Argentina,ARG,Adolfo Zumelzú,04334e34-2fa8-5d67-985a-95150728f618,12,False,False
wc_history,WC-1980ebbf-d0b6-5021-b034-ec733736da7d,1930-07-19,Argentina,ARG,Guillermo Stábile,f6c4e5f2-079c-5b10-a65b-20cc9f1b74a6,17,False,False
wc_history,WC-1980ebbf-d0b6-5021-b034-ec733736da7d,1930-07-19,Mexico,MEX,Manuel Rosas,6fd9819e-4845-5488-8c5e-63b6cc0217de,42,True,False
wc_history,WC-1980ebbf-d0b6-5021-b034-ec733736da7d,1930-07-19,Argentina,ARG,Francisco Varallo,0261fe76-53f3-5dfb-86d6-9fa9e70cf015,53,False,False
wc_history,WC-1980ebbf-d0b6-5021-b034-ec733736da7d,1930-07-19,Argentina,ARG,Adolfo Zumelzú,04334e34-2fa8-5d67-985a-95150728f618,55,False,False
wc_history,WC-1980ebbf-d0b6-5021-b034-ec733736da7d,1930-07-19,Mexico,MEX,Manuel Rosas,6fd9819e-4845-5488-8c5e-63b6cc0217de,65,False,False
wc_history,WC-1980ebbf-d0b6-5021-b034-ec733736da7d,1930-07-19,Mexico,MEX,Roberto Gayón,336abee6-6cb9-5c9f-98db-d5abf74dcab5,75,False,False
wc_history,WC-1980ebbf-d0b6-5021-b034-ec733736da7d,1930-07-19,Argentina,ARG,Guillermo Stábile,f6c4e5f2-079c-5b10-a65b-20cc9f1b74a6,80,False,False
wc_history,WC-19a7dd23-ad9f-548b-bbd3-f8d081b5cebe,2006-06-16,Argentina,ARG,Maxi Rodríguez,1c7fff17-1ef9-5f57-b5f3-3388be68bd14,6,False,False
wc_history,WC-19a7dd23-ad9f-548b-bbd3-f8d081b5cebe,2006-06-16,Argentina,ARG,Esteban Cambiasso,d4bc8485-b392-5810-bf7e-215b8fa5d8f6,31,False,False
wc_history,WC-19a7dd23-ad9f-548b-bbd3-f8d081b5cebe,2006-06-16,Argentina,ARG,Maxi Rodríguez,1c7fff17-1ef9-5f57-b5f3-3388be68bd14,41,False,False
wc_history,WC-19a7dd23-ad9f-548b-bbd3-f8d081b5cebe,2006-06-16,Argentina,ARG,Hernán Crespo,31c28ea9-9635-58cb-b707-b1ff1a12e118,78,False,False
wc_history,WC-19a7dd23-ad9f-548b-bbd3-f8d081b5cebe,2006-06-16,Argentina,ARG,Carlos Tevez,4361c3d3-932e-5e8f-acec-5cd20d58a087,84,False,False
wc_history,WC-19a7dd23-ad9f-548b-bbd3-f8d081b5cebe,2006-06-16,Argentina,ARG,Lionel Messi,815f9a08-b302-5959-bf1a-759cf2a34a56,88,False,False
wc_history,WC-19baf9f8-6e63-56b7-90e6-47335c8a0ff0,1994-07-10,Germany,DEU,Lothar Matthäus,ebfde2ef-a15b-5e14-8531-2eef0c4bf247,47,True,False
wc_history,WC-19baf9f8-6e63-56b7-90e6-47335c8a0ff0,1994-07-10,Bulgaria,BGR,Hristo Stoichkov,3d429cd6-3d00-5163-a90f-a858f6f900c1,75,False,False
wc_history,WC-19baf9f8-6e63-56b7-90e6-47335c8a0ff0,1994-07-10,Bulgaria,BGR,Yordan Letchkov,d6cc1073-d331-5a4a-8004-423b47f855e2,78,False,False
wc_history,WC-19fee24e-e115-5b53-80cf-03d97a442913,1998-06-27,Brazil,BRA,César Sampaio,ffc665d8-a8f5-5249-aa1f-d7371f751ccf,11,False,False
wc_history,WC-19fee24e-e115-5b53-80cf-03d97a442913,1998-06-27,Brazil,BRA,César Sampaio,ffc665d8-a8f5-5249-aa1f-d7371f751ccf,26,False,False
wc_history,WC-19fee24e-e115-5b53-80cf-03d97a442913,1998-06-27,Brazil,BRA,Ronaldo,c6d7a149-4d7b-59f8-8b38-6acaa67f72f5,45'+3,True,False
wc_history,WC-19fee24e-e115-5b53-80cf-03d97a442913,1998-06-27,Chile,CHL,Marcelo Salas,53cf938f-11fb-54f8-8a10-8414a0f65554,70,False,False
wc_history,WC-19fee24e-e115-5b53-80cf-03d97a442913,1998-06-27,Brazil,BRA,Ronaldo,c6d7a149-4d7b-59f8-8b38-6acaa67f72f5,72,False,False
wc_history,WC-1a1708a4-2305-5f85-ba9a-7354909d76ff,2010-06-18,Slovenia,SVN,Valter Birsa,94f624ef-a449-5c4a-8160-98b7f3f78c58,13,False,False
wc_history,WC-1a1708a4-2305-5f85-ba9a-7354909d76ff,2010-06-18,Slovenia,SVN,Zlatan Ljubijankić,5da6d1df-395d-55b9-b18a-eef448dac17c,42,False,False
wc_history,WC-1a1708a4-2305-5f85-ba9a-7354909d76ff,2010-06-18,United States,USA,Landon Donovan,0331f14f-8ff1-5f99-b0db-753ad30f3330,48,False,False
wc_history,WC-1a1708a4-2305-5f85-ba9a-7354909d76ff,2010-06-18,United States,USA,Michael Bradley,62ecd162-91e9-519a-9112-8d06145bffdc,82,False,False
wc_history,WC-1aa0c8a2-8e4b-5894-b1ec-ee9cdf54c1de,1930-07-16,Chile,CHL,Carlos Vidal,82f7dfc0-a32a-5268-b942-80a012eb6acb,3,False,False
wc_history,WC-1aa0c8a2-8e4b-5894-b1ec-ee9cdf54c1de,1930-07-16,Chile,CHL,Manuel Rosas,6fd9819e-4845-5488-8c5e-63b6cc0217de,52,False,True
wc_history,WC-1aa0c8a2-8e4b-5894-b1ec-ee9cdf54c1de,1930-07-16,Chile,CHL,Carlos Vidal,82f7dfc0-a32a-5268-b942-80a012eb6acb,65,False,False
wc_history,WC-1ab37b68-5b40-543b-a3b4-ba009ef4af93,2014-06-13,Mexico,MEX,Oribe Peralta,3fb5514a-712f-58fa-9de4-154ddfbc9bc6,61,False,False
wc_history,WC-1ac0fe4f-c504-5bcb-9886-e22426b8bb09,1994-06-26,Bulgaria,BGR,Hristo Stoichkov,3d429cd6-3d00-5163-a90f-a858f6f900c1,5,True,False
wc_history,WC-1ac0fe4f-c504-5bcb-9886-e22426b8bb09,1994-06-26,Bulgaria,BGR,Hristo Stoichkov,3d429cd6-3d00-5163-a90f-a858f6f900c1,55,True,False
wc_history,WC-1ac0fe4f-c504-5bcb-9886-e22426b8bb09,1994-06-26,Bulgaria,BGR,Yordan Letchkov,d6cc1073-d331-5a4a-8004-423b47f855e2,65,False,False
wc_history,WC-1ac0fe4f-c504-5bcb-9886-e22426b8bb09,1994-06-26,Bulgaria,BGR,Daniel Borimirov,a4b1e69a-ced7-58b4-86f4-bf9e0d4ad6ce,90,False,False
wc_history,WC-1b69ac3c-dfb0-50bf-a08d-ab353f4031c9,1982-07-10,France,FRA,René Girard,3e758ae7-5744-58c3-b6c1-5e2a6d2a6728,13,False,False
wc_history,WC-1b69ac3c-dfb0-50bf-a08d-ab353f4031c9,1982-07-10,Poland,POL,Andrzej Szarmach,fb3e0212-9f4a-52b3-b12c-9b2fb55e48eb,40,False,False
wc_history,WC-1b69ac3c-dfb0-50bf-a08d-ab353f4031c9,1982-07-10,Poland,POL,Stefan Majewski,5a829925-b840-5fb8-a799-0b09c6fcc230,44,False,False
wc_history,WC-1b69ac3c-dfb0-50bf-a08d-ab353f4031c9,1982-07-10,Poland,POL,Janusz Kupcewicz,bdc62ab4-583d-56f9-a338-2f451ce087aa,46,False,False
wc_history,WC-1b69ac3c-dfb0-50bf-a08d-ab353f4031c9,1982-07-10,France,FRA,Alain Couriol,db9d5197-1be9-57b4-874d-052906c73327,72,False,False
wc_history,WC-1bcbeeb3-243e-5813-984e-165e2279f794,1994-06-26,Colombia,COL,Hermán Gaviria,8c94d033-8889-5cf3-bc72-df06f9f27334,44,False,False
wc_history,WC-1bcbeeb3-243e-5813-984e-165e2279f794,1994-06-26,Colombia,COL,John Harold Lozano,ad61e279-cc44-52a2-818e-0ed039953f76,90,False,False
wc_history,WC-1c049913-eaeb-5c3c-bc1b-1824dd272797,1990-06-19,West Germany,DEU,Pierre Littbarski,0a34d3a6-6f80-5c1e-ae18-ebf9b3c4b0db,88,False,False
wc_history,WC-1c049913-eaeb-5c3c-bc1b-1824dd272797,1990-06-19,Colombia,COL,Freddy Rincón,d3113849-3641-512c-ac53-824ca5733fd9,90'+3,False,False
wc_history,WC-1c20c7ad-c832-5819-bd83-28548079da22,2010-06-19,Netherlands,NLD,Wesley Sneijder,bb23b5b6-c2de-5d14-88fe-f67a7755e02c,53,False,False
wc_history,WC-1c308d61-6d36-5998-b822-6ed40f7521fc,2002-06-11,Senegal,SEN,Khalilou Fadiga,02af5c1b-7585-5eab-b548-c6cd6894bbd2,20,True,False
wc_history,WC-1c308d61-6d36-5998-b822-6ed40f7521fc,2002-06-11,Senegal,SEN,Papa Bouba Diop,57670762-0eac-56b4-960f-8e293f523e01,26,False,False
wc_history,WC-1c308d61-6d36-5998-b822-6ed40f7521fc,2002-06-11,Senegal,SEN,Papa Bouba Diop,57670762-0eac-56b4-960f-8e293f523e01,38,False,False
wc_history,WC-1c308d61-6d36-5998-b822-6ed40f7521fc,2002-06-11,Uruguay,URY,Richard Morales,3fe3ed2c-1755-5b72-a246-1e837665d145,46,False,False
wc_history,WC-1c308d61-6d36-5998-b822-6ed40f7521fc,2002-06-11,Uruguay,URY,Diego Forlán,a4223689-acbc-5480-9194-b61c9ac4ed11,69,False,False
wc_history,WC-1c308d61-6d36-5998-b822-6ed40f7521fc,2002-06-11,Uruguay,URY,Álvaro Recoba,b06d221b-61bc-5664-bf42-d86c64cceea0,88,True,False
wc_history,WC-1c319183-0d1a-592b-99c3-eb543ea85cbe,2006-06-17,Portugal,PRT,Deco,d437532a-09f9-590f-979f-8865fbaffb4c,63,False,False
wc_history,WC-1c319183-0d1a-592b-99c3-eb543ea85cbe,2006-06-17,Portugal,PRT,Cristiano Ronaldo,d3c07451-e83b-55e6-a734-7ec19f9e1083,80,True,False
wc_history,WC-1cb15b39-3256-5f2a-95d2-8903d4677769,1998-06-16,Norway,NOR,Håvard Flo,f61bf0ec-7452-5eb4-9534-eb8690346439,46,False,False
wc_history,WC-1cb15b39-3256-5f2a-95d2-8903d4677769,1998-06-16,Scotland,SCO,Craig Burley,aa671ff5-80af-5fc1-819f-a5537bec2438,66,False,False
wc_history,WC-1d0e2f77-c9fb-5312-8b6a-d7b56e7b2380,1990-06-09,Italy,ITA,Salvatore Schillaci,c97e904c-bb91-5d91-a795-34212acc0762,78,False,False
wc_history,WC-1d5ffd68-8910-52b3-ba4d-4579b9288972,1934-05-27,Romania,ROU,Ștefan Dobay,f37a316c-daf7-5d5c-af9d-59f762f8da85,11,False,False
wc_history,WC-1d5ffd68-8910-52b3-ba4d-4579b9288972,1934-05-27,Czechoslovakia,CSK,Antonín Puč,ccb08543-61d7-5e0e-ad21-0bb3c47cc138,50,False,False
wc_history,WC-1d5ffd68-8910-52b3-ba4d-4579b9288972,1934-05-27,Czechoslovakia,CSK,Oldřich Nejedlý,f35407ce-69f9-5252-9bdf-0d3e842402fe,67,False,False
wc_history,WC-1d6a572f-5dbf-54aa-b5b0-331ffce83748,2010-06-26,Uruguay,URY,Luis Suárez,e5ec2cba-2a38-5a44-ba9d-0ca9a219e723,8,False,False
wc_history,WC-1d6a572f-5dbf-54aa-b5b0-331ffce83748,2010-06-26,South Korea,KOR,Chung-yong Lee,3e763879-af43-55a2-88da-84f880edefa4,68,False,False
wc_history,WC-1d6a572f-5dbf-54aa-b5b0-331ffce83748,2010-06-26,Uruguay,URY,Luis Suárez,e5ec2cba-2a38-5a44-ba9d-0ca9a219e723,80,False,False
wc_history,WC-1dadab8f-d6c9-5e50-a4bb-13b571175e29,1982-06-19,Soviet Union,SUN,Yuri Gavrilov,607da6a7-c497-5ec0-84c8-9b2569c4dc24,24,False,False
wc_history,WC-1dadab8f-d6c9-5e50-a4bb-13b571175e29,1982-06-19,Soviet Union,SUN,Oleh Blokhin,139de5fb-297a-5ff0-8427-400185517fbf,48,False,False
wc_history,WC-1dadab8f-d6c9-5e50-a4bb-13b571175e29,1982-06-19,Soviet Union,SUN,Sergei Baltacha,9b71c635-6795-557d-8057-4bf4066120c5,68,False,False
wc_history,WC-1dc27e51-a68c-5152-a8b7-a13d9eb868c9,1966-07-12,Brazil,BRA,Pelé,706445cd-23b9-56b6-8d64-0d9a3f6e8125,15,False,False
wc_history,WC-1dc27e51-a68c-5152-a8b7-a13d9eb868c9,1966-07-12,Brazil,BRA,Garrincha,5d98496e-60cc-555e-a138-b918f80168ca,63,False,False
wc_history,WC-1e8697e1-a631-5c6b-9f79-d43d40ca35aa,2002-06-15,Germany,DEU,Oliver Neuville,71729eae-8bdf-5188-b011-be3b09b68a5b,88,False,False
wc_history,WC-1ebb4704-247b-5c1f-bec7-e98891356bd7,1986-06-04,Denmark,DNK,Preben Elkjær,bb4af430-cfbb-58d4-8d63-553088286792,57,False,False
wc_history,WC-1ec15caf-bacd-53d7-8ecd-ef8281a28fd0,1994-06-21,Nigeria,NGA,Rashidi Yekini,3d66ddd2-d565-54ff-ab63-f40ce6f0ab0f,21,False,False
wc_history,WC-1ec15caf-bacd-53d7-8ecd-ef8281a28fd0,1994-06-21,Nigeria,NGA,Daniel Amokachi,3122b91a-59c8-53f3-949c-445510437cdc,43,False,False
wc_history,WC-1ec15caf-bacd-53d7-8ecd-ef8281a28fd0,1994-06-21,Nigeria,NGA,Emmanuel Amunike,16feead4-5d70-562a-9844-df28241a4b3b,55,False,False
wc_history,WC-1ef3e05e-44e1-5524-8627-62051920a30f,2014-06-28,Colombia,COL,James Rodríguez,4c936157-4d63-517d-bdc0-4b594567d23a,28,False,False
wc_history,WC-1ef3e05e-44e1-5524-8627-62051920a30f,2014-06-28,Colombia,COL,James Rodríguez,4c936157-4d63-517d-bdc0-4b594567d23a,50,False,False
wc_history,WC-1f267556-3574-5a93-8d0c-607dd1d55979,2006-06-14,Germany,DEU,Oliver Neuville,71729eae-8bdf-5188-b011-be3b09b68a5b,90'+1,False,False
wc_history,WC-1f2f2b78-eb02-5b56-912e-ef3eaaf9584e,2022-11-25,Senegal,SEN,Boulaye Dia,d854b125-5f64-5d4a-8b2d-63b04e556da3,41,False,False
wc_history,WC-1f2f2b78-eb02-5b56-912e-ef3eaaf9584e,2022-11-25,Senegal,SEN,Famara Diédhiou,e59e93d3-5bbb-5a02-b8e1-fdab1c9fcbc7,48,False,False
wc_history,WC-1f2f2b78-eb02-5b56-912e-ef3eaaf9584e,2022-11-25,Qatar,QAT,Mohammed Muntari,0fa06a56-90d1-545e-bdcc-1b6a789a4433,78,False,False
wc_history,WC-1f2f2b78-eb02-5b56-912e-ef3eaaf9584e,2022-11-25,Senegal,SEN,Bamba Dieng,932cfe13-bcdd-536d-bd96-f79dff85b9e8,84,False,False
wc_history,WC-1f4e3626-a4b9-5a11-b971-a539e0694b2a,2014-06-18,Chile,CHL,Eduardo Vargas,99019a1a-04db-56e0-bebd-486066518000,20,False,False
wc_history,WC-1f4e3626-a4b9-5a11-b971-a539e0694b2a,2014-06-18,Chile,CHL,Charles Aránguiz,08af9efc-484e-5096-8fc1-520d3c7f8a76,43,False,False
wc_history,WC-1faae688-d8f1-59ab-8bc4-c38bc3d9e23d,1974-06-14,West Germany,DEU,Paul Breitner,674fbf19-d950-58b9-a59d-bf402d5f6aec,18,False,False
wc_history,WC-1fac17c0-1a6d-5cc6-82c9-c06902042e0f,1994-06-21,Argentina,ARG,Gabriel Batistuta,b9ee0af3-0bc4-5d1d-aa2a-0ede858b5147,2,False,False
wc_history,WC-1fac17c0-1a6d-5cc6-82c9-c06902042e0f,1994-06-21,Argentina,ARG,Gabriel Batistuta,b9ee0af3-0bc4-5d1d-aa2a-0ede858b5147,44,False,False
wc_history,WC-1fac17c0-1a6d-5cc6-82c9-c06902042e0f,1994-06-21,Argentina,ARG,Diego Maradona,3f00458e-da43-502e-ad10-2318ba2694df,60,False,False
wc_history,WC-1fac17c0-1a6d-5cc6-82c9-c06902042e0f,1994-06-21,Argentina,ARG,Gabriel Batistuta,b9ee0af3-0bc4-5d1d-aa2a-0ede858b5147,90,True,False
wc_history,WC-1fcc4c0b-4fea-50ff-a954-bc050e752c26,1978-06-21,Argentina,ARG,Mario Kempes,24f32533-bea2-57d3-806f-f01120e3d751,21,False,False
wc_history,WC-1fcc4c0b-4fea-50ff-a954-bc050e752c26,1978-06-21,Argentina,ARG,Alberto Tarantini,2c230c71-be87-56a1-aa9d-c4ac8ab87092,43,False,False
wc_history,WC-1fcc4c0b-4fea-50ff-a954-bc050e752c26,1978-06-21,Argentina,ARG,Mario Kempes,24f32533-bea2-57d3-806f-f01120e3d751,49,False,False
wc_history,WC-1fcc4c0b-4fea-50ff-a954-bc050e752c26,1978-06-21,Argentina,ARG,Leopoldo Luque,cf4f765a-3e7d-5a12-9893-0692b5f44436,50,False,False
wc_history,WC-1fcc4c0b-4fea-50ff-a954-bc050e752c26,1978-06-21,Argentina,ARG,René Houseman,9a53ccc5-5801-5c59-b589-938c87f0d68f,67,False,False
wc_history,WC-1fcc4c0b-4fea-50ff-a954-bc050e752c26,1978-06-21,Argentina,ARG,Leopoldo Luque,cf4f765a-3e7d-5a12-9893-0692b5f44436,72,False,False
wc_history,WC-1ffc8f62-452c-5a03-ab68-dfb18d46b7d8,2006-06-23,Ukraine,UKR,Andriy Shevchenko,915fd96c-d612-5f72-9a72-c07f8eb47de6,70,True,False
wc_history,WC-2035e8d6-71bc-54ea-9942-4202f06895f9,2022-11-29,Senegal,SEN,Ismaïla Sarr,0bd46d68-f571-58f7-a2e0-15ea7b6cea4e,44,True,False
wc_history,WC-2035e8d6-71bc-54ea-9942-4202f06895f9,2022-11-29,Ecuador,ECU,Moisés Caicedo,4a85efa8-f858-5d81-9f4e-50c1e4fbb6b2,67,False,False
wc_history,WC-2035e8d6-71bc-54ea-9942-4202f06895f9,2022-11-29,Senegal,SEN,Kalidou Koulibaly,974c07d2-d12f-59a3-954e-cb702793d1e9,70,False,False
wc_history,WC-20561103-d2d9-5968-b7fe-18ebb8930605,2018-06-21,Denmark,DNK,Christian Eriksen,bdfe3839-13c1-5bc2-bb89-1665c78f744f,7,False,False
wc_history,WC-20561103-d2d9-5968-b7fe-18ebb8930605,2018-06-21,Australia,AUS,Mile Jedinak,84163814-c8bf-5b52-9a13-43804342add0,38,True,False
wc_history,WC-20776be1-2564-5ac0-8a94-f686795b9f3c,1998-06-20,Belgium,BEL,Marc Wilmots,8fed4d5c-13dc-5300-a034-b291a86a69fd,42,False,False
wc_history,WC-20776be1-2564-5ac0-8a94-f686795b9f3c,1998-06-20,Belgium,BEL,Marc Wilmots,8fed4d5c-13dc-5300-a034-b291a86a69fd,47,False,False
wc_history,WC-20776be1-2564-5ac0-8a94-f686795b9f3c,1998-06-20,Mexico,MEX,Alberto García Aspe,5d4d3101-6e59-56a8-8113-83b297ab86ce,55,True,False
wc_history,WC-20776be1-2564-5ac0-8a94-f686795b9f3c,1998-06-20,Mexico,MEX,Cuauhtémoc Blanco,ca13d28f-f126-5f62-82d7-d9a37687f6e4,62,False,False
wc_history,WC-20828bb3-f6d0-505c-b71d-eb61ebb69f1f,2014-06-21,Nigeria,NGA,Peter Odemwingie,f20acbf8-5304-5931-8725-1fd1df7e380f,29,False,False
wc_history,WC-20f9b373-2ca0-51ae-ab07-88ad58bcafab,2010-07-03,Spain,ESP,David Villa,2b9ca28d-1a77-58e2-b9c9-bed97e2a8233,83,False,False
wc_history,WC-217e8a35-c3de-5769-8b44-b74fa550bc4c,2002-06-21,England,ENG,Michael Owen,04287b0d-24cb-5c63-8583-7ec03173ce19,23,False,False
wc_history,WC-217e8a35-c3de-5769-8b44-b74fa550bc4c,2002-06-21,Brazil,BRA,Rivaldo,3bf52051-d43a-5b2b-9dbc-281ba13f5969,45'+2,False,False
wc_history,WC-217e8a35-c3de-5769-8b44-b74fa550bc4c,2002-06-21,Brazil,BRA,Ronaldinho,5a8bf62e-c509-5e90-854a-6690a5113cae,50,False,False
wc_history,WC-2195713d-1db0-5dcb-9f0e-d6ce2b6502a9,1966-07-23,Soviet Union,SUN,Igor Chislenko,6a401215-49bf-53b8-94bd-0a9d0024232a,5,False,False
wc_history,WC-2195713d-1db0-5dcb-9f0e-d6ce2b6502a9,1966-07-23,Soviet Union,SUN,Valeriy Porkujan,e0143a1d-3ace-5d4c-9dad-0559f2c176d0,46,False,False
wc_history,WC-2195713d-1db0-5dcb-9f0e-d6ce2b6502a9,1966-07-23,Hungary,HUN,Ferenc Bene,cea57e46-1607-5b3c-a29b-d88941bc8392,57,False,False
wc_history,WC-21eac5ac-d968-53c0-a987-ffc1286296c9,1990-06-21,England,ENG,Mark Wright,a3ca2b97-f568-54c0-8e13-900656016ac3,58,False,False
wc_history,WC-22791fd1-285c-5d70-a812-0c64bdcacacc,1994-06-27,Spain,ESP,Josep Guardiola,e65acc1f-cc25-5001-9397-8564bb2ebb93,19,True,False
wc_history,WC-22791fd1-285c-5d70-a812-0c64bdcacacc,1994-06-27,Spain,ESP,José Luis Caminero,4eaec356-5c31-5067-a536-a62c3b209f1d,66,False,False
wc_history,WC-22791fd1-285c-5d70-a812-0c64bdcacacc,1994-06-27,Bolivia,BOL,Erwin Sánchez,7583a0c6-8506-5243-8620-596fdd1fcd0f,67,False,False
wc_history,WC-22791fd1-285c-5d70-a812-0c64bdcacacc,1994-06-27,Spain,ESP,José Luis Caminero,4eaec356-5c31-5067-a536-a62c3b209f1d,70,False,False
wc_history,WC-228f2acd-0093-5ac3-b4b3-d41a2761be6d,2014-06-25,Argentina,ARG,Lionel Messi,815f9a08-b302-5959-bf1a-759cf2a34a56,3,False,False
wc_history,WC-228f2acd-0093-5ac3-b4b3-d41a2761be6d,2014-06-25,Nigeria,NGA,Ahmed Musa,2253fafa-65f1-596b-8725-843c67ed89a7,4,False,False
wc_history,WC-228f2acd-0093-5ac3-b4b3-d41a2761be6d,2014-06-25,Argentina,ARG,Lionel Messi,815f9a08-b302-5959-bf1a-759cf2a34a56,45'+1,False,False
wc_history,WC-228f2acd-0093-5ac3-b4b3-d41a2761be6d,2014-06-25,Nigeria,NGA,Ahmed Musa,2253fafa-65f1-596b-8725-843c67ed89a7,47,False,False
wc_history,WC-228f2acd-0093-5ac3-b4b3-d41a2761be6d,2014-06-25,Argentina,ARG,Marcos Rojo,c21eec19-11cb-508a-b40c-23f30d2f9b1b,50,False,False
wc_history,WC-22a71f19-a9d3-5080-a157-3e1fb197a5cd,1998-06-30,Croatia,HRV,Davor Šuker,3e48e77f-d637-5a57-a13e-0b28d358ce7e,45'+2,True,False
wc_history,WC-235fb742-37da-5fd5-9715-99f4b268ba3f,2022-11-26,Australia,AUS,Mitchell Duke,8ff0d0e7-8050-5f40-bdfd-1d70eadebdad,23,False,False
wc_history,WC-2363d7be-58ad-5935-9ef0-6147f078f93e,1986-06-12,Brazil,BRA,Careca,3892ad77-2e0e-5527-ad84-b886c4d2d9da,15,False,False
wc_history,WC-2363d7be-58ad-5935-9ef0-6147f078f93e,1986-06-12,Brazil,BRA,Josimar,3a6a82c7-cef2-5270-89ef-5d07857a4d3f,42,False,False
wc_history,WC-2363d7be-58ad-5935-9ef0-6147f078f93e,1986-06-12,Brazil,BRA,Careca,3892ad77-2e0e-5527-ad84-b886c4d2d9da,87,False,False
wc_history,WC-238aaa82-523f-513d-bbcb-0c7f1a565194,2022-11-22,Australia,AUS,Craig Goodwin,046c681b-ea28-5548-b289-046b9019c9b9,9,False,False
wc_history,WC-238aaa82-523f-513d-bbcb-0c7f1a565194,2022-11-22,France,FRA,Adrien Rabiot,8a545e9e-09e1-5885-871b-7cf039d111ea,27,False,False
wc_history,WC-238aaa82-523f-513d-bbcb-0c7f1a565194,2022-11-22,France,FRA,Olivier Giroud,344155a3-7453-539a-b0f9-5b780436c5bd,32,False,False
wc_history,WC-238aaa82-523f-513d-bbcb-0c7f1a565194,2022-11-22,France,FRA,Kylian Mbappé,3ea58353-474b-5011-a28c-af53e448cfc5,68,False,False
wc_history,WC-238aaa82-523f-513d-bbcb-0c7f1a565194,2022-11-22,France,FRA,Olivier Giroud,344155a3-7453-539a-b0f9-5b780436c5bd,71,False,False
wc_history,WC-23d3069d-7390-56c5-b18d-1d005684985d,2002-06-09,Ecuador,ECU,Agustín Delgado,c74c09f0-a170-57c7-a7e5-6cc7dc4f4f48,5,False,False
wc_history,WC-23d3069d-7390-56c5-b18d-1d005684985d,2002-06-09,Mexico,MEX,Jared Borgetti,d7d8be4c-3701-503e-8c2f-6a581e779e63,28,False,False
wc_history,WC-23d3069d-7390-56c5-b18d-1d005684985d,2002-06-09,Mexico,MEX,Gerardo Torrado,22401e28-0d6e-5394-bbac-8b0fc52ee55e,57,False,False
wc_history,WC-24264cd3-5c36-5bb4-a6a0-50abbcc81215,2006-07-09,France,FRA,Zinedine Zidane,c1ce7ba5-2832-5ec6-b39e-1698aa7a5d97,7,True,False
wc_history,WC-24264cd3-5c36-5bb4-a6a0-50abbcc81215,2006-07-09,Italy,ITA,Marco Materazzi,569f6b79-3af5-50a4-ae2c-7558914dd06a,19,False,False
wc_history,WC-24535975-6693-5a4c-b10b-28317ac5b7b6,1934-05-31,Germany,DEU,Karl Hohmann,722ac545-5bfc-50ee-8a8c-4bb3ccecee20,60,False,False
wc_history,WC-24535975-6693-5a4c-b10b-28317ac5b7b6,1934-05-31,Germany,DEU,Karl Hohmann,722ac545-5bfc-50ee-8a8c-4bb3ccecee20,63,False,False
wc_history,WC-24535975-6693-5a4c-b10b-28317ac5b7b6,1934-05-31,Sweden,SWE,Gösta Dunker,adcd1ae7-f6a4-5a52-beeb-1a1829e34178,82,False,False
wc_history,WC-24acdd27-4d4e-5206-b00c-7837de1ff40b,1950-06-29,United States,USA,Joe Gaetjens,2d448296-6ebf-52e8-bc86-175926eb64ed,38,False,False
wc_history,WC-24f51b61-59f0-53bd-9d54-32f5de9c9cb0,1978-06-06,West Germany,DEU,Dieter Müller,041a86f9-d555-581f-ac6a-824b62500b20,15,False,False
wc_history,WC-24f51b61-59f0-53bd-9d54-32f5de9c9cb0,1978-06-06,West Germany,DEU,Hansi Müller,2b95c72f-d74a-5ae1-9526-797a55b1ca6b,30,False,False
wc_history,WC-24f51b61-59f0-53bd-9d54-32f5de9c9cb0,1978-06-06,West Germany,DEU,Karl-Heinz Rummenigge,b779ca86-8ac7-568e-af16-5c00f4f48422,38,False,False
wc_history,WC-24f51b61-59f0-53bd-9d54-32f5de9c9cb0,1978-06-06,West Germany,DEU,Heinz Flohe,ffca95dd-aade-5d27-8caf-0507b5511c96,44,False,False
wc_history,WC-24f51b61-59f0-53bd-9d54-32f5de9c9cb0,1978-06-06,West Germany,DEU,Karl-Heinz Rummenigge,b779ca86-8ac7-568e-af16-5c00f4f48422,73,False,False
wc_history,WC-24f51b61-59f0-53bd-9d54-32f5de9c9cb0,1978-06-06,West Germany,DEU,Heinz Flohe,ffca95dd-aade-5d27-8caf-0507b5511c96,89,False,False
wc_history,WC-25262be2-9788-56f9-8f0a-da8244593ec8,2010-06-15,Slovakia,SVK,Róbert Vittek,9d32285b-5c79-56af-90ac-3e8336d3bc1e,50,False,False
wc_history,WC-25262be2-9788-56f9-8f0a-da8244593ec8,2010-06-15,New Zealand,NZL,Winston Reid,856d6df3-9364-5052-b73e-530d4e3e9492,90'+3,False,False
wc_history,WC-258bfc9b-3cf1-52b1-9fee-611af2d60e38,1994-07-13,Italy,ITA,Roberto Baggio,cf05a9b9-1ccf-5c78-b51e-a685a5a6a6b9,21,False,False
wc_history,WC-258bfc9b-3cf1-52b1-9fee-611af2d60e38,1994-07-13,Italy,ITA,Roberto Baggio,cf05a9b9-1ccf-5c78-b51e-a685a5a6a6b9,25,False,False
wc_history,WC-258bfc9b-3cf1-52b1-9fee-611af2d60e38,1994-07-13,Bulgaria,BGR,Hristo Stoichkov,3d429cd6-3d00-5163-a90f-a858f6f900c1,44,True,False
wc_history,WC-25a01af2-a30e-5367-88ce-29101938bc49,1990-07-07,Italy,ITA,Roberto Baggio,cf05a9b9-1ccf-5c78-b51e-a685a5a6a6b9,71,False,False
wc_history,WC-25a01af2-a30e-5367-88ce-29101938bc49,1990-07-07,England,ENG,David Platt,c57771e0-f11f-500a-bcfd-2575d163b59e,81,False,False
wc_history,WC-25a01af2-a30e-5367-88ce-29101938bc49,1990-07-07,Italy,ITA,Salvatore Schillaci,c97e904c-bb91-5d91-a795-34212acc0762,86,True,False
wc_history,WC-25c6586e-434c-542f-99d3-88f77131ec7c,1986-06-07,Mexico,MEX,Luis Flores,a154fcd7-01c3-5b67-8214-88d38c0b8f18,3,False,False
wc_history,WC-25c6586e-434c-542f-99d3-88f77131ec7c,1986-06-07,Paraguay,PRY,Julio César Romero,5c8f0fb4-f2cd-54ba-80f1-698fe2e7463d,85,False,False
wc_history,WC-25da359e-0792-5848-862e-352eb41d6660,1994-07-04,Brazil,BRA,Bebeto,e7c94ebc-d230-5886-98a9-63258c360dd8,72,False,False
wc_history,WC-2694f3dd-3397-5cfa-b138-4606e9e51a2b,1982-06-23,Italy,ITA,Francesco Graziani,daf5d8eb-597e-5cf5-ba38-9f4a1ad604c0,60,False,False
wc_history,WC-2694f3dd-3397-5cfa-b138-4606e9e51a2b,1982-06-23,Cameroon,CMR,Grégoire M'Bida,a5f51bf6-3c5a-5db7-9fb3-3f8e463f5028,61,False,False
wc_history,WC-26d8483c-e63b-5c62-9521-785d7b594558,2022-11-27,Morocco,MAR,Romain Saïss,388e0ebf-f40e-5455-8ae2-594b5317b4b9,73,False,False
wc_history,WC-26d8483c-e63b-5c62-9521-785d7b594558,2022-11-27,Morocco,MAR,Zakaria Aboukhlal,478ea319-5e3d-5713-896e-52548e440ffb,90'+2,False,False
wc_history,WC-270c2983-ed34-5ce7-8aca-3f9a7b1b3d05,1982-06-16,Algeria,DZA,Rabah Madjer,0509e0ee-c668-581c-b219-8a8f18d1d974,54,False,False
wc_history,WC-270c2983-ed34-5ce7-8aca-3f9a7b1b3d05,1982-06-16,West Germany,DEU,Karl-Heinz Rummenigge,b779ca86-8ac7-568e-af16-5c00f4f48422,67,False,False
wc_history,WC-270c2983-ed34-5ce7-8aca-3f9a7b1b3d05,1982-06-16,Algeria,DZA,Lakhdar Belloumi,8bff4a1d-536e-5bbc-8ab9-c82a210753cd,68,False,False
wc_history,WC-2717a18a-6209-5af0-b222-d939b586407b,1998-06-10,Morocco,MAR,Mustapha Hadji,89537173-e69d-575e-9139-1eb78ce36c6c,37,False,False
wc_history,WC-2717a18a-6209-5af0-b222-d939b586407b,1998-06-10,Norway,NOR,Youssef Chippo,74ba0b95-9837-5628-809b-3afd0c2382a5,45'+1,False,True
wc_history,WC-2717a18a-6209-5af0-b222-d939b586407b,1998-06-10,Morocco,MAR,Abdeljalil Hadda,00a2b040-beda-5b68-a324-d18718d6727c,60,False,False
wc_history,WC-2717a18a-6209-5af0-b222-d939b586407b,1998-06-10,Norway,NOR,Dan Eggen,c945088a-27f4-5022-b658-0dbe033694a9,61,False,False
wc_history,WC-2729ae65-b368-56c0-96b2-f0a531933655,1930-07-17,Yugoslavia,YUG,Ivan Bek,dbf4c902-2354-5123-898d-eb62ba965bc3,60,False,False
wc_history,WC-2729ae65-b368-56c0-96b2-f0a531933655,1930-07-17,Yugoslavia,YUG,Blagoje Marjanović,3818a7dc-4939-56f3-a60b-57b0a5f5c885,65,False,False
wc_history,WC-2729ae65-b368-56c0-96b2-f0a531933655,1930-07-17,Yugoslavia,YUG,Ivan Bek,dbf4c902-2354-5123-898d-eb62ba965bc3,67,False,False
wc_history,WC-2729ae65-b368-56c0-96b2-f0a531933655,1930-07-17,Yugoslavia,YUG,Đorđe Vujadinović,86a29e06-0090-591b-95e3-ad2353dc5509,85,False,False
wc_history,WC-27362fd6-5173-57da-b50c-bf53b0fca0b7,1978-06-21,Brazil,BRA,Nelinho,b668bfce-ba3c-5107-8983-8ce9616889eb,13,False,False
wc_history,WC-27362fd6-5173-57da-b50c-bf53b0fca0b7,1978-06-21,Poland,POL,Grzegorz Lato,91ee4735-acc4-5e2a-bf5f-3876d20190dd,45,False,False
wc_history,WC-27362fd6-5173-57da-b50c-bf53b0fca0b7,1978-06-21,Brazil,BRA,Roberto Dinamite,5af89fd9-00d3-5c60-91cd-bc7748b0ca10,58,False,False
wc_history,WC-27362fd6-5173-57da-b50c-bf53b0fca0b7,1978-06-21,Brazil,BRA,Roberto Dinamite,5af89fd9-00d3-5c60-91cd-bc7748b0ca10,63,False,False
wc_history,WC-2780cb34-c75d-5960-8f8f-7543a929e494,2018-06-18,England,ENG,Harry Kane,9cf6c4fd-8cf5-5ba2-b963-ee29be578f7d,11,False,False
wc_history,WC-2780cb34-c75d-5960-8f8f-7543a929e494,2018-06-18,Tunisia,TUN,Ferjani Sassi,0fdba9be-d13e-525f-9d32-579a9238065b,35,True,False
wc_history,WC-2780cb34-c75d-5960-8f8f-7543a929e494,2018-06-18,England,ENG,Harry Kane,9cf6c4fd-8cf5-5ba2-b963-ee29be578f7d,90'+1,False,False
wc_history,WC-27f3598e-df51-5241-8fcf-380c8db200b4,1982-07-11,Italy,ITA,Paolo Rossi,89c7528b-4e1b-5141-97ed-746c280e9a4a,57,False,False
wc_history,WC-27f3598e-df51-5241-8fcf-380c8db200b4,1982-07-11,Italy,ITA,Marco Tardelli,abf1d8a6-1e98-5e08-a750-1aec0eb7d36d,69,False,False
wc_history,WC-27f3598e-df51-5241-8fcf-380c8db200b4,1982-07-11,Italy,ITA,Alessandro Altobelli,a6a97d0d-7059-5b81-bce1-28d6029bdf52,81,False,False
wc_history,WC-27f3598e-df51-5241-8fcf-380c8db200b4,1982-07-11,West Germany,DEU,Paul Breitner,674fbf19-d950-58b9-a59d-bf402d5f6aec,83,False,False
wc_history,WC-28738b03-5f28-5092-ae1f-f01db2281183,1982-06-25,England,ENG,Trevor Francis,d0c6df45-d570-552d-8537-0e472ec6a298,27,False,False
wc_history,WC-288e24a0-36ea-53b8-bfb3-cff6be8ce5f3,1982-06-28,France,FRA,Bernard Genghini,dbeb4d83-0fce-5d35-86ab-b33d6fd78aab,39,False,False
wc_history,WC-295257b6-9e6f-5268-a9d7-b3f8352edd3b,1998-06-26,Jamaica,JAM,Theodore Whitmore,ccf7297c-8726-5828-b42a-0753ed485e01,39,False,False
wc_history,WC-295257b6-9e6f-5268-a9d7-b3f8352edd3b,1998-06-26,Jamaica,JAM,Theodore Whitmore,ccf7297c-8726-5828-b42a-0753ed485e01,54,False,False
wc_history,WC-295257b6-9e6f-5268-a9d7-b3f8352edd3b,1998-06-26,Japan,JPN,Masashi Nakayama,552af173-395a-5bdf-bd73-a2b58648dd00,74,False,False
wc_history,WC-2952fe99-b035-5a09-92fd-34529d38a1d0,1954-06-19,Austria,AUT,Ernst Stojaspal,ade53f85-2b59-5e00-8fc5-4d339aa1f2c2,3,False,False
wc_history,WC-2952fe99-b035-5a09-92fd-34529d38a1d0,1954-06-19,Austria,AUT,Erich Probst,b659905b-a0ed-51bd-bb9f-6b97adfa5a8a,4,False,False
wc_history,WC-2952fe99-b035-5a09-92fd-34529d38a1d0,1954-06-19,Austria,AUT,Erich Probst,b659905b-a0ed-51bd-bb9f-6b97adfa5a8a,21,False,False
wc_history,WC-2952fe99-b035-5a09-92fd-34529d38a1d0,1954-06-19,Austria,AUT,Erich Probst,b659905b-a0ed-51bd-bb9f-6b97adfa5a8a,24,False,False
wc_history,WC-2952fe99-b035-5a09-92fd-34529d38a1d0,1954-06-19,Austria,AUT,Ernst Stojaspal,ade53f85-2b59-5e00-8fc5-4d339aa1f2c2,65,False,False
wc_history,WC-29df7951-3545-564d-be5c-2fdeafb19531,2002-06-12,Spain,ESP,Raúl,e68bbebd-6ce8-5d08-823f-12968274ea01,4,False,False
wc_history,WC-29df7951-3545-564d-be5c-2fdeafb19531,2002-06-12,South Africa,ZAF,Benni McCarthy,cb819926-7c95-57cb-a5cf-f53ae082a27b,31,False,False
wc_history,WC-29df7951-3545-564d-be5c-2fdeafb19531,2002-06-12,Spain,ESP,Gaizka Mendieta,52263d99-b10e-5ec0-895b-ac108ce07f9c,45'+1,False,False
wc_history,WC-29df7951-3545-564d-be5c-2fdeafb19531,2002-06-12,South Africa,ZAF,Lucas Radebe,da4b3f8d-3cbb-5c92-a9be-ead6806632de,53,False,False
wc_history,WC-29df7951-3545-564d-be5c-2fdeafb19531,2002-06-12,Spain,ESP,Raúl,e68bbebd-6ce8-5d08-823f-12968274ea01,56,False,False
wc_history,WC-2a2f1ae5-7aa4-5dc4-9310-daa3f597d6e1,2022-11-23,Belgium,BEL,Michy Batshuayi,37859ac3-e93d-5fc2-b273-f1f3c6436883,44,False,False
wc_history,WC-2a6bdb8b-1c3e-5964-adb1-e632de560094,2022-11-26,Poland,POL,Piotr Zieliński,9171060f-b438-5fa0-bc22-e0738d2d80b0,39,False,False
wc_history,WC-2a6bdb8b-1c3e-5964-adb1-e632de560094,2022-11-26,Poland,POL,Robert Lewandowski,dbecf2cb-9ac6-5f95-af00-5760519fd634,82,False,False
wc_history,WC-2a7933b9-8470-52d1-a73f-5a01a84cf425,1958-06-08,Yugoslavia,YUG,Aleksandar Petaković,42ced4a8-8e37-5800-87da-4b6e184784ea,6,False,False
wc_history,WC-2a7933b9-8470-52d1-a73f-5a01a84cf425,1958-06-08,Scotland,SCO,Jimmy Murray,d8796505-b2d9-59c3-8766-48355199f5cf,49,False,False
wc_history,WC-2ae8839a-8564-59f5-8043-2cc4974e2edc,1954-06-20,Turkey,TUR,Suat Mamat,3384415d-d071-5fbb-b0e2-d2a2ac659657,10,False,False
wc_history,WC-2ae8839a-8564-59f5-8043-2cc4974e2edc,1954-06-20,Turkey,TUR,Lefter Küçükandonyadis,f36e0815-7b12-5c6f-b16d-5f99737ea379,24,False,False
wc_history,WC-2ae8839a-8564-59f5-8043-2cc4974e2edc,1954-06-20,Turkey,TUR,Suat Mamat,3384415d-d071-5fbb-b0e2-d2a2ac659657,30,False,False
wc_history,WC-2ae8839a-8564-59f5-8043-2cc4974e2edc,1954-06-20,Turkey,TUR,Burhan Sargun,77570016-9cdc-5f07-839b-76c174e558e1,37,False,False
wc_history,WC-2ae8839a-8564-59f5-8043-2cc4974e2edc,1954-06-20,Turkey,TUR,Burhan Sargun,77570016-9cdc-5f07-839b-76c174e558e1,64,False,False
wc_history,WC-2ae8839a-8564-59f5-8043-2cc4974e2edc,1954-06-20,Turkey,TUR,Burhan Sargun,77570016-9cdc-5f07-839b-76c174e558e1,70,False,False
wc_history,WC-2ae8839a-8564-59f5-8043-2cc4974e2edc,1954-06-20,Turkey,TUR,Erol Keskin,881aca17-0a3a-5f62-a48c-539ae5676f97,76,False,False
wc_history,WC-2b8207ac-01e9-5dbd-9411-4b7a972f72ee,1950-07-13,Sweden,SWE,Karl-Erik Palmér,513fb2a6-1ae8-58c3-b935-684567c8b4dc,5,False,False
wc_history,WC-2b8207ac-01e9-5dbd-9411-4b7a972f72ee,1950-07-13,Uruguay,URY,Alcides Ghiggia,b0ad567b-bb18-5345-a79e-cea117e60fbf,39,False,False
wc_history,WC-2b8207ac-01e9-5dbd-9411-4b7a972f72ee,1950-07-13,Sweden,SWE,Stig Sundqvist,b455d005-bfca-58dc-b82f-3f9dc5cb9cec,40,False,False
wc_history,WC-2b8207ac-01e9-5dbd-9411-4b7a972f72ee,1950-07-13,Uruguay,URY,Oscar Míguez,573decc0-ca0e-555d-a8c6-accd4bdffa4a,77,False,False
wc_history,WC-2b8207ac-01e9-5dbd-9411-4b7a972f72ee,1950-07-13,Uruguay,URY,Oscar Míguez,573decc0-ca0e-555d-a8c6-accd4bdffa4a,85,False,False
wc_history,WC-2bc30812-5642-56e5-aeb3-9907b3a5d168,1954-06-19,France,FRA,Jean Vincent,e97114c8-7ebd-5ca1-b98a-dfa78db49278,19,False,False
wc_history,WC-2bc30812-5642-56e5-aeb3-9907b3a5d168,1954-06-19,France,FRA,Raúl Cárdenas,1ca80257-5dad-5d27-bade-05dbfa8884e9,46,False,True
wc_history,WC-2bc30812-5642-56e5-aeb3-9907b3a5d168,1954-06-19,Mexico,MEX,José Luis Lamadrid,d9a8c0c5-e6d6-5a06-821a-8813beadda75,54,False,False
wc_history,WC-2bc30812-5642-56e5-aeb3-9907b3a5d168,1954-06-19,Mexico,MEX,Tomás Balcázar,d092b336-d8d5-537c-b5f1-aa3506b68ff6,85,False,False
wc_history,WC-2bc30812-5642-56e5-aeb3-9907b3a5d168,1954-06-19,France,FRA,Raymond Kopa,52b26762-d58e-5a6c-823c-fcfcdbb90dae,88,True,False
wc_history,WC-2be90da7-c650-5b08-9290-d8f4e28accf1,1990-06-30,Italy,ITA,Salvatore Schillaci,c97e904c-bb91-5d91-a795-34212acc0762,38,False,False
wc_history,WC-2c589f09-232d-57b9-8be2-b73a864c88f6,2002-06-22,Turkey,TUR,İlhan Mansız,73d47554-589f-50f4-9fd4-a25aef959646,94,False,False
wc_history,WC-2cc9c4b5-2092-5c87-964c-2654cdfcc148,2014-07-05,Argentina,ARG,Gonzalo Higuaín,84230533-2edd-5cfc-b6cb-3c440bee7514,8,False,False
wc_history,WC-2cd3ef6e-80e3-5df0-a799-42598f481f68,2022-11-21,Netherlands,NLD,Cody Gakpo,a3274bb0-0d01-54cb-9c08-1eaca2e7127d,84,False,False
wc_history,WC-2cd3ef6e-80e3-5df0-a799-42598f481f68,2022-11-21,Netherlands,NLD,Davy Klaassen,bc6ba4e4-bc8c-541c-9673-9c5e33f302f9,90'+9,False,False
wc_history,WC-2cecfa62-f4bc-5c6d-8571-d2ed8d65960f,1994-07-16,Sweden,SWE,Tomas Brolin,9c7f4c77-f721-55ac-9759-72865ba0464c,8,False,False
wc_history,WC-2cecfa62-f4bc-5c6d-8571-d2ed8d65960f,1994-07-16,Sweden,SWE,Håkan Mild,e85841b8-a2cd-552c-86b1-467e6b2d013b,30,False,False
wc_history,WC-2cecfa62-f4bc-5c6d-8571-d2ed8d65960f,1994-07-16,Sweden,SWE,Henrik Larsson,9f50ff09-15d5-58e6-a454-fabe6c5180ae,37,False,False
wc_history,WC-2cecfa62-f4bc-5c6d-8571-d2ed8d65960f,1994-07-16,Sweden,SWE,Kennet Andersson,f6804938-78a2-5570-827f-457accc951ec,39,False,False
wc_history,WC-2cf07a0f-7a42-5ad3-9160-2579a002134e,2002-06-10,Belgium,BEL,Marc Wilmots,8fed4d5c-13dc-5300-a034-b291a86a69fd,13,False,False
wc_history,WC-2cf07a0f-7a42-5ad3-9160-2579a002134e,2002-06-10,Tunisia,TUN,Raouf Bouzaiene,ddd3be63-37a8-5fa2-b6c2-5366bfd9f81e,17,False,False
wc_history,WC-2cfe049d-d01c-5279-b127-a90aeba120ed,2002-06-14,Japan,JPN,Hiroaki Morishima,93b6d3cb-6331-5500-b7ce-8b8b2684e7be,48,False,False
wc_history,WC-2cfe049d-d01c-5279-b127-a90aeba120ed,2002-06-14,Japan,JPN,Hidetoshi Nakata,3de60a51-3fd1-5390-8961-8369fc7a9f26,75,False,False
wc_history,WC-2d15b224-4854-57f9-8bf8-4c25f5620028,2002-06-11,Germany,DEU,Marco Bode,70709313-b1d6-54b8-b226-dbe72186a5a6,50,False,False
wc_history,WC-2d15b224-4854-57f9-8bf8-4c25f5620028,2002-06-11,Germany,DEU,Miroslav Klose,41f73bc6-c52c-5f4b-8e71-8137daa777d3,79,False,False
wc_history,WC-2d435df6-4f27-5e68-8483-b704e3fa6afe,1998-06-20,Croatia,HRV,Davor Šuker,3e48e77f-d637-5a57-a13e-0b28d358ce7e,77,False,False
wc_history,WC-2d445a1a-4873-5268-b2b0-31f8c968e932,1998-06-24,France,FRA,Youri Djorkaeff,afc624ef-cd1f-54ff-bbdd-ec7e20623501,12,True,False
wc_history,WC-2d445a1a-4873-5268-b2b0-31f8c968e932,1998-06-24,Denmark,DNK,Michael Laudrup,bd69831c-60ce-5e57-b2c3-283ee0d25020,42,True,False
wc_history,WC-2d445a1a-4873-5268-b2b0-31f8c968e932,1998-06-24,France,FRA,Emmanuel Petit,a733c74b-ceba-547e-ae3a-12b40eaeff95,56,False,False
wc_history,WC-2d875078-06d4-561f-a2b7-765900a188e7,1990-06-12,Netherlands,NLD,Wim Kieft,3323ed64-c3d6-5c1b-b638-c6d65e7dfbb5,58,False,False
wc_history,WC-2d875078-06d4-561f-a2b7-765900a188e7,1990-06-12,Egypt,EGY,Magdi Abdelghani,0ed124e9-631a-54e0-ae02-d2b5ce3cf71c,83,True,False
wc_history,WC-2ea9a582-81a4-544c-a7b4-2df0d18199c1,1974-06-14,Scotland,SCO,Peter Lorimer,038f669f-d4f2-5383-932f-25d8db184682,26,False,False
wc_history,WC-2ea9a582-81a4-544c-a7b4-2df0d18199c1,1974-06-14,Scotland,SCO,Joe Jordan,49ccd931-9bb2-5cb6-8d57-9e052248f348,34,False,False
wc_history,WC-2ebbc135-3e4b-5252-8daa-4dc5cd4cc64c,1958-06-11,Soviet Union,SUN,Anatoli Ilyin,51d8469f-547a-5927-b477-766f74f3d4d7,15,False,False
wc_history,WC-2ebbc135-3e4b-5252-8daa-4dc5cd4cc64c,1958-06-11,Soviet Union,SUN,Valentin Ivanov,c3a55f0c-af27-50ce-bacc-d1c7dd66ff90,62,False,False
wc_history,WC-2f0090f9-0ebe-513e-b251-2a668885fe73,1966-07-16,Soviet Union,SUN,Igor Chislenko,6a401215-49bf-53b8-94bd-0a9d0024232a,57,False,False
wc_history,WC-2f487f32-6c4c-5058-ad14-8eb06bc45480,2010-06-13,Ghana,GHA,Asamoah Gyan,25acf578-7d54-5b0c-9ef7-60287405b645,85,True,False
wc_history,WC-3016daff-a2a3-58d1-95ad-cbdd40dcdbdd,2014-07-01,Argentina,ARG,Ángel Di María,41bd6408-16fa-582b-9225-c08c488dd8d0,118,False,False
wc_history,WC-30fa0b8b-8320-5522-a5c1-22405bc40854,1986-06-07,Spain,ESP,Emilio Butragueño,6aa6729a-beb2-52f9-a9ca-7bd78d00311c,1,False,False
wc_history,WC-30fa0b8b-8320-5522-a5c1-22405bc40854,1986-06-07,Spain,ESP,Julio Salinas,d6befdd0-58a9-52ee-a09f-c36ddcf91ca0,18,False,False
wc_history,WC-30fa0b8b-8320-5522-a5c1-22405bc40854,1986-06-07,Northern Ireland,NIR,Colin Clarke,a46587d3-d1f5-58f8-80af-f6eaa063425b,46,False,False
wc_history,WC-313082f0-b6fc-5bdc-9a66-b5fbb05b49b1,2010-06-14,Netherlands,NLD,Daniel Agger,658da350-1005-52a9-929d-af5327f66d39,46,False,True
wc_history,WC-313082f0-b6fc-5bdc-9a66-b5fbb05b49b1,2010-06-14,Netherlands,NLD,Dirk Kuyt,665a2b79-7fd6-5bc4-8f67-dd22cdedf958,85,False,False
wc_history,WC-314613ab-4942-5933-b998-8ead91061699,1970-06-02,Uruguay,URY,Ildo Maneiro,4dc97d12-a82f-51e4-ad26-02512b0dd5c4,23,False,False
wc_history,WC-314613ab-4942-5933-b998-8ead91061699,1970-06-02,Uruguay,URY,Juan Mujica,78524f10-617e-5d12-bbfb-17cb791cb352,50,False,False
wc_history,WC-3174e8e7-5ba2-50c5-8772-922c3c39095f,2018-06-17,Mexico,MEX,Hirving Lozano,1a14d9e9-75f3-552e-a909-adff5239e154,35,False,False
wc_history,WC-32a83269-5bc6-5f48-a1f7-f47b6185a20c,1986-06-12,Spain,ESP,Ramón Calderé,36ffd5ea-14c5-5aac-a0f0-cbadfe6d35a8,15,False,False
wc_history,WC-32a83269-5bc6-5f48-a1f7-f47b6185a20c,1986-06-12,Spain,ESP,Ramón Calderé,36ffd5ea-14c5-5aac-a0f0-cbadfe6d35a8,68,False,False
wc_history,WC-32a83269-5bc6-5f48-a1f7-f47b6185a20c,1986-06-12,Spain,ESP,Eloy,b9f06dac-3895-54f2-8d52-147e31d35e99,70,False,False
wc_history,WC-332d69f3-4c12-5948-8f45-e0435931f477,2010-06-27,Germany,DEU,Miroslav Klose,41f73bc6-c52c-5f4b-8e71-8137daa777d3,20,False,False
wc_history,WC-332d69f3-4c12-5948-8f45-e0435931f477,2010-06-27,Germany,DEU,Lukas Podolski,ce444862-4674-5231-9c5d-9d50f1656d76,32,False,False
wc_history,WC-332d69f3-4c12-5948-8f45-e0435931f477,2010-06-27,England,ENG,Matthew Upson,4d333a6c-90aa-5026-ba57-46dec35230cc,37,False,False
wc_history,WC-332d69f3-4c12-5948-8f45-e0435931f477,2010-06-27,Germany,DEU,Thomas Müller,ac2e565e-7c12-57d2-8f3a-1315d9fe7a15,67,False,False
wc_history,WC-332d69f3-4c12-5948-8f45-e0435931f477,2010-06-27,Germany,DEU,Thomas Müller,ac2e565e-7c12-57d2-8f3a-1315d9fe7a15,70,False,False
wc_history,WC-334a2944-5664-5d51-a4b6-3571dd25c352,2014-06-22,Belgium,BEL,Divock Origi,28a40322-ccc4-57a9-84e1-7779f4919eda,88,False,False
wc_history,WC-33e3a3c4-9872-5237-8a1c-e7acd5deb129,1990-06-17,Belgium,BEL,Leo Clijsters,7b6811a0-c6c6-5df9-8059-5649e34e4f31,15,False,False
wc_history,WC-33e3a3c4-9872-5237-8a1c-e7acd5deb129,1990-06-17,Belgium,BEL,Enzo Scifo,c5013b42-2695-55c9-836b-f821675c32c6,24,False,False
wc_history,WC-33e3a3c4-9872-5237-8a1c-e7acd5deb129,1990-06-17,Belgium,BEL,Jan Ceulemans,ff94abcf-594a-5f85-9f5b-3c72d2731019,47,False,False
wc_history,WC-33e3a3c4-9872-5237-8a1c-e7acd5deb129,1990-06-17,Uruguay,URY,Pablo Bengoechea,e2c7a8e1-b67c-56ec-badf-1eae8c8b050e,73,False,False
wc_history,WC-33e8808b-9dd8-5e9f-abe0-d0cb6c099f43,1950-07-02,Spain,ESP,Telmo Zarra,054d041c-870e-5b30-96cc-3d3bf2e603ea,48,False,False
wc_history,WC-3440d7e1-cbf7-5b9f-8c4c-4930661dbcad,2014-06-24,Colombia,COL,Juan Cuadrado,0659d7f1-0682-5d8d-9214-3a9cc299fae7,17,True,False
wc_history,WC-3440d7e1-cbf7-5b9f-8c4c-4930661dbcad,2014-06-24,Japan,JPN,Shinji Okazaki,7c5f4db1-d2c7-5243-b12f-e78ac996ec1c,45'+1,False,False
wc_history,WC-3440d7e1-cbf7-5b9f-8c4c-4930661dbcad,2014-06-24,Colombia,COL,Jackson Martínez,a7ecfe93-d59f-5c87-8fae-f11327143b48,55,False,False
wc_history,WC-3440d7e1-cbf7-5b9f-8c4c-4930661dbcad,2014-06-24,Colombia,COL,Jackson Martínez,a7ecfe93-d59f-5c87-8fae-f11327143b48,82,False,False
wc_history,WC-3440d7e1-cbf7-5b9f-8c4c-4930661dbcad,2014-06-24,Colombia,COL,James Rodríguez,4c936157-4d63-517d-bdc0-4b594567d23a,90,False,False
wc_history,WC-34e7bb90-7b0d-5276-9cbc-968cd3c11076,1978-06-14,Brazil,BRA,Dirceu,e597ad94-d887-590f-88cb-f06a9c358dd3,15,False,False
wc_history,WC-34e7bb90-7b0d-5276-9cbc-968cd3c11076,1978-06-14,Brazil,BRA,Dirceu,e597ad94-d887-590f-88cb-f06a9c358dd3,27,False,False
wc_history,WC-34e7bb90-7b0d-5276-9cbc-968cd3c11076,1978-06-14,Brazil,BRA,Zico,d05e7f02-78df-5ff0-adf8-1629609e1606,72,True,False
wc_history,WC-358d9440-7349-5155-a9fa-6382b8970654,1974-06-19,Argentina,ARG,René Houseman,9a53ccc5-5801-5c59-b589-938c87f0d68f,20,False,False
wc_history,WC-358d9440-7349-5155-a9fa-6382b8970654,1974-06-19,Italy,ITA,Roberto Perfumo,36e9f304-14d5-597f-b071-2ce6b25a28bc,35,False,True
wc_history,WC-35de1b70-7ba9-5909-81d2-8217b2d0abc7,2018-06-16,Argentina,ARG,Sergio Agüero,af46def5-ccd3-5925-91e3-a872c02fea51,19,False,False
wc_history,WC-35de1b70-7ba9-5909-81d2-8217b2d0abc7,2018-06-16,Iceland,ISL,Alfreð Finnbogason,922263e3-1e87-552d-9367-14e3e77fc9d8,23,False,False
wc_history,WC-3612ea5d-5d9b-5c3e-8792-9bc2f947da2a,2018-07-14,Belgium,BEL,Thomas Meunier,89ffbbfd-b0b4-5a43-9b48-012d898caf36,4,False,False
wc_history,WC-3612ea5d-5d9b-5c3e-8792-9bc2f947da2a,2018-07-14,Belgium,BEL,Eden Hazard,3826fb70-8da7-50c7-9b18-33659f9be60b,82,False,False
wc_history,WC-365e9b48-e626-5722-94f9-5855209e5a39,2014-06-26,Germany,DEU,Thomas Müller,ac2e565e-7c12-57d2-8f3a-1315d9fe7a15,55,False,False
wc_history,WC-369f8f80-c7f2-59d9-8ba2-008c4d72eb79,1982-06-29,Italy,ITA,Marco Tardelli,abf1d8a6-1e98-5e08-a750-1aec0eb7d36d,57,False,False
wc_history,WC-369f8f80-c7f2-59d9-8ba2-008c4d72eb79,1982-06-29,Italy,ITA,Antonio Cabrini,e17d0f3f-f0c0-5714-8c19-c57f7b51323b,67,False,False
wc_history,WC-369f8f80-c7f2-59d9-8ba2-008c4d72eb79,1982-06-29,Argentina,ARG,Daniel Passarella,7b9537cd-da15-57f1-93a6-3fc043e828b7,83,False,False
wc_history,WC-36b9461e-78d2-5b31-8470-8c84c6318ba8,1934-05-27,Switzerland,CHE,Leopold Kielholz,ff6b4725-1046-524b-95d1-a73f2d9d1616,7,False,False
wc_history,WC-36b9461e-78d2-5b31-8470-8c84c6318ba8,1934-05-27,Netherlands,NLD,Kick Smit,fb423c68-ae81-50e0-98d1-c9aa9d7bfaf7,29,False,False
wc_history,WC-36b9461e-78d2-5b31-8470-8c84c6318ba8,1934-05-27,Switzerland,CHE,Leopold Kielholz,ff6b4725-1046-524b-95d1-a73f2d9d1616,43,False,False
wc_history,WC-36b9461e-78d2-5b31-8470-8c84c6318ba8,1934-05-27,Switzerland,CHE,André Abegglen,c8a289ff-5138-53b2-af4a-22d0b6eee8e8,66,False,False
wc_history,WC-36b9461e-78d2-5b31-8470-8c84c6318ba8,1934-05-27,Netherlands,NLD,Leen Vente,23c3ca4e-29b5-53f1-a738-ea0f991ad854,69,False,False
wc_history,WC-36cb71f7-ffd7-5591-9408-521db32241cc,2022-12-04,England,ENG,Jordan Henderson,c37433ee-39cf-5988-b8e9-6254c8ec9298,38,False,False
wc_history,WC-36cb71f7-ffd7-5591-9408-521db32241cc,2022-12-04,England,ENG,Harry Kane,9cf6c4fd-8cf5-5ba2-b963-ee29be578f7d,45'+3,False,False
wc_history,WC-36cb71f7-ffd7-5591-9408-521db32241cc,2022-12-04,England,ENG,Bukayo Saka,701114ff-0fc4-5bf7-9e46-16bac49f8f15,57,False,False
wc_history,WC-375c7162-8d53-5ba3-a22a-b7ec6c726638,2006-06-10,Argentina,ARG,Hernán Crespo,31c28ea9-9635-58cb-b707-b1ff1a12e118,24,False,False
wc_history,WC-375c7162-8d53-5ba3-a22a-b7ec6c726638,2006-06-10,Argentina,ARG,Javier Saviola,3b2fac7b-74b5-5584-8561-ffac7734c5cc,38,False,False
wc_history,WC-375c7162-8d53-5ba3-a22a-b7ec6c726638,2006-06-10,Ivory Coast,CIV,Didier Drogba,dd9b2059-13ad-56ba-9b79-f5ce5bbd4184,82,False,False
wc_history,WC-385c92ef-2dac-580e-b957-4c530a8f7eff,2010-06-12,England,ENG,Steven Gerrard,1c3e15e2-1ad3-521e-9797-24853b631906,4,False,False
wc_history,WC-385c92ef-2dac-580e-b957-4c530a8f7eff,2010-06-12,United States,USA,Clint Dempsey,e6901690-167c-5bad-a610-7052d4b25daf,40,False,False
wc_history,WC-38739d0a-e148-50e8-b86f-31b70488c99c,2010-07-02,Brazil,BRA,Robinho,249df7b7-0cad-56ed-b12c-790c583f0519,10,False,False
wc_history,WC-38739d0a-e148-50e8-b86f-31b70488c99c,2010-07-02,Netherlands,NLD,Wesley Sneijder,bb23b5b6-c2de-5d14-88fe-f67a7755e02c,53,False,False
wc_history,WC-38739d0a-e148-50e8-b86f-31b70488c99c,2010-07-02,Netherlands,NLD,Wesley Sneijder,bb23b5b6-c2de-5d14-88fe-f67a7755e02c,68,False,False
wc_history,WC-3927390e-1201-5e04-949d-147e7b0a32b9,1982-07-01,Soviet Union,SUN,Khoren Hovhannisyan,30334dce-b37b-52a2-851d-b11faea4189d,48,False,False
wc_history,WC-39ca5822-750f-550f-94f5-a812cf961b66,1938-06-05,Romania,ROU,Silviu Bindea,23bbc677-2627-5e8c-b41b-11ee29d64ff2,35,False,False
wc_history,WC-39ca5822-750f-550f-94f5-a812cf961b66,1938-06-05,Cuba,CUB,Héctor Socorro,7d3633c7-7272-567e-b671-0db3de773938,44,False,False
wc_history,WC-39ca5822-750f-550f-94f5-a812cf961b66,1938-06-05,Cuba,CUB,José Magriñá,2c93f8fb-4e5f-5568-b1e5-cdfeeaef6379,69,False,False
wc_history,WC-39ca5822-750f-550f-94f5-a812cf961b66,1938-06-05,Romania,ROU,Iuliu Baratky,694258a6-6dd1-5e87-ba1f-e51261caa106,88,False,False
wc_history,WC-39ca5822-750f-550f-94f5-a812cf961b66,1938-06-05,Cuba,CUB,Héctor Socorro,7d3633c7-7272-567e-b671-0db3de773938,103,False,False
wc_history,WC-39ca5822-750f-550f-94f5-a812cf961b66,1938-06-05,Romania,ROU,Ștefan Dobay,f37a316c-daf7-5d5c-af9d-59f762f8da85,105,False,False
wc_history,WC-39f1db89-245a-5f3e-9360-34b96274dca6,1930-07-20,Brazil,BRA,Moderato,54409240-e59d-570b-9859-ed449bb14527,37,False,False
wc_history,WC-39f1db89-245a-5f3e-9360-34b96274dca6,1930-07-20,Brazil,BRA,Preguinho,b7f6844b-a75a-5215-b59d-45d40caca913,57,False,False
wc_history,WC-39f1db89-245a-5f3e-9360-34b96274dca6,1930-07-20,Brazil,BRA,Moderato,54409240-e59d-570b-9859-ed449bb14527,73,False,False
wc_history,WC-39f1db89-245a-5f3e-9360-34b96274dca6,1930-07-20,Brazil,BRA,Preguinho,b7f6844b-a75a-5215-b59d-45d40caca913,83,False,False
wc_history,WC-3a24d06a-4b00-577f-b69d-a79bf34a6e15,1982-06-13,Belgium,BEL,Erwin Vandenbergh,3d5f64bf-828a-5c08-9621-287299314a28,62,False,False
wc_history,WC-3a29206a-f9b7-552c-ae87-105d201f2fb6,1982-06-21,France,FRA,Bernard Genghini,dbeb4d83-0fce-5d35-86ab-b33d6fd78aab,31,False,False
wc_history,WC-3a29206a-f9b7-552c-ae87-105d201f2fb6,1982-06-21,France,FRA,Michel Platini,7856fff6-4d43-59fa-9fdb-937799e6e514,43,False,False
wc_history,WC-3a29206a-f9b7-552c-ae87-105d201f2fb6,1982-06-21,France,FRA,Didier Six,9430c93b-818d-552e-9b73-2166a6777b56,48,False,False
wc_history,WC-3a29206a-f9b7-552c-ae87-105d201f2fb6,1982-06-21,Kuwait,KWT,Abdullah Al-Buloushi,948dfd9e-dbb2-5543-806b-e391d03da901,75,False,False
wc_history,WC-3a29206a-f9b7-552c-ae87-105d201f2fb6,1982-06-21,France,FRA,Maxime Bossis,809c3782-8f17-5f56-ae18-cf8266e4a767,89,False,False
wc_history,WC-3ad776e2-6cd7-55ea-beac-17ba86fa8581,2018-07-01,Spain,ESP,Sergei Ignashevich,02427a57-3df9-52e8-8f5f-73da761c0e15,12,False,True
wc_history,WC-3ad776e2-6cd7-55ea-beac-17ba86fa8581,2018-07-01,Russia,RUS,Artem Dzyuba,709adc2b-8004-53f7-9f46-277c6da8bfe9,41,True,False
wc_history,WC-3adfa086-0608-569c-a5a3-1bce26802719,1998-06-29,Mexico,MEX,Luis Hernández,30c559b3-7af1-50cd-bc5c-c2c3dbbcf55f,47,False,False
wc_history,WC-3adfa086-0608-569c-a5a3-1bce26802719,1998-06-29,Germany,DEU,Jürgen Klinsmann,67013912-938f-51c7-b4c6-8e1058400553,74,False,False
wc_history,WC-3adfa086-0608-569c-a5a3-1bce26802719,1998-06-29,Germany,DEU,Oliver Bierhoff,d29f35c2-b771-5cf7-a2cf-9a91d485213f,86,False,False
wc_history,WC-3b34c130-c0bb-5056-a8a5-127a897f0ad2,2022-11-24,Switzerland,CHE,Breel Embolo,2292820b-afe2-58ed-9ab4-5641614f8825,48,False,False
wc_history,WC-3b480c52-9285-5fae-b1d4-b30ce0bc623a,1998-06-14,Yugoslavia,YUG,Siniša Mihajlović,857cec15-4e00-53d4-9917-b5355c9af27d,73,False,False
wc_history,WC-3b84b115-5a2c-5448-9851-c6e7650cfa6f,1934-05-27,Hungary,HUN,Pál Teleki,215c032f-9f01-5474-a622-d45a64e28143,11,False,False
wc_history,WC-3b84b115-5a2c-5448-9851-c6e7650cfa6f,1934-05-27,Hungary,HUN,Géza Toldi,7676a267-9f1f-5229-bfbb-b94a568ecdeb,31,False,False
wc_history,WC-3b84b115-5a2c-5448-9851-c6e7650cfa6f,1934-05-27,Egypt,EGY,Abdulrahman Fawzi,27245be9-5590-5413-8bfc-780a21c5f1e4,35,False,False
wc_history,WC-3b84b115-5a2c-5448-9851-c6e7650cfa6f,1934-05-27,Egypt,EGY,Abdulrahman Fawzi,27245be9-5590-5413-8bfc-780a21c5f1e4,39,False,False
wc_history,WC-3b84b115-5a2c-5448-9851-c6e7650cfa6f,1934-05-27,Hungary,HUN,Jenő Vincze,7a9f0701-f1bd-5b3a-8aaa-1ff5e6ffd6b0,53,False,False
wc_history,WC-3b84b115-5a2c-5448-9851-c6e7650cfa6f,1934-05-27,Hungary,HUN,Géza Toldi,7676a267-9f1f-5229-bfbb-b94a568ecdeb,61,False,False
wc_history,WC-3b9c72b7-a908-5f33-ac76-fe6c863f08b4,2014-06-19,Colombia,COL,James Rodríguez,4c936157-4d63-517d-bdc0-4b594567d23a,64,False,False
wc_history,WC-3b9c72b7-a908-5f33-ac76-fe6c863f08b4,2014-06-19,Colombia,COL,Juan Fernando Quintero,d800f964-710d-59f4-a331-615e6e62c64a,70,False,False
wc_history,WC-3b9c72b7-a908-5f33-ac76-fe6c863f08b4,2014-06-19,Ivory Coast,CIV,Gervinho,0f40ee19-effb-50d6-8d83-78984228cdbd,73,False,False
wc_history,WC-3baab57e-45d6-57a6-ac38-ba852f7e8a1e,1990-06-19,Italy,ITA,Salvatore Schillaci,c97e904c-bb91-5d91-a795-34212acc0762,9,False,False
wc_history,WC-3baab57e-45d6-57a6-ac38-ba852f7e8a1e,1990-06-19,Italy,ITA,Roberto Baggio,cf05a9b9-1ccf-5c78-b51e-a685a5a6a6b9,78,False,False
wc_history,WC-3d25cf86-7ee6-56e4-9864-89f222915d80,2010-06-23,United States,USA,Landon Donovan,0331f14f-8ff1-5f99-b0db-753ad30f3330,90'+1,False,False
wc_history,WC-3d5479de-a6db-5852-931e-1dee81cd19b3,1990-06-19,Austria,AUT,Andreas Ogris,140192b3-8c76-5dea-ab74-c00bc5b2d042,49,False,False
wc_history,WC-3d5479de-a6db-5852-931e-1dee81cd19b3,1990-06-19,Austria,AUT,Gerhard Rodax,16255282-0679-5d80-8f2b-4d958684849f,63,False,False
wc_history,WC-3d5479de-a6db-5852-931e-1dee81cd19b3,1990-06-19,United States,USA,Bruce Murray,e931b51a-c690-5478-974f-17f08965546f,83,False,False
wc_history,WC-3d7050e3-652c-5a89-bd8c-6332c8743256,2022-11-22,Argentina,ARG,Lionel Messi,815f9a08-b302-5959-bf1a-759cf2a34a56,10,True,False
wc_history,WC-3d7050e3-652c-5a89-bd8c-6332c8743256,2022-11-22,Saudi Arabia,SAU,Saleh Al-Shehri,84599a75-3b9e-5b38-b03b-e116a36265e0,48,False,False
wc_history,WC-3d7050e3-652c-5a89-bd8c-6332c8743256,2022-11-22,Saudi Arabia,SAU,Salem Al-Dawsari,887f45c6-eab1-55f1-b636-edde8636b893,53,False,False
wc_history,WC-3d95dfa5-658c-57d0-bed6-c53c042ee326,1986-06-16,Brazil,BRA,Sócrates,8282ec23-3448-5f38-bdc8-6b3fe31fc915,30,True,False
wc_history,WC-3d95dfa5-658c-57d0-bed6-c53c042ee326,1986-06-16,Brazil,BRA,Josimar,3a6a82c7-cef2-5270-89ef-5d07857a4d3f,55,False,False
wc_history,WC-3d95dfa5-658c-57d0-bed6-c53c042ee326,1986-06-16,Brazil,BRA,Edinho,4013ebbc-e689-566f-a0f5-af54e48c69a4,79,False,False
wc_history,WC-3d95dfa5-658c-57d0-bed6-c53c042ee326,1986-06-16,Brazil,BRA,Careca,3892ad77-2e0e-5527-ad84-b886c4d2d9da,83,True,False
wc_history,WC-3e3bc8d3-fd2a-5b4b-8f89-91dfa9e8ba41,2006-06-26,Italy,ITA,Francesco Totti,6eaf1dee-e680-5ba2-8678-e20ec6a03d94,90'+5,True,False
wc_history,WC-3e56cc7c-975f-5925-9b8f-481fad758ed7,1982-07-08,West Germany,DEU,Pierre Littbarski,0a34d3a6-6f80-5c1e-ae18-ebf9b3c4b0db,17,False,False
wc_history,WC-3e56cc7c-975f-5925-9b8f-481fad758ed7,1982-07-08,France,FRA,Michel Platini,7856fff6-4d43-59fa-9fdb-937799e6e514,26,True,False
wc_history,WC-3e56cc7c-975f-5925-9b8f-481fad758ed7,1982-07-08,France,FRA,Marius Trésor,65223210-df9f-59ee-b80f-c5eea525260a,92,False,False
wc_history,WC-3e56cc7c-975f-5925-9b8f-481fad758ed7,1982-07-08,France,FRA,Alain Giresse,df607b03-8061-514c-8e98-b6f1527f9d87,98,False,False
wc_history,WC-3e56cc7c-975f-5925-9b8f-481fad758ed7,1982-07-08,West Germany,DEU,Karl-Heinz Rummenigge,b779ca86-8ac7-568e-af16-5c00f4f48422,102,False,False
wc_history,WC-3e56cc7c-975f-5925-9b8f-481fad758ed7,1982-07-08,West Germany,DEU,Klaus Fischer,13f788da-235f-5bf6-afdf-8dd058235dd3,108,False,False
wc_history,WC-3ea655b7-c4a6-59a7-aea9-9c7dd285f750,1998-06-15,Romania,ROU,Adrian Ilie,6fde2180-a416-55f1-8b16-3613a8581457,45'+1,False,False
wc_history,WC-3eb36398-187a-5203-9a0c-84900bfcf736,2010-06-22,Argentina,ARG,Martín Demichelis,535287f5-789a-5702-a47c-0a3baf23b656,77,False,False
wc_history,WC-3eb36398-187a-5203-9a0c-84900bfcf736,2010-06-22,Argentina,ARG,Martín Palermo,35974e56-5d60-55e1-b4c9-977519db7582,89,False,False
wc_history,WC-3ef112d4-9ef5-5309-9c50-9f4ecd5e6017,1950-07-02,Italy,ITA,Riccardo Carapellese,031feec2-a5e4-5b33-907f-3960baca0975,12,False,False
wc_history,WC-3ef112d4-9ef5-5309-9c50-9f4ecd5e6017,1950-07-02,Italy,ITA,Egisto Pandolfini,4b6f6ac8-5dd9-5e35-b233-f5b7d4267d13,62,False,False
wc_history,WC-3ef14d79-8c4c-5943-8468-8908256f0baf,1986-06-18,Denmark,DNK,Jesper Olsen,2775901d-62b3-5f52-b679-bf6a18ff20d0,33,True,False
wc_history,WC-3ef14d79-8c4c-5943-8468-8908256f0baf,1986-06-18,Spain,ESP,Emilio Butragueño,6aa6729a-beb2-52f9-a9ca-7bd78d00311c,43,False,False
wc_history,WC-3ef14d79-8c4c-5943-8468-8908256f0baf,1986-06-18,Spain,ESP,Emilio Butragueño,6aa6729a-beb2-52f9-a9ca-7bd78d00311c,56,False,False
wc_history,WC-3ef14d79-8c4c-5943-8468-8908256f0baf,1986-06-18,Spain,ESP,Andoni Goikoetxea,e7d56691-2adb-5373-917b-a140b30f7db4,68,True,False
wc_history,WC-3ef14d79-8c4c-5943-8468-8908256f0baf,1986-06-18,Spain,ESP,Emilio Butragueño,6aa6729a-beb2-52f9-a9ca-7bd78d00311c,80,False,False
wc_history,WC-3ef14d79-8c4c-5943-8468-8908256f0baf,1986-06-18,Spain,ESP,Emilio Butragueño,6aa6729a-beb2-52f9-a9ca-7bd78d00311c,88,True,False
wc_history,WC-3f392a11-27e3-5cfe-8391-c05b29bf7d50,2002-06-14,Poland,POL,Emmanuel Olisadebe,4017db3d-6fb7-5ff4-b400-44b4c69832ed,3,False,False
wc_history,WC-3f392a11-27e3-5cfe-8391-c05b29bf7d50,2002-06-14,Poland,POL,Paweł Kryszałowicz,079b24fc-ad2d-5fef-8d75-71906fe4e12b,5,False,False
wc_history,WC-3f392a11-27e3-5cfe-8391-c05b29bf7d50,2002-06-14,Poland,POL,Marcin Żewłakow,b7f981c8-e696-526e-9049-58292f4d6ca2,66,False,False
wc_history,WC-3f392a11-27e3-5cfe-8391-c05b29bf7d50,2002-06-14,United States,USA,Landon Donovan,0331f14f-8ff1-5f99-b0db-753ad30f3330,83,False,False
wc_history,WC-3f4be978-1f2c-509a-a6cb-bcd8d210a62c,1994-06-24,Mexico,MEX,Luis García Postigo,80e15466-bad9-5d37-a61c-469f988594d6,42,False,False
wc_history,WC-3f4be978-1f2c-509a-a6cb-bcd8d210a62c,1994-06-24,Mexico,MEX,Luis García Postigo,80e15466-bad9-5d37-a61c-469f988594d6,65,False,False
wc_history,WC-3f4be978-1f2c-509a-a6cb-bcd8d210a62c,1994-06-24,Republic of Ireland,IRL,John Aldridge,0c4b8b2c-f480-5ded-b7dd-1aafe3e95a3a,84,False,False
wc_history,WC-3f708dac-d7aa-527c-9474-8cffdc462b49,1958-06-15,Czechoslovakia,CSK,Milan Dvořák,da8d56b8-be87-50f4-8d36-64683828c12d,8,False,False
wc_history,WC-3f708dac-d7aa-527c-9474-8cffdc462b49,1958-06-15,Czechoslovakia,CSK,Zdeněk Zikán,2df8ab59-1eec-5c64-b526-e46d15a46b2d,17,False,False
wc_history,WC-3f708dac-d7aa-527c-9474-8cffdc462b49,1958-06-15,Czechoslovakia,CSK,Zdeněk Zikán,2df8ab59-1eec-5c64-b526-e46d15a46b2d,40,False,False
wc_history,WC-3f708dac-d7aa-527c-9474-8cffdc462b49,1958-06-15,Argentina,ARG,Oreste Corbatta,1b424190-4987-55f1-a0ab-569d4a81fc66,65,True,False
wc_history,WC-3f708dac-d7aa-527c-9474-8cffdc462b49,1958-06-15,Czechoslovakia,CSK,Jiří Feureisl,afcb6555-312c-5530-b025-c801819e2dba,69,False,False
wc_history,WC-3f708dac-d7aa-527c-9474-8cffdc462b49,1958-06-15,Czechoslovakia,CSK,Václav Hovorka,dc8c3ec2-8e74-5055-aec7-5ed712e71426,82,False,False
wc_history,WC-3f708dac-d7aa-527c-9474-8cffdc462b49,1958-06-15,Czechoslovakia,CSK,Václav Hovorka,dc8c3ec2-8e74-5055-aec7-5ed712e71426,89,False,False
wc_history,WC-40644abe-5d6b-5060-9ae2-4207a1cd5cb6,2018-07-02,Brazil,BRA,Neymar,71a6d293-a0d3-545f-83d4-4cb64d16d4c8,51,False,False
wc_history,WC-40644abe-5d6b-5060-9ae2-4207a1cd5cb6,2018-07-02,Brazil,BRA,Roberto Firmino,6023195f-230b-58a1-91eb-5c37ada4d346,88,False,False
wc_history,WC-407622cb-8e79-5e9f-9216-7cce38de24e4,1934-05-31,Switzerland,CHE,Leopold Kielholz,ff6b4725-1046-524b-95d1-a73f2d9d1616,18,False,False
wc_history,WC-407622cb-8e79-5e9f-9216-7cce38de24e4,1934-05-31,Czechoslovakia,CSK,František Svoboda,6a0a3007-f6ae-5315-a6e7-cbc912c3d871,24,False,False
wc_history,WC-407622cb-8e79-5e9f-9216-7cce38de24e4,1934-05-31,Czechoslovakia,CSK,Jiří Sobotka,ed149fa8-c6d4-5f26-9595-2d0e477814a3,49,False,False
wc_history,WC-407622cb-8e79-5e9f-9216-7cce38de24e4,1934-05-31,Switzerland,CHE,Willy Jäggi,721218f6-cf75-518a-ba9d-a2dcf7dd11da,78,False,False
wc_history,WC-407622cb-8e79-5e9f-9216-7cce38de24e4,1934-05-31,Czechoslovakia,CSK,Oldřich Nejedlý,f35407ce-69f9-5252-9bdf-0d3e842402fe,82,False,False
wc_history,WC-40e18275-09d7-51df-b82e-8158aae4c867,2018-07-10,France,FRA,Samuel Umtiti,5a0ca7ae-4010-55d4-bfcc-cd5742a9e3e4,51,False,False
wc_history,WC-4171ac6c-27c6-5717-a28c-c70795647c95,1962-06-03,Soviet Union,SUN,Valentin Ivanov,c3a55f0c-af27-50ce-bacc-d1c7dd66ff90,8,False,False
wc_history,WC-4171ac6c-27c6-5717-a28c-c70795647c95,1962-06-03,Soviet Union,SUN,Igor Chislenko,6a401215-49bf-53b8-94bd-0a9d0024232a,10,False,False
wc_history,WC-4171ac6c-27c6-5717-a28c-c70795647c95,1962-06-03,Soviet Union,SUN,Valentin Ivanov,c3a55f0c-af27-50ce-bacc-d1c7dd66ff90,11,False,False
wc_history,WC-4171ac6c-27c6-5717-a28c-c70795647c95,1962-06-03,Colombia,COL,Germán Aceros,d200d0dd-02af-55ae-b1b6-01217ba4a4f1,21,False,False
wc_history,WC-4171ac6c-27c6-5717-a28c-c70795647c95,1962-06-03,Soviet Union,SUN,Viktor Ponedelnik,cb4f5805-63b3-5dc1-b44c-9a053d8566ea,56,False,False
wc_history,WC-4171ac6c-27c6-5717-a28c-c70795647c95,1962-06-03,Colombia,COL,Marcos Coll,4e5ebb17-3f58-5249-a05d-81cfef78c13c,68,False,False
wc_history,WC-4171ac6c-27c6-5717-a28c-c70795647c95,1962-06-03,Colombia,COL,Antonio Rada,0d60d35e-9e3d-5644-85fd-ad744e982615,72,False,False
wc_history,WC-4171ac6c-27c6-5717-a28c-c70795647c95,1962-06-03,Colombia,COL,Marino Klinger,1e102b63-4c28-53e5-a154-1720a297c1b6,86,False,False
wc_history,WC-4182a530-4f73-567a-8ddd-d6fb1c110e5c,1954-06-23,West Germany,DEU,Ottmar Walter,fc70343a-611c-571d-89f8-9cdcc12cabc2,7,False,False
wc_history,WC-4182a530-4f73-567a-8ddd-d6fb1c110e5c,1954-06-23,West Germany,DEU,Hans Schäfer,33d90396-f213-5c12-9bd4-156c9856a628,12,False,False
wc_history,WC-4182a530-4f73-567a-8ddd-d6fb1c110e5c,1954-06-23,Turkey,TUR,Mustafa Ertan,591142f9-c75e-58bb-a450-2678e6ac7870,21,False,False
wc_history,WC-4182a530-4f73-567a-8ddd-d6fb1c110e5c,1954-06-23,West Germany,DEU,Max Morlock,2b4168b8-d118-5c4b-b319-97a405701619,30,False,False
wc_history,WC-4182a530-4f73-567a-8ddd-d6fb1c110e5c,1954-06-23,West Germany,DEU,Max Morlock,2b4168b8-d118-5c4b-b319-97a405701619,60,False,False
wc_history,WC-4182a530-4f73-567a-8ddd-d6fb1c110e5c,1954-06-23,West Germany,DEU,Fritz Walter,8f2e934f-af77-57d2-9f7f-ead20dcc45f5,62,False,False
wc_history,WC-4182a530-4f73-567a-8ddd-d6fb1c110e5c,1954-06-23,West Germany,DEU,Max Morlock,2b4168b8-d118-5c4b-b319-97a405701619,77,False,False
wc_history,WC-4182a530-4f73-567a-8ddd-d6fb1c110e5c,1954-06-23,West Germany,DEU,Hans Schäfer,33d90396-f213-5c12-9bd4-156c9856a628,79,False,False
wc_history,WC-4182a530-4f73-567a-8ddd-d6fb1c110e5c,1954-06-23,Turkey,TUR,Lefter Küçükandonyadis,f36e0815-7b12-5c6f-b16d-5f99737ea379,82,False,False
wc_history,WC-41accf71-c646-5c58-b39c-fe96dd8471be,1998-07-12,France,FRA,Zinedine Zidane,c1ce7ba5-2832-5ec6-b39e-1698aa7a5d97,27,False,False
wc_history,WC-41accf71-c646-5c58-b39c-fe96dd8471be,1998-07-12,France,FRA,Zinedine Zidane,c1ce7ba5-2832-5ec6-b39e-1698aa7a5d97,45'+1,False,False
wc_history,WC-41accf71-c646-5c58-b39c-fe96dd8471be,1998-07-12,France,FRA,Emmanuel Petit,a733c74b-ceba-547e-ae3a-12b40eaeff95,90'+3,False,False
wc_history,WC-41d91f8a-53e9-563b-9d1d-d22a04b5453d,1966-07-13,Mexico,MEX,Enrique Borja,6680a514-3c45-5f85-8ce8-f9c2ce449d0b,48,False,False
wc_history,WC-41d91f8a-53e9-563b-9d1d-d22a04b5453d,1966-07-13,France,FRA,Gérard Hausser,4001757b-06f5-5bd6-9b99-2ea31510634b,62,False,False
wc_history,WC-42023529-bfaf-5150-ac3f-6ede104d2b72,1990-06-24,Argentina,ARG,Claudio Caniggia,0b0d58a9-dc6b-56ec-bbb8-9b8f5e1b1831,81,False,False
wc_history,WC-4327a454-2d97-59a3-b887-f06d9610cb0b,1982-06-28,Poland,POL,Zbigniew Boniek,32d47330-a4da-51a8-ada9-d0fa53bcb6c4,4,False,False
wc_history,WC-4327a454-2d97-59a3-b887-f06d9610cb0b,1982-06-28,Poland,POL,Zbigniew Boniek,32d47330-a4da-51a8-ada9-d0fa53bcb6c4,26,False,False
wc_history,WC-4327a454-2d97-59a3-b887-f06d9610cb0b,1982-06-28,Poland,POL,Zbigniew Boniek,32d47330-a4da-51a8-ada9-d0fa53bcb6c4,53,False,False
wc_history,WC-438f8857-fa18-5317-ae19-c354d174dfca,2018-06-27,South Korea,KOR,Young-gwon Kim,49d8156f-85e4-5b15-b744-159641c72d2a,90'+2,False,False
wc_history,WC-438f8857-fa18-5317-ae19-c354d174dfca,2018-06-27,South Korea,KOR,Heung-min Son,3d61def2-7100-5cdd-be17-794cbadc2dd4,90'+6,False,False
wc_history,WC-43b65fcc-1671-5e78-875a-7e84bda3e3d0,1966-07-13,Portugal,PRT,José Augusto,abf8678a-9cc5-541b-bc46-3af52cae59b8,2,False,False
wc_history,WC-43b65fcc-1671-5e78-875a-7e84bda3e3d0,1966-07-13,Hungary,HUN,Ferenc Bene,cea57e46-1607-5b3c-a29b-d88941bc8392,60,False,False
wc_history,WC-43b65fcc-1671-5e78-875a-7e84bda3e3d0,1966-07-13,Portugal,PRT,José Augusto,abf8678a-9cc5-541b-bc46-3af52cae59b8,67,False,False
wc_history,WC-43b65fcc-1671-5e78-875a-7e84bda3e3d0,1966-07-13,Portugal,PRT,José Torres,b35981ff-6fc9-5878-ad72-b38c04e51ba9,90,False,False
wc_history,WC-44301c2b-3655-5e31-93ef-b8e83c2b5ff7,2022-11-28,Brazil,BRA,Casemiro,7ac688b5-2fe0-524a-b176-01c0240ada3f,83,False,False
wc_history,WC-44917fdd-d4f2-53a6-967f-8be77cb4caeb,2006-06-12,Japan,JPN,Shunsuke Nakamura,6f1d6e6c-ae57-536c-89b6-c7c8926c91e9,26,False,False
wc_history,WC-44917fdd-d4f2-53a6-967f-8be77cb4caeb,2006-06-12,Australia,AUS,Tim Cahill,a20d3771-5660-5c7e-9f2e-02513e2a25c4,84,False,False
wc_history,WC-44917fdd-d4f2-53a6-967f-8be77cb4caeb,2006-06-12,Australia,AUS,Tim Cahill,a20d3771-5660-5c7e-9f2e-02513e2a25c4,89,False,False
wc_history,WC-44917fdd-d4f2-53a6-967f-8be77cb4caeb,2006-06-12,Australia,AUS,John Aloisi,f17e8d52-144c-5e7f-953e-2c1d2f8d6277,90'+2,False,False
wc_history,WC-44996bcf-e958-5587-b220-508225155724,1938-06-16,Italy,ITA,Gino Colaussi,431cf740-a7e6-58bd-9904-7b3a60dd2455,51,False,False
wc_history,WC-44996bcf-e958-5587-b220-508225155724,1938-06-16,Italy,ITA,Giuseppe Meazza,c761c516-0d32-56d4-bcbe-8a9019248acf,60,True,False
wc_history,WC-44996bcf-e958-5587-b220-508225155724,1938-06-16,Brazil,BRA,Romeu,2b9a3042-7375-5c95-87f5-362c854f0106,87,False,False
wc_history,WC-45421cf9-b69b-548e-b3cb-aec53dcd33e4,1954-06-17,Hungary,HUN,Ferenc Puskás,2ef77552-27cf-5b34-a9de-fa114011f2e1,12,False,False
wc_history,WC-45421cf9-b69b-548e-b3cb-aec53dcd33e4,1954-06-17,Hungary,HUN,Mihály Lantos,50bc5010-4b03-5178-91c3-6796e0d882f2,18,False,False
wc_history,WC-45421cf9-b69b-548e-b3cb-aec53dcd33e4,1954-06-17,Hungary,HUN,Sándor Kocsis,16f008ae-0efe-5c24-b0c3-c3a8d461f3b4,24,False,False
wc_history,WC-45421cf9-b69b-548e-b3cb-aec53dcd33e4,1954-06-17,Hungary,HUN,Sándor Kocsis,16f008ae-0efe-5c24-b0c3-c3a8d461f3b4,36,False,False
wc_history,WC-45421cf9-b69b-548e-b3cb-aec53dcd33e4,1954-06-17,Hungary,HUN,Sándor Kocsis,16f008ae-0efe-5c24-b0c3-c3a8d461f3b4,50,False,False
wc_history,WC-45421cf9-b69b-548e-b3cb-aec53dcd33e4,1954-06-17,Hungary,HUN,Zoltán Czibor,8875789c-ae96-50b7-b948-de8f1f0588af,59,False,False
wc_history,WC-45421cf9-b69b-548e-b3cb-aec53dcd33e4,1954-06-17,Hungary,HUN,Péter Palotás,4c53678e-899a-5429-8fce-9d6a56ca672f,75,False,False
wc_history,WC-45421cf9-b69b-548e-b3cb-aec53dcd33e4,1954-06-17,Hungary,HUN,Péter Palotás,4c53678e-899a-5429-8fce-9d6a56ca672f,83,False,False
wc_history,WC-45421cf9-b69b-548e-b3cb-aec53dcd33e4,1954-06-17,Hungary,HUN,Ferenc Puskás,2ef77552-27cf-5b34-a9de-fa114011f2e1,89,False,False
wc_history,WC-4630faf4-b527-5067-ad28-c2ece6df4edc,2002-06-15,England,ENG,Rio Ferdinand,83c6378d-1936-5b60-8ed7-42d60404bb3b,5,False,False
wc_history,WC-4630faf4-b527-5067-ad28-c2ece6df4edc,2002-06-15,England,ENG,Michael Owen,04287b0d-24cb-5c63-8583-7ec03173ce19,22,False,False
wc_history,WC-4630faf4-b527-5067-ad28-c2ece6df4edc,2002-06-15,England,ENG,Emile Heskey,7870a8ce-5eff-5604-95db-d8a681586044,44,False,False
wc_history,WC-46a86f3c-240b-51a5-9b33-74b29e45380d,1990-06-21,Uruguay,URY,Daniel Fonseca,39342a65-98e7-52bb-b800-c6e1ea26368d,90'+1,False,False
wc_history,WC-46b125ba-41ab-5bc7-a48b-872485428365,1998-06-23,Brazil,BRA,Bebeto,e7c94ebc-d230-5886-98a9-63258c360dd8,78,False,False
wc_history,WC-46b125ba-41ab-5bc7-a48b-872485428365,1998-06-23,Norway,NOR,Tore André Flo,f88b4680-dc41-5218-8b9c-93c132f50f8e,83,False,False
wc_history,WC-46b125ba-41ab-5bc7-a48b-872485428365,1998-06-23,Norway,NOR,Kjetil Rekdal,56bf62d3-716a-514a-a98d-1c7d5621e82c,89,True,False
wc_history,WC-46f8e6b3-5201-5748-b707-ad02cb824fd8,2010-06-13,Slovenia,SVN,Robert Koren,edc599c3-767b-5f2f-a9e9-cc7297e1b369,79,False,False
wc_history,WC-4701e950-e23f-59f3-9fb2-93e6c84bd7d3,1966-07-20,Spain,ESP,Josep Maria Fusté,2ccef436-b744-5886-af7a-7bf63e99c25e,23,False,False
wc_history,WC-4701e950-e23f-59f3-9fb2-93e6c84bd7d3,1966-07-20,West Germany,DEU,Lothar Emmerich,403fc52f-753a-5bbb-81f7-4913c8794870,39,False,False
wc_history,WC-4701e950-e23f-59f3-9fb2-93e6c84bd7d3,1966-07-20,West Germany,DEU,Uwe Seeler,33864d66-d8d9-524b-a228-8e6849104a8d,84,False,False
wc_history,WC-48cae3b5-f387-50e6-9448-442f4fca8083,2006-06-22,Croatia,HRV,Darijo Srna,2af4afcb-618d-5bb8-825f-a01201a9cf65,2,False,False
wc_history,WC-48cae3b5-f387-50e6-9448-442f4fca8083,2006-06-22,Australia,AUS,Craig Moore,1eff76e5-fa28-575a-b668-97b269c2a982,38,True,False
wc_history,WC-48cae3b5-f387-50e6-9448-442f4fca8083,2006-06-22,Croatia,HRV,Niko Kovač,00cade4c-a2df-505f-9f7a-1fa226274a9a,56,False,False
wc_history,WC-48cae3b5-f387-50e6-9448-442f4fca8083,2006-06-22,Australia,AUS,Harry Kewell,b3df62ef-19bb-5521-bb65-133ea815802b,79,False,False
wc_history,WC-4931f5f7-fe90-5b10-aace-ccb330f51168,1930-07-13,France,FRA,Lucien Laurent,24b2264a-dbab-513a-b92d-e7a6d48d4cd9,19,False,False
wc_history,WC-4931f5f7-fe90-5b10-aace-ccb330f51168,1930-07-13,France,FRA,Marcel Langiller,025eff42-3699-5d11-9c48-e7bae1fdbb48,40,False,False
wc_history,WC-4931f5f7-fe90-5b10-aace-ccb330f51168,1930-07-13,France,FRA,André Maschinot,22e51239-ff1b-58c1-b98a-41aeeb1abdad,43,False,False
wc_history,WC-4931f5f7-fe90-5b10-aace-ccb330f51168,1930-07-13,Mexico,MEX,Juan Carreño,d0076886-a431-5ca1-98e9-408cb5abc852,70,False,False
wc_history,WC-4931f5f7-fe90-5b10-aace-ccb330f51168,1930-07-13,France,FRA,André Maschinot,22e51239-ff1b-58c1-b98a-41aeeb1abdad,87,False,False
wc_history,WC-49b69489-06b6-58c1-b2a9-dac03965883c,2010-06-28,Brazil,BRA,Juan,e6b5c153-d1f6-5ec2-8d71-49de1b78520b,35,False,False
wc_history,WC-49b69489-06b6-58c1-b2a9-dac03965883c,2010-06-28,Brazil,BRA,Luís Fabiano,e4848667-10d9-5f30-acb1-f50101ccdc26,38,False,False
wc_history,WC-49b69489-06b6-58c1-b2a9-dac03965883c,2010-06-28,Brazil,BRA,Robinho,249df7b7-0cad-56ed-b12c-790c583f0519,59,False,False
wc_history,WC-4a0b355b-5f04-5318-945e-295df55742ad,1998-07-11,Croatia,HRV,Robert Prosinečki,392b0ab0-d52e-527e-878a-f028d2823b0d,14,False,False
wc_history,WC-4a0b355b-5f04-5318-945e-295df55742ad,1998-07-11,Netherlands,NLD,Boudewijn Zenden,4458855c-e568-50ed-8b43-e52cd4adecd2,22,False,False
wc_history,WC-4a0b355b-5f04-5318-945e-295df55742ad,1998-07-11,Croatia,HRV,Davor Šuker,3e48e77f-d637-5a57-a13e-0b28d358ce7e,36,False,False
wc_history,WC-4a0bc9ab-99bd-5307-a09b-1259ed38cb3d,1986-06-06,Brazil,BRA,Careca,3892ad77-2e0e-5527-ad84-b886c4d2d9da,66,False,False
wc_history,WC-4a37a7c8-2122-5a71-ad4e-8e695a83c7bf,1966-07-16,Portugal,PRT,Ivan Vutsov,4666fa17-b9f6-57d6-84e2-ca033dfd234c,7,False,True
wc_history,WC-4a37a7c8-2122-5a71-ad4e-8e695a83c7bf,1966-07-16,Portugal,PRT,Eusébio,348022e6-d570-5426-8c84-59a7656e69f8,38,False,False
wc_history,WC-4a37a7c8-2122-5a71-ad4e-8e695a83c7bf,1966-07-16,Portugal,PRT,José Torres,b35981ff-6fc9-5878-ad72-b38c04e51ba9,81,False,False
wc_history,WC-4a461703-480d-5281-9e6f-f0e1be08b1a7,2022-11-28,Portugal,PRT,Bruno Fernandes,6b21b369-4e42-517a-bd23-ed2fdeee85e9,54,False,False
wc_history,WC-4a461703-480d-5281-9e6f-f0e1be08b1a7,2022-11-28,Portugal,PRT,Bruno Fernandes,6b21b369-4e42-517a-bd23-ed2fdeee85e9,90'+3,True,False
wc_history,WC-4a9600bb-4dce-5bc6-832a-5e4a32d762ee,1950-07-02,Uruguay,URY,Oscar Míguez,573decc0-ca0e-555d-a8c6-accd4bdffa4a,14,False,False
wc_history,WC-4a9600bb-4dce-5bc6-832a-5e4a32d762ee,1950-07-02,Uruguay,URY,Ernesto Vidal,9f389ed2-6d47-57bc-9a80-caeea8947355,18,False,False
wc_history,WC-4a9600bb-4dce-5bc6-832a-5e4a32d762ee,1950-07-02,Uruguay,URY,Juan Alberto Schiaffino,7bc88bee-0031-58c7-bbae-c51b577a2fca,23,False,False
wc_history,WC-4a9600bb-4dce-5bc6-832a-5e4a32d762ee,1950-07-02,Uruguay,URY,Oscar Míguez,573decc0-ca0e-555d-a8c6-accd4bdffa4a,40,False,False
wc_history,WC-4a9600bb-4dce-5bc6-832a-5e4a32d762ee,1950-07-02,Uruguay,URY,Oscar Míguez,573decc0-ca0e-555d-a8c6-accd4bdffa4a,51,False,False
wc_history,WC-4a9600bb-4dce-5bc6-832a-5e4a32d762ee,1950-07-02,Uruguay,URY,Juan Alberto Schiaffino,7bc88bee-0031-58c7-bbae-c51b577a2fca,54,False,False
wc_history,WC-4a9600bb-4dce-5bc6-832a-5e4a32d762ee,1950-07-02,Uruguay,URY,Julio Pérez,3b28866b-c7fa-5280-a6cb-b45e27b097f7,83,False,False
wc_history,WC-4a9600bb-4dce-5bc6-832a-5e4a32d762ee,1950-07-02,Uruguay,URY,Alcides Ghiggia,b0ad567b-bb18-5345-a79e-cea117e60fbf,87,False,False
wc_history,WC-4a9edc82-271f-5488-8ce8-48f109289ea0,2018-07-03,Sweden,SWE,Emil Forsberg,354ee7ac-5757-5354-9fac-aa43353e973e,66,False,False
wc_history,WC-4b23b273-96db-55d8-8a27-e5003a608c4d,1930-07-18,Uruguay,URY,Héctor Castro,f9910f36-a280-5513-a934-7ad09e624d7b,65,False,False
wc_history,WC-4b61b2ca-9e5e-5a7c-b7c6-ecb2849f2a32,2010-06-19,Australia,AUS,Brett Holman,d14984e5-dc62-59c4-a6ee-7ac8dc600a45,11,False,False
wc_history,WC-4b61b2ca-9e5e-5a7c-b7c6-ecb2849f2a32,2010-06-19,Ghana,GHA,Asamoah Gyan,25acf578-7d54-5b0c-9ef7-60287405b645,25,True,False
wc_history,WC-4bff4c29-dabc-5289-9c3e-03b9e96ecd5c,1966-07-19,North Korea,PRK,Doo-ik Pak,3e04a095-1c4c-5805-a588-fdca3ddd2e4f,42,False,False
wc_history,WC-4c0827a5-a08e-5dcd-a4ca-a238a91ca5e0,1994-07-05,Bulgaria,BGR,Hristo Stoichkov,3d429cd6-3d00-5163-a90f-a858f6f900c1,6,False,False
wc_history,WC-4c0827a5-a08e-5dcd-a4ca-a238a91ca5e0,1994-07-05,Mexico,MEX,Alberto García Aspe,5d4d3101-6e59-56a8-8113-83b297ab86ce,18,True,False
wc_history,WC-4c13f03c-2887-5e74-8bd3-88161b5e84e6,2014-06-23,Mexico,MEX,Rafael Márquez,12c0f6e5-e103-5e07-a763-b1a55fe9e735,72,False,False
wc_history,WC-4c13f03c-2887-5e74-8bd3-88161b5e84e6,2014-06-23,Mexico,MEX,Andrés Guardado,56e5304d-49c9-5858-b6dc-3cbaf0f8b80d,75,False,False
wc_history,WC-4c13f03c-2887-5e74-8bd3-88161b5e84e6,2014-06-23,Mexico,MEX,Javier Hernández,f8eb718f-d397-5788-9d66-a4191abc65b1,82,False,False
wc_history,WC-4c13f03c-2887-5e74-8bd3-88161b5e84e6,2014-06-23,Croatia,HRV,Ivan Perišić,1bc7347e-8e0e-5bff-a61f-2cf481f4a409,87,False,False
wc_history,WC-4c316035-e99f-53c6-b2d0-22132a7e2aa3,1994-07-09,Brazil,BRA,Romário,705a28fe-4421-5794-a754-fdc7846fe0e8,53,False,False
wc_history,WC-4c316035-e99f-53c6-b2d0-22132a7e2aa3,1994-07-09,Brazil,BRA,Bebeto,e7c94ebc-d230-5886-98a9-63258c360dd8,63,False,False
wc_history,WC-4c316035-e99f-53c6-b2d0-22132a7e2aa3,1994-07-09,Netherlands,NLD,Dennis Bergkamp,0d3e14b3-7fa2-5e1c-b09e-06c467689d11,64,False,False
wc_history,WC-4c316035-e99f-53c6-b2d0-22132a7e2aa3,1994-07-09,Netherlands,NLD,Aron Winter,b88e46d2-48be-5bcc-9835-a80af6faaae7,76,False,False
wc_history,WC-4c316035-e99f-53c6-b2d0-22132a7e2aa3,1994-07-09,Brazil,BRA,Branco,d1498f08-7f3e-57ec-bb93-a44e6e31ebfc,81,False,False
wc_history,WC-4c4a2eb6-c214-510f-a696-590e87502f81,2014-06-30,Germany,DEU,André Schürrle,d44f15c8-e971-57e4-91b9-0cac9154c081,92,False,False
wc_history,WC-4c4a2eb6-c214-510f-a696-590e87502f81,2014-06-30,Algeria,DZA,Abdelmoumene Djabou,d15b58fe-57f5-57d3-a81f-fe6b7bb3840e,120'+1,False,False
wc_history,WC-4c4a2eb6-c214-510f-a696-590e87502f81,2014-06-30,Germany,DEU,Mesut Özil,73c8fedb-2ad4-5d4d-97b8-da5024bd51d6,120,False,False
wc_history,WC-4c593925-dc0d-5217-b9f3-d39cc0a33c3d,1938-06-05,Hungary,HUN,Vilmos Kohut,f3e36b22-faf5-5f7d-8c90-ec882c3f5fa0,13,False,False
wc_history,WC-4c593925-dc0d-5217-b9f3-d39cc0a33c3d,1938-06-05,Hungary,HUN,Géza Toldi,7676a267-9f1f-5229-bfbb-b94a568ecdeb,15,False,False
wc_history,WC-4c593925-dc0d-5217-b9f3-d39cc0a33c3d,1938-06-05,Hungary,HUN,György Sárosi,b504d4a5-8ec6-5236-a2a2-63e8bfc53f46,28,False,False
wc_history,WC-4c593925-dc0d-5217-b9f3-d39cc0a33c3d,1938-06-05,Hungary,HUN,Gyula Zsengellér,964cf0d1-ab94-59fa-9cd4-9d1c5dc280ea,35,False,False
wc_history,WC-4c593925-dc0d-5217-b9f3-d39cc0a33c3d,1938-06-05,Hungary,HUN,Gyula Zsengellér,964cf0d1-ab94-59fa-9cd4-9d1c5dc280ea,76,False,False
wc_history,WC-4c593925-dc0d-5217-b9f3-d39cc0a33c3d,1938-06-05,Hungary,HUN,György Sárosi,b504d4a5-8ec6-5236-a2a2-63e8bfc53f46,89,False,False
wc_history,WC-4c7f47ee-7589-5cc7-9fe8-02c797babc15,1954-06-17,Switzerland,CHE,Robert Ballaman,012d44a1-c0e9-55ed-ab59-8f82fc400319,18,False,False
wc_history,WC-4c7f47ee-7589-5cc7-9fe8-02c797babc15,1954-06-17,Italy,ITA,Giampiero Boniperti,9041eccc-6528-5279-9c5f-d04867e88dcd,44,False,False
wc_history,WC-4c7f47ee-7589-5cc7-9fe8-02c797babc15,1954-06-17,Switzerland,CHE,Josef Hügi,9ec6452a-820a-50b9-950e-efe78ce214d2,78,False,False
wc_history,WC-4cb5ba84-682c-5950-b505-3bf16e9dc024,1958-06-08,Paraguay,PRY,Florencio Amarilla,54ea862a-4030-5ab7-a00d-8801ab5eb65a,20,False,False
wc_history,WC-4cb5ba84-682c-5950-b505-3bf16e9dc024,1958-06-08,France,FRA,Just Fontaine,e611498a-cd22-5e71-9f6a-16706cc6f3ca,24,False,False
wc_history,WC-4cb5ba84-682c-5950-b505-3bf16e9dc024,1958-06-08,France,FRA,Just Fontaine,e611498a-cd22-5e71-9f6a-16706cc6f3ca,30,False,False
wc_history,WC-4cb5ba84-682c-5950-b505-3bf16e9dc024,1958-06-08,Paraguay,PRY,Florencio Amarilla,54ea862a-4030-5ab7-a00d-8801ab5eb65a,44,True,False
wc_history,WC-4cb5ba84-682c-5950-b505-3bf16e9dc024,1958-06-08,Paraguay,PRY,Jorge Lino Romero,b56f7667-67aa-5b27-abaf-58d977d82565,50,False,False
wc_history,WC-4cb5ba84-682c-5950-b505-3bf16e9dc024,1958-06-08,France,FRA,Roger Piantoni,f6f863d9-37fe-52cf-a86f-a6f73163f410,52,False,False
wc_history,WC-4cb5ba84-682c-5950-b505-3bf16e9dc024,1958-06-08,France,FRA,Maryan Wisnieski,33a3cca4-f940-5405-b8b9-f82663b2ca27,61,False,False
wc_history,WC-4cb5ba84-682c-5950-b505-3bf16e9dc024,1958-06-08,France,FRA,Just Fontaine,e611498a-cd22-5e71-9f6a-16706cc6f3ca,67,False,False
wc_history,WC-4cb5ba84-682c-5950-b505-3bf16e9dc024,1958-06-08,France,FRA,Raymond Kopa,52b26762-d58e-5a6c-823c-fcfcdbb90dae,70,False,False
wc_history,WC-4cb5ba84-682c-5950-b505-3bf16e9dc024,1958-06-08,France,FRA,Jean Vincent,e97114c8-7ebd-5ca1-b98a-dfa78db49278,83,False,False
wc_history,WC-4cb933cc-d3c0-52f3-a16b-dc8824b382bd,1990-06-23,Czechoslovakia,CSK,Tomáš Skuhravý,e6ab21ee-0c6c-5c0a-a23f-690085bed84e,12,False,False
wc_history,WC-4cb933cc-d3c0-52f3-a16b-dc8824b382bd,1990-06-23,Costa Rica,CRI,Rónald González Brenes,2ce62645-53d9-5377-b739-dfc6c04b3508,55,False,False
wc_history,WC-4cb933cc-d3c0-52f3-a16b-dc8824b382bd,1990-06-23,Czechoslovakia,CSK,Tomáš Skuhravý,e6ab21ee-0c6c-5c0a-a23f-690085bed84e,63,False,False
wc_history,WC-4cb933cc-d3c0-52f3-a16b-dc8824b382bd,1990-06-23,Czechoslovakia,CSK,Luboš Kubík,d95bbf11-6370-5385-be09-fecacd641476,76,False,False
wc_history,WC-4cb933cc-d3c0-52f3-a16b-dc8824b382bd,1990-06-23,Czechoslovakia,CSK,Tomáš Skuhravý,e6ab21ee-0c6c-5c0a-a23f-690085bed84e,82,False,False
wc_history,WC-4ceab03b-b365-529c-819d-0a100ccf024f,2014-06-14,Colombia,COL,Pablo Armero,d72b18a1-d25f-5b90-bffe-cc77fd1cb370,5,False,False
wc_history,WC-4ceab03b-b365-529c-819d-0a100ccf024f,2014-06-14,Colombia,COL,Teófilo Gutiérrez,d47f0254-548c-5065-9dbe-9fcfaa335961,58,False,False
wc_history,WC-4ceab03b-b365-529c-819d-0a100ccf024f,2014-06-14,Colombia,COL,James Rodríguez,4c936157-4d63-517d-bdc0-4b594567d23a,90'+3,False,False
wc_history,WC-4ced2575-d075-5fa5-8982-f9efe05dd1a4,1986-06-05,Italy,ITA,Alessandro Altobelli,a6a97d0d-7059-5b81-bce1-28d6029bdf52,6,True,False
wc_history,WC-4ced2575-d075-5fa5-8982-f9efe05dd1a4,1986-06-05,Argentina,ARG,Diego Maradona,3f00458e-da43-502e-ad10-2318ba2694df,34,False,False
wc_history,WC-4d0adb30-305b-57ae-a8af-efff128560b0,2022-12-02,Portugal,PRT,Ricardo Horta,b2df0e8e-426e-5591-84c1-7c2e7a3f2c7d,5,False,False
wc_history,WC-4d0adb30-305b-57ae-a8af-efff128560b0,2022-12-02,South Korea,KOR,Young-gwon Kim,49d8156f-85e4-5b15-b744-159641c72d2a,27,False,False
wc_history,WC-4d0adb30-305b-57ae-a8af-efff128560b0,2022-12-02,South Korea,KOR,Hee-chan Hwang,aa57f32b-5cbd-5d31-be07-37e6a8907743,90'+1,False,False
wc_history,WC-4d0c9eee-6813-5f38-93d7-85523d5c2b9f,1994-06-28,Italy,ITA,Daniele Massaro,ad435103-e534-5b59-8342-0ecde218d67e,48,False,False
wc_history,WC-4d0c9eee-6813-5f38-93d7-85523d5c2b9f,1994-06-28,Mexico,MEX,Marcelino Bernal,cf8d7294-703c-5a94-a7cd-e4e648e261cc,57,False,False
wc_history,WC-4d524296-4d35-5960-8f17-61d31e75dc39,1962-05-30,Switzerland,CHE,Rolf Wüthrich,8fd1c218-3390-53d1-8d84-1c084d5af315,6,False,False
wc_history,WC-4d524296-4d35-5960-8f17-61d31e75dc39,1962-05-30,Chile,CHL,Leonel Sánchez,c421f6f7-6398-5b4b-89d2-ccf45ff30ac7,44,False,False
wc_history,WC-4d524296-4d35-5960-8f17-61d31e75dc39,1962-05-30,Chile,CHL,Jaime Ramírez,1faad416-3c7b-5569-aadd-9659083cabed,51,False,False
wc_history,WC-4d524296-4d35-5960-8f17-61d31e75dc39,1962-05-30,Chile,CHL,Leonel Sánchez,c421f6f7-6398-5b4b-89d2-ccf45ff30ac7,55,False,False
wc_history,WC-4d776020-546b-5375-965b-5dd9ed450829,2018-06-19,Russia,RUS,Ahmed Fathy,0f08eded-d542-52f6-9ad6-8bcf3bcdd5c0,47,False,True
wc_history,WC-4d776020-546b-5375-965b-5dd9ed450829,2018-06-19,Russia,RUS,Denis Cheryshev,0a7b8993-f8c5-5286-98db-74d23d17a513,59,False,False
wc_history,WC-4d776020-546b-5375-965b-5dd9ed450829,2018-06-19,Russia,RUS,Artem Dzyuba,709adc2b-8004-53f7-9f46-277c6da8bfe9,62,False,False
wc_history,WC-4d776020-546b-5375-965b-5dd9ed450829,2018-06-19,Egypt,EGY,Mohamed Salah,9fccedcf-6922-511b-9199-5ccc4d4b7397,73,True,False
wc_history,WC-4d7e2ac7-a44b-5523-8f0d-9931c34c0360,1966-07-15,France,FRA,Héctor De Bourgoing,3c87e759-e269-50b9-b52a-cb737744e88d,15,True,False
wc_history,WC-4d7e2ac7-a44b-5523-8f0d-9931c34c0360,1966-07-15,Uruguay,URY,Pedro Rocha,abb87ded-535b-5512-9e0b-efb656650903,26,False,False
wc_history,WC-4d7e2ac7-a44b-5523-8f0d-9931c34c0360,1966-07-15,Uruguay,URY,Julio César Cortés,5bf214fb-b897-5f20-b4a1-7d1d15174399,31,False,False
wc_history,WC-4dd752d0-74b5-5c59-8f42-4336b7a6abd7,1962-06-03,West Germany,DEU,Albert Brülls,777d424b-3014-57f7-9b1f-deab47d77e66,45,False,False
wc_history,WC-4dd752d0-74b5-5c59-8f42-4336b7a6abd7,1962-06-03,West Germany,DEU,Uwe Seeler,33864d66-d8d9-524b-a228-8e6849104a8d,59,False,False
wc_history,WC-4dd752d0-74b5-5c59-8f42-4336b7a6abd7,1962-06-03,Switzerland,CHE,Heinz Schneiter,37ab2a6f-de2a-56b1-8732-17cd3159b813,73,False,False
wc_history,WC-4e7a718a-28fc-55b1-b5a4-cb8698fdceb6,1974-07-03,Netherlands,NLD,Johan Neeskens,9b7d4443-548a-5814-86f9-a589ba71e80b,50,False,False
wc_history,WC-4e7a718a-28fc-55b1-b5a4-cb8698fdceb6,1974-07-03,Netherlands,NLD,Johan Cruyff,f02bd2c8-a452-5dd7-897c-467500fe9d09,65,False,False
wc_history,WC-4ed865b6-c85d-5ef2-af92-38c6eef6466c,1998-06-25,Germany,DEU,Oliver Bierhoff,d29f35c2-b771-5cf7-a2cf-9a91d485213f,50,False,False
wc_history,WC-4ed865b6-c85d-5ef2-af92-38c6eef6466c,1998-06-25,Germany,DEU,Jürgen Klinsmann,67013912-938f-51c7-b4c6-8e1058400553,57,False,False
wc_history,WC-4edffeca-02d0-58d0-b3e0-2a8d5855af51,2002-06-13,Ecuador,ECU,Édison Méndez,abd71adc-d686-5d2b-84b1-b9b633ad7bdf,48,False,False
wc_history,WC-4f1d6def-48c4-5fe8-875a-915abc921f3e,1970-06-20,West Germany,DEU,Wolfgang Overath,a145d8ec-5edf-506d-912f-beb685fa4f35,26,False,False
wc_history,WC-4f4a02aa-dcc1-5922-9625-d162089a67ee,1986-06-22,Belgium,BEL,Jan Ceulemans,ff94abcf-594a-5f85-9f5b-3c72d2731019,35,False,False
wc_history,WC-4f4a02aa-dcc1-5922-9625-d162089a67ee,1986-06-22,Spain,ESP,Juan Antonio Señor,31b7d8b7-62ad-5461-86dc-19e7c144c6e7,85,False,False
wc_history,WC-4f6b2330-d974-5e41-8d9e-c9595fd3e568,2014-06-25,Bosnia and Herzegovina,BIH,Edin Džeko,4ba5e67a-67ea-53bc-9b71-7e6f1eaf13cd,23,False,False
wc_history,WC-4f6b2330-d974-5e41-8d9e-c9595fd3e568,2014-06-25,Bosnia and Herzegovina,BIH,Miralem Pjanić,661a2ed3-0bac-52df-bd2d-30fa24efb50c,59,False,False
wc_history,WC-4f6b2330-d974-5e41-8d9e-c9595fd3e568,2014-06-25,Iran,IRN,Reza Ghoochannejhad,f71e8d75-d152-5c96-8632-91f564b7b0a9,82,False,False
wc_history,WC-4f6b2330-d974-5e41-8d9e-c9595fd3e568,2014-06-25,Bosnia and Herzegovina,BIH,Avdija Vršajević,4b7ca066-258c-5e83-9494-3ad08fc599f2,83,False,False
wc_history,WC-4f82e144-88c1-5ce0-954a-76acbbe821eb,1998-07-07,Brazil,BRA,Ronaldo,c6d7a149-4d7b-59f8-8b38-6acaa67f72f5,46,False,False
wc_history,WC-4f82e144-88c1-5ce0-954a-76acbbe821eb,1998-07-07,Netherlands,NLD,Patrick Kluivert,cdb1501b-9397-5c0e-aba8-0ef47a969a5a,87,False,False
wc_history,WC-4fbd212c-a936-5c09-b079-f79fc60d98f4,1974-06-23,Netherlands,NLD,Johan Neeskens,9b7d4443-548a-5814-86f9-a589ba71e80b,5,True,False
wc_history,WC-4fbd212c-a936-5c09-b079-f79fc60d98f4,1974-06-23,Netherlands,NLD,Johan Neeskens,9b7d4443-548a-5814-86f9-a589ba71e80b,44,True,False
wc_history,WC-4fbd212c-a936-5c09-b079-f79fc60d98f4,1974-06-23,Netherlands,NLD,Johnny Rep,9fa9f10e-2f0b-58ec-9327-5c10bdd4bb01,71,False,False
wc_history,WC-4fbd212c-a936-5c09-b079-f79fc60d98f4,1974-06-23,Bulgaria,BGR,Ruud Krol,58443b47-0acc-58ed-9115-6ef6860e6a31,78,False,True
wc_history,WC-4fbd212c-a936-5c09-b079-f79fc60d98f4,1974-06-23,Netherlands,NLD,Theo de Jong,5c1b1e6b-10e7-54be-8f20-4e1e9b057f75,88,False,False
wc_history,WC-4fdbf0c8-baf1-50b4-8ef8-41516bf8bff3,2018-06-18,Sweden,SWE,Andreas Granqvist,0a96e548-f5e9-56ad-96bc-6c850177b0af,65,True,False
wc_history,WC-50162908-36d4-5ac6-a785-19feae267df1,2022-11-30,Mexico,MEX,Henry Martín,74b53fbb-747a-5381-93ff-89fe5855e903,47,False,False
wc_history,WC-50162908-36d4-5ac6-a785-19feae267df1,2022-11-30,Mexico,MEX,Luis Chávez,f0103758-afd3-5dd8-a79a-974ad2c77bb6,52,False,False
wc_history,WC-50162908-36d4-5ac6-a785-19feae267df1,2022-11-30,Saudi Arabia,SAU,Salem Al-Dawsari,887f45c6-eab1-55f1-b636-edde8636b893,90'+5,False,False
wc_history,WC-5022444d-f097-5919-861f-3840f63862f1,2022-11-30,Tunisia,TUN,Wahbi Khazri,df16eb26-a120-5315-8c27-3cccbd9124e7,58,False,False
wc_history,WC-504390f1-31d4-5f08-9f8b-dcd2e91e9bb9,1934-06-03,Italy,ITA,Enrique Guaita,9780531c-9f7e-5106-bf9b-fe291809cfe6,19,False,False
wc_history,WC-50b91f2f-5c1d-53f3-8aae-95d3e792dd9e,2018-06-24,Colombia,COL,Yerry Mina,b1e5f393-18e4-58a5-9858-58346b519f84,40,False,False
wc_history,WC-50b91f2f-5c1d-53f3-8aae-95d3e792dd9e,2018-06-24,Colombia,COL,Radamel Falcao,a8e302f8-2f0a-5136-bb5b-9220ca11dfe3,70,False,False
wc_history,WC-50b91f2f-5c1d-53f3-8aae-95d3e792dd9e,2018-06-24,Colombia,COL,Juan Cuadrado,0659d7f1-0682-5d8d-9214-3a9cc299fae7,75,False,False
wc_history,WC-50dbe622-3e7f-5979-b5d8-60a63119950e,1994-06-30,Bulgaria,BGR,Hristo Stoichkov,3d429cd6-3d00-5163-a90f-a858f6f900c1,61,False,False
wc_history,WC-50dbe622-3e7f-5979-b5d8-60a63119950e,1994-06-30,Bulgaria,BGR,Nasko Sirakov,6a510767-5ac6-5938-abbf-4a92e0b014e5,90'+3,False,False
wc_history,WC-51798db2-7e0a-587d-81c8-e3993757c4eb,1970-06-14,Mexico,MEX,José Luis González,aee3fcce-2930-5671-a46e-b455ee73734e,13,False,False
wc_history,WC-51798db2-7e0a-587d-81c8-e3993757c4eb,1970-06-14,Italy,ITA,Javier Guzmán,f262ba38-5361-5cb8-b17b-04dad938d6f6,25,False,True
wc_history,WC-51798db2-7e0a-587d-81c8-e3993757c4eb,1970-06-14,Italy,ITA,Gigi Riva,7234644f-0515-52c6-aaf5-0cce30841dc9,63,False,False
wc_history,WC-51798db2-7e0a-587d-81c8-e3993757c4eb,1970-06-14,Italy,ITA,Gianni Rivera,04bb4014-a949-59e6-a80b-3c0f1fe74f2e,70,False,False
wc_history,WC-51798db2-7e0a-587d-81c8-e3993757c4eb,1970-06-14,Italy,ITA,Gigi Riva,7234644f-0515-52c6-aaf5-0cce30841dc9,76,False,False
wc_history,WC-51dfcdc0-bb88-50e2-b007-186925bd9525,1978-06-14,Netherlands,NLD,Ernie Brandts,3fb7e63a-f370-5da3-9631-b64c5d626247,6,False,False
wc_history,WC-51dfcdc0-bb88-50e2-b007-186925bd9525,1978-06-14,Netherlands,NLD,Rob Rensenbrink,ea2da0fb-34b0-5813-8789-cdd218e3d0e7,35,True,False
wc_history,WC-51dfcdc0-bb88-50e2-b007-186925bd9525,1978-06-14,Netherlands,NLD,Johnny Rep,9fa9f10e-2f0b-58ec-9327-5c10bdd4bb01,36,False,False
wc_history,WC-51dfcdc0-bb88-50e2-b007-186925bd9525,1978-06-14,Netherlands,NLD,Johnny Rep,9fa9f10e-2f0b-58ec-9327-5c10bdd4bb01,53,False,False
wc_history,WC-51dfcdc0-bb88-50e2-b007-186925bd9525,1978-06-14,Austria,AUT,Erich Obermayer,5f697991-4297-5449-ad1e-ed0ce065a826,80,False,False
wc_history,WC-51dfcdc0-bb88-50e2-b007-186925bd9525,1978-06-14,Netherlands,NLD,Willy van de Kerkhof,82721af3-fd74-5729-be6a-bf54db0ee373,82,False,False
wc_history,WC-520bcc8c-238c-5576-b2ff-269b9f11c056,2010-06-15,Brazil,BRA,Maicon,4f54ebc4-db0d-53d2-9390-f379ecc32c23,55,False,False
wc_history,WC-520bcc8c-238c-5576-b2ff-269b9f11c056,2010-06-15,Brazil,BRA,Elano,d2de10e7-f2aa-5c3e-9e14-3fb3607ccdad,72,False,False
wc_history,WC-520bcc8c-238c-5576-b2ff-269b9f11c056,2010-06-15,North Korea,PRK,Yun-nam Ji,78484e41-f751-51be-834d-2470d4fec024,89,False,False
wc_history,WC-52630cb5-328b-5a22-8126-62e6a1216fbe,1934-06-10,Czechoslovakia,CSK,Antonín Puč,ccb08543-61d7-5e0e-ad21-0bb3c47cc138,71,False,False
wc_history,WC-52630cb5-328b-5a22-8126-62e6a1216fbe,1934-06-10,Italy,ITA,Raimundo Orsi,0c39c065-818e-51a7-ad6a-e41818ac7068,81,False,False
wc_history,WC-52630cb5-328b-5a22-8126-62e6a1216fbe,1934-06-10,Italy,ITA,Angelo Schiavio,26f07220-9dac-5530-b6b1-900158b0848a,95,False,False
wc_history,WC-52dea0e1-7db1-5b73-b797-3ea43b30573c,1938-06-16,Sweden,SWE,Arne Nyberg,b18b6dc6-385a-516b-9973-c7825abeb766,1,False,False
wc_history,WC-52dea0e1-7db1-5b73-b797-3ea43b30573c,1938-06-16,Hungary,HUN,Sven Jacobsson,990c5e7b-651c-57de-aef8-af468d41cbe1,19,False,True
wc_history,WC-52dea0e1-7db1-5b73-b797-3ea43b30573c,1938-06-16,Hungary,HUN,Pál Titkos,0c5eeb2c-bfc4-59aa-b09e-1636b3809f51,37,False,False
wc_history,WC-52dea0e1-7db1-5b73-b797-3ea43b30573c,1938-06-16,Hungary,HUN,Gyula Zsengellér,964cf0d1-ab94-59fa-9cd4-9d1c5dc280ea,39,False,False
wc_history,WC-52dea0e1-7db1-5b73-b797-3ea43b30573c,1938-06-16,Hungary,HUN,György Sárosi,b504d4a5-8ec6-5236-a2a2-63e8bfc53f46,65,False,False
wc_history,WC-52dea0e1-7db1-5b73-b797-3ea43b30573c,1938-06-16,Hungary,HUN,Gyula Zsengellér,964cf0d1-ab94-59fa-9cd4-9d1c5dc280ea,85,False,False
wc_history,WC-52fa1433-1045-54df-bdb3-533e8df07106,1998-07-03,Denmark,DNK,Martin Jørgensen,80262b27-88dd-566e-87f4-7e99caef58e5,2,False,False
wc_history,WC-52fa1433-1045-54df-bdb3-533e8df07106,1998-07-03,Brazil,BRA,Bebeto,e7c94ebc-d230-5886-98a9-63258c360dd8,10,False,False
wc_history,WC-52fa1433-1045-54df-bdb3-533e8df07106,1998-07-03,Brazil,BRA,Rivaldo,3bf52051-d43a-5b2b-9dbc-281ba13f5969,25,False,False
wc_history,WC-52fa1433-1045-54df-bdb3-533e8df07106,1998-07-03,Denmark,DNK,Brian Laudrup,65b7d45a-b456-5106-bd9a-0912abd1246c,50,False,False
wc_history,WC-52fa1433-1045-54df-bdb3-533e8df07106,1998-07-03,Brazil,BRA,Rivaldo,3bf52051-d43a-5b2b-9dbc-281ba13f5969,59,False,False
wc_history,WC-52feb33a-acc0-52ae-a6a9-f92d2a1a9496,1966-07-26,England,ENG,Bobby Charlton,047a87a6-661e-5256-9dab-e8a67f44b73c,30,False,False
wc_history,WC-52feb33a-acc0-52ae-a6a9-f92d2a1a9496,1966-07-26,England,ENG,Bobby Charlton,047a87a6-661e-5256-9dab-e8a67f44b73c,80,False,False
wc_history,WC-52feb33a-acc0-52ae-a6a9-f92d2a1a9496,1966-07-26,Portugal,PRT,Eusébio,348022e6-d570-5426-8c84-59a7656e69f8,82,True,False
wc_history,WC-53507609-ac05-558f-8334-7b548d78683f,2018-06-23,Belgium,BEL,Eden Hazard,3826fb70-8da7-50c7-9b18-33659f9be60b,6,True,False
wc_history,WC-53507609-ac05-558f-8334-7b548d78683f,2018-06-23,Belgium,BEL,Romelu Lukaku,e1136b8b-9398-573b-8bd1-b1214de9cd61,16,False,False
wc_history,WC-53507609-ac05-558f-8334-7b548d78683f,2018-06-23,Tunisia,TUN,Dylan Bronn,6dfc960a-8e1b-59ef-8f5c-469d6b742b5d,18,False,False
wc_history,WC-53507609-ac05-558f-8334-7b548d78683f,2018-06-23,Belgium,BEL,Romelu Lukaku,e1136b8b-9398-573b-8bd1-b1214de9cd61,45'+3,False,False
wc_history,WC-53507609-ac05-558f-8334-7b548d78683f,2018-06-23,Belgium,BEL,Eden Hazard,3826fb70-8da7-50c7-9b18-33659f9be60b,51,False,False
wc_history,WC-53507609-ac05-558f-8334-7b548d78683f,2018-06-23,Tunisia,TUN,Wahbi Khazri,df16eb26-a120-5315-8c27-3cccbd9124e7,90'+3,False,False
wc_history,WC-53507609-ac05-558f-8334-7b548d78683f,2018-06-23,Belgium,BEL,Michy Batshuayi,37859ac3-e93d-5fc2-b273-f1f3c6436883,90,False,False
wc_history,WC-5368c67a-009c-5e26-ad25-a7810d01d311,1966-07-30,West Germany,DEU,Helmut Haller,9f33a8a5-02b8-5290-bede-e946023a7c13,12,False,False
wc_history,WC-5368c67a-009c-5e26-ad25-a7810d01d311,1966-07-30,England,ENG,Geoff Hurst,1bbb56d9-1b86-5bfb-8928-450222411144,18,False,False
wc_history,WC-5368c67a-009c-5e26-ad25-a7810d01d311,1966-07-30,England,ENG,Martin Peters,dbbe3627-95f1-5d66-ac86-c2a613de6c9a,78,False,False
wc_history,WC-5368c67a-009c-5e26-ad25-a7810d01d311,1966-07-30,West Germany,DEU,Wolfgang Weber,e02ad8bf-03bc-583d-9431-4496298e4cc5,89,False,False
wc_history,WC-5368c67a-009c-5e26-ad25-a7810d01d311,1966-07-30,England,ENG,Geoff Hurst,1bbb56d9-1b86-5bfb-8928-450222411144,101,False,False
wc_history,WC-5368c67a-009c-5e26-ad25-a7810d01d311,1966-07-30,England,ENG,Geoff Hurst,1bbb56d9-1b86-5bfb-8928-450222411144,120,False,False
wc_history,WC-53add074-34ca-5e41-8ea7-c1e2165dc8c8,1990-06-21,Spain,ESP,Míchel,4675cfb1-a56e-533d-b267-dc1c0d08c9de,26,True,False
wc_history,WC-53add074-34ca-5e41-8ea7-c1e2165dc8c8,1990-06-21,Belgium,BEL,Patrick Vervoort,4d5ab592-1db3-515e-841a-6e438b203598,29,False,False
wc_history,WC-53add074-34ca-5e41-8ea7-c1e2165dc8c8,1990-06-21,Spain,ESP,Alberto Górriz,abe9e291-6c32-5e80-b3d7-5e0458b7adaf,38,False,False
wc_history,WC-53d2cb54-c24d-525d-ae1b-eb2d34ca71d4,1974-07-07,Netherlands,NLD,Johan Neeskens,9b7d4443-548a-5814-86f9-a589ba71e80b,2,True,False
wc_history,WC-53d2cb54-c24d-525d-ae1b-eb2d34ca71d4,1974-07-07,West Germany,DEU,Paul Breitner,674fbf19-d950-58b9-a59d-bf402d5f6aec,25,True,False
wc_history,WC-53d2cb54-c24d-525d-ae1b-eb2d34ca71d4,1974-07-07,West Germany,DEU,Gerd Müller,cc40fa15-a4e1-53ff-8b63-30280ac05f5f,43,False,False
wc_history,WC-5483d11f-d59b-5248-88f2-fca539fd2126,1998-06-23,Chile,CHL,José Luis Sierra,fa418c56-c443-5ad8-a559-10c21349587f,20,False,False
wc_history,WC-5483d11f-d59b-5248-88f2-fca539fd2126,1998-06-23,Cameroon,CMR,Patrick M'Boma,03e2261a-a38c-5696-bfe1-c5a9d65ac454,56,False,False
wc_history,WC-54936324-2278-540b-8a85-df8f5dee0c50,2002-06-02,Argentina,ARG,Gabriel Batistuta,b9ee0af3-0bc4-5d1d-aa2a-0ede858b5147,63,False,False
wc_history,WC-55744772-8755-563b-a477-f20c26467807,2002-06-06,Cameroon,CMR,Samuel Eto'o,d5c72b31-5d11-5935-ad72-d3db31180f95,66,False,False
wc_history,WC-5598d8c1-ad7a-5bfd-b6a1-c6c2f8f41003,2014-06-23,Brazil,BRA,Neymar,71a6d293-a0d3-545f-83d4-4cb64d16d4c8,17,False,False
wc_history,WC-5598d8c1-ad7a-5bfd-b6a1-c6c2f8f41003,2014-06-23,Cameroon,CMR,Joël Matip,fd168cf4-a9fb-54ff-8657-70163bac185c,26,False,False
wc_history,WC-5598d8c1-ad7a-5bfd-b6a1-c6c2f8f41003,2014-06-23,Brazil,BRA,Neymar,71a6d293-a0d3-545f-83d4-4cb64d16d4c8,35,False,False
wc_history,WC-5598d8c1-ad7a-5bfd-b6a1-c6c2f8f41003,2014-06-23,Brazil,BRA,Fred,9146242d-daf2-5df3-b9c3-9c4e2d4f4365,49,False,False
wc_history,WC-5598d8c1-ad7a-5bfd-b6a1-c6c2f8f41003,2014-06-23,Brazil,BRA,Fernandinho,89fd9c0d-c6f7-5f1f-a3e0-83cce524bbe0,84,False,False
wc_history,WC-55acca40-2706-58f6-b43e-1fce65ac1950,1966-07-20,England,ENG,Roger Hunt,0a957de4-47b3-5486-8468-6c40e85b8c43,38,False,False
wc_history,WC-55acca40-2706-58f6-b43e-1fce65ac1950,1966-07-20,England,ENG,Roger Hunt,0a957de4-47b3-5486-8468-6c40e85b8c43,75,False,False
wc_history,WC-55ef5f05-64d5-5d67-9d56-d677b1a45abe,1994-06-22,United States,USA,Andrés Escobar,7a344d38-7751-50f2-a1c7-9f659f6c0723,35,False,True
wc_history,WC-55ef5f05-64d5-5d67-9d56-d677b1a45abe,1994-06-22,United States,USA,Earnie Stewart,030af3f5-dea5-5606-954d-97e5d01eef44,52,False,False
wc_history,WC-55ef5f05-64d5-5d67-9d56-d677b1a45abe,1994-06-22,Colombia,COL,Adolfo Valencia,2edfaf4a-e339-5612-90ba-a5aa7cf082b1,90,False,False
wc_history,WC-56201e06-113e-5f98-83f1-8dd237088bba,2006-06-16,Netherlands,NLD,Robin van Persie,46b8935b-5f46-5667-94bf-ed8d885ea1d4,23,False,False
wc_history,WC-56201e06-113e-5f98-83f1-8dd237088bba,2006-06-16,Netherlands,NLD,Ruud van Nistelrooy,d8c2f5f9-1363-52c8-ae6b-0cadfed97efa,27,False,False
wc_history,WC-56201e06-113e-5f98-83f1-8dd237088bba,2006-06-16,Ivory Coast,CIV,Bakari Koné,b1e4109e-05dd-5848-9942-3463688a5a06,38,False,False
wc_history,WC-56859697-b0ec-5e8c-9d0e-b718f3890dde,1954-06-20,Hungary,HUN,Sándor Kocsis,16f008ae-0efe-5c24-b0c3-c3a8d461f3b4,3,False,False
wc_history,WC-56859697-b0ec-5e8c-9d0e-b718f3890dde,1954-06-20,Hungary,HUN,Ferenc Puskás,2ef77552-27cf-5b34-a9de-fa114011f2e1,17,False,False
wc_history,WC-56859697-b0ec-5e8c-9d0e-b718f3890dde,1954-06-20,Hungary,HUN,Sándor Kocsis,16f008ae-0efe-5c24-b0c3-c3a8d461f3b4,21,False,False
wc_history,WC-56859697-b0ec-5e8c-9d0e-b718f3890dde,1954-06-20,West Germany,DEU,Alfred Pfaff,f25ad90a-2f53-57aa-a898-8f066741d3fb,25,False,False
wc_history,WC-56859697-b0ec-5e8c-9d0e-b718f3890dde,1954-06-20,Hungary,HUN,Nándor Hidegkuti,b31fba41-6cd6-5ab7-8ba4-abc9f0ccd988,52,False,False
wc_history,WC-56859697-b0ec-5e8c-9d0e-b718f3890dde,1954-06-20,Hungary,HUN,Nándor Hidegkuti,b31fba41-6cd6-5ab7-8ba4-abc9f0ccd988,54,False,False
wc_history,WC-56859697-b0ec-5e8c-9d0e-b718f3890dde,1954-06-20,Hungary,HUN,Sándor Kocsis,16f008ae-0efe-5c24-b0c3-c3a8d461f3b4,69,False,False
wc_history,WC-56859697-b0ec-5e8c-9d0e-b718f3890dde,1954-06-20,Hungary,HUN,József Tóth,13421e05-745c-5a39-ae6c-0bc21757a749,75,False,False
wc_history,WC-56859697-b0ec-5e8c-9d0e-b718f3890dde,1954-06-20,West Germany,DEU,Helmut Rahn,36594778-f2f8-5d20-99b1-2d245483f4ac,77,False,False
wc_history,WC-56859697-b0ec-5e8c-9d0e-b718f3890dde,1954-06-20,Hungary,HUN,Sándor Kocsis,16f008ae-0efe-5c24-b0c3-c3a8d461f3b4,78,False,False
wc_history,WC-56859697-b0ec-5e8c-9d0e-b718f3890dde,1954-06-20,West Germany,DEU,Richard Herrmann,c9237ab0-0f52-5d25-a589-25972f0b9732,84,False,False
wc_history,WC-573f42f9-203c-5da1-9bc8-8a6ed5976d89,1938-06-19,Italy,ITA,Gino Colaussi,431cf740-a7e6-58bd-9904-7b3a60dd2455,6,False,False
wc_history,WC-573f42f9-203c-5da1-9bc8-8a6ed5976d89,1938-06-19,Hungary,HUN,Pál Titkos,0c5eeb2c-bfc4-59aa-b09e-1636b3809f51,8,False,False
wc_history,WC-573f42f9-203c-5da1-9bc8-8a6ed5976d89,1938-06-19,Italy,ITA,Silvio Piola,eb219028-4097-5f19-ba16-76ef34f3ee6b,16,False,False
wc_history,WC-573f42f9-203c-5da1-9bc8-8a6ed5976d89,1938-06-19,Italy,ITA,Gino Colaussi,431cf740-a7e6-58bd-9904-7b3a60dd2455,35,False,False
wc_history,WC-573f42f9-203c-5da1-9bc8-8a6ed5976d89,1938-06-19,Hungary,HUN,György Sárosi,b504d4a5-8ec6-5236-a2a2-63e8bfc53f46,70,False,False
wc_history,WC-573f42f9-203c-5da1-9bc8-8a6ed5976d89,1938-06-19,Italy,ITA,Silvio Piola,eb219028-4097-5f19-ba16-76ef34f3ee6b,82,False,False
wc_history,WC-5840f374-0762-5063-9ccd-6a4d701859a9,1974-06-18,West Germany,DEU,Wolfgang Overath,a145d8ec-5edf-506d-912f-beb685fa4f35,12,False,False
wc_history,WC-5840f374-0762-5063-9ccd-6a4d701859a9,1974-06-18,West Germany,DEU,Bernhard Cullmann,0da1970d-7e90-5de1-a80d-875f0cc8b79d,34,False,False
wc_history,WC-5840f374-0762-5063-9ccd-6a4d701859a9,1974-06-18,West Germany,DEU,Gerd Müller,cc40fa15-a4e1-53ff-8b63-30280ac05f5f,53,False,False
wc_history,WC-59c1b14d-e5d3-5ab6-82f7-3ea271070d07,2006-06-12,Italy,ITA,Andrea Pirlo,96b607d4-70fb-5ef6-8c5b-46a1e28ccc7e,40,False,False
wc_history,WC-59c1b14d-e5d3-5ab6-82f7-3ea271070d07,2006-06-12,Italy,ITA,Vincenzo Iaquinta,4989ff76-153b-5463-93d8-9bd6bf77a90a,83,False,False
wc_history,WC-59d66bea-dac1-5904-b3f6-fb86184e9efb,1966-07-13,Argentina,ARG,Luis Artime,bf6e828b-817d-5c56-a291-5d51af485b6b,65,False,False
wc_history,WC-59d66bea-dac1-5904-b3f6-fb86184e9efb,1966-07-13,Spain,ESP,Pirri,93ed8497-ddbc-5455-b42f-f22785da69fb,71,False,False
wc_history,WC-59d66bea-dac1-5904-b3f6-fb86184e9efb,1966-07-13,Argentina,ARG,Luis Artime,bf6e828b-817d-5c56-a291-5d51af485b6b,77,False,False
wc_history,WC-5a429a2f-189b-5ac0-b66d-ae7a80b16f3a,1950-06-28,Brazil,BRA,Alfredo,1208ae00-2807-5a4f-bdb2-829ff4a27ea0,3,False,False
wc_history,WC-5a429a2f-189b-5ac0-b66d-ae7a80b16f3a,1950-06-28,Switzerland,CHE,Jacques Fatton,966299ec-f918-5a89-af8c-fe8268bb3719,17,False,False
wc_history,WC-5a429a2f-189b-5ac0-b66d-ae7a80b16f3a,1950-06-28,Brazil,BRA,Baltazar,0248e62c-267f-5353-b4c7-18d380fab596,32,False,False
wc_history,WC-5a429a2f-189b-5ac0-b66d-ae7a80b16f3a,1950-06-28,Switzerland,CHE,Jacques Fatton,966299ec-f918-5a89-af8c-fe8268bb3719,88,False,False
wc_history,WC-5abc423e-8ad7-5ed6-a569-02b01491dfa4,2018-06-19,Japan,JPN,Shinji Kagawa,b1f2cd2a-b7e9-5556-9ddd-4cba1628f2d2,6,True,False
wc_history,WC-5abc423e-8ad7-5ed6-a569-02b01491dfa4,2018-06-19,Colombia,COL,Juan Fernando Quintero,d800f964-710d-59f4-a331-615e6e62c64a,39,False,False
wc_history,WC-5abc423e-8ad7-5ed6-a569-02b01491dfa4,2018-06-19,Japan,JPN,Yuya Osako,7ce1e887-afa5-52e9-8e26-0cff937dfb6a,73,False,False
wc_history,WC-5aed4b86-6c89-5474-bc3a-e552f8ea2317,1934-05-31,Spain,ESP,Luis Regueiro,6e265868-e547-5eee-b8c3-1dd711a92602,30,False,False
wc_history,WC-5aed4b86-6c89-5474-bc3a-e552f8ea2317,1934-05-31,Italy,ITA,Giovanni Ferrari,68842dcc-c55e-533d-945e-2f1bc5729133,44,False,False
wc_history,WC-5b303ced-32a4-5db2-a886-eb7f16656261,1998-06-23,Italy,ITA,Christian Vieri,b4454bbe-c865-5356-9f54-4a7722deeea4,48,False,False
wc_history,WC-5b303ced-32a4-5db2-a886-eb7f16656261,1998-06-23,Austria,AUT,Andi Herzog,e4e77b5f-7355-5379-8e1a-8c0d40da31f4,90'+2,True,False
wc_history,WC-5b303ced-32a4-5db2-a886-eb7f16656261,1998-06-23,Italy,ITA,Roberto Baggio,cf05a9b9-1ccf-5c78-b51e-a685a5a6a6b9,90,False,False
wc_history,WC-5b319a41-0a1e-5b1c-87a6-1e7f156760a1,1994-06-26,Romania,ROU,Dan Petrescu,09fd101e-ce31-5c53-b75b-ed4db0efa5d4,18,False,False
wc_history,WC-5b4fc7ce-3a14-5c0f-b1ef-c0d667c7db9b,1970-06-14,Uruguay,URY,Víctor Espárrago,daab5b52-8258-531d-a120-ac675bae4969,117,False,False
wc_history,WC-5bc58f32-114f-5bc2-bb7a-be6925256cb8,2002-06-01,Denmark,DNK,Jon Dahl Tomasson,5c851e24-6ef4-5953-afbb-b18fcf2a0040,45,False,False
wc_history,WC-5bc58f32-114f-5bc2-bb7a-be6925256cb8,2002-06-01,Uruguay,URY,Darío Rodríguez,2c32f441-dcb0-5f6b-9393-c954105f33c9,47,False,False
wc_history,WC-5bc58f32-114f-5bc2-bb7a-be6925256cb8,2002-06-01,Denmark,DNK,Jon Dahl Tomasson,5c851e24-6ef4-5953-afbb-b18fcf2a0040,83,False,False
wc_history,WC-5be964ca-098a-5d39-b923-750ddac30cd9,1990-06-09,Romania,ROU,Marius Lăcătuș,1525a6bb-9e06-5ba4-8ae2-53cad1420fdc,41,False,False
wc_history,WC-5be964ca-098a-5d39-b923-750ddac30cd9,1990-06-09,Romania,ROU,Marius Lăcătuș,1525a6bb-9e06-5ba4-8ae2-53cad1420fdc,55,True,False
wc_history,WC-5c06aef0-b9d7-5d40-8c08-2240da6ac26d,2010-06-16,Uruguay,URY,Diego Forlán,a4223689-acbc-5480-9194-b61c9ac4ed11,24,False,False
wc_history,WC-5c06aef0-b9d7-5d40-8c08-2240da6ac26d,2010-06-16,Uruguay,URY,Diego Forlán,a4223689-acbc-5480-9194-b61c9ac4ed11,80,True,False
wc_history,WC-5c06aef0-b9d7-5d40-8c08-2240da6ac26d,2010-06-16,Uruguay,URY,Álvaro Pereira,c3db0853-7296-50a7-9ff4-b54f34521fd3,90'+5,False,False
wc_history,WC-5c1e89f7-46c9-5a24-a444-df06516b483a,1994-07-04,Netherlands,NLD,Dennis Bergkamp,0d3e14b3-7fa2-5e1c-b09e-06c467689d11,11,False,False
wc_history,WC-5c1e89f7-46c9-5a24-a444-df06516b483a,1994-07-04,Netherlands,NLD,Wim Jonk,dba523f9-f885-5e51-b883-e18ef2abd7f8,41,False,False
wc_history,WC-5ca6634f-d498-51cf-a9d5-bd3ff0a53887,2006-06-23,Spain,ESP,Juanito,b61f420b-9b5c-5013-b9ee-d42a8e81d0cc,36,False,False
wc_history,WC-5cce1c81-23a6-5baf-85c2-7341caa5481a,1998-06-17,Chile,CHL,Marcelo Salas,53cf938f-11fb-54f8-8a10-8414a0f65554,70,False,False
wc_history,WC-5cce1c81-23a6-5baf-85c2-7341caa5481a,1998-06-17,Austria,AUT,Ivica Vastić,053fa41e-cc79-5f80-8f66-29686e34df72,90'+2,False,False
wc_history,WC-5d0adb57-9de3-598c-b230-600724f69423,2014-06-25,Switzerland,CHE,Xherdan Shaqiri,58319fc1-727a-5098-b6d7-ba403089da0c,6,False,False
wc_history,WC-5d0adb57-9de3-598c-b230-600724f69423,2014-06-25,Switzerland,CHE,Xherdan Shaqiri,58319fc1-727a-5098-b6d7-ba403089da0c,31,False,False
wc_history,WC-5d0adb57-9de3-598c-b230-600724f69423,2014-06-25,Switzerland,CHE,Xherdan Shaqiri,58319fc1-727a-5098-b6d7-ba403089da0c,71,False,False
wc_history,WC-5d4dd532-c9c0-5f02-a991-699823d5d661,1994-07-03,Romania,ROU,Ilie Dumitrescu,91bb7dbd-5783-55cf-89f8-b8ac33666673,11,False,False
wc_history,WC-5d4dd532-c9c0-5f02-a991-699823d5d661,1994-07-03,Argentina,ARG,Gabriel Batistuta,b9ee0af3-0bc4-5d1d-aa2a-0ede858b5147,16,True,False
wc_history,WC-5d4dd532-c9c0-5f02-a991-699823d5d661,1994-07-03,Romania,ROU,Ilie Dumitrescu,91bb7dbd-5783-55cf-89f8-b8ac33666673,18,False,False
wc_history,WC-5d4dd532-c9c0-5f02-a991-699823d5d661,1994-07-03,Romania,ROU,Gheorghe Hagi,c37b6d4f-ab8e-5fc6-a5f1-6ba445066cbf,58,False,False
wc_history,WC-5d4dd532-c9c0-5f02-a991-699823d5d661,1994-07-03,Argentina,ARG,Abel Balbo,0754829a-6432-5966-ba3a-0df818351626,75,False,False
wc_history,WC-5dce998c-d59e-559f-a770-aa5bbbd57b3b,2022-12-09,Brazil,BRA,Neymar,71a6d293-a0d3-545f-83d4-4cb64d16d4c8,105'+1,False,False
wc_history,WC-5dce998c-d59e-559f-a770-aa5bbbd57b3b,2022-12-09,Croatia,HRV,Bruno Petković,7f02f18b-25f5-5ec5-ad6d-95e93088eb58,117,False,False
wc_history,WC-5dd52897-63ab-5e85-b76b-73174a0740a8,1950-07-09,Uruguay,URY,Alcides Ghiggia,b0ad567b-bb18-5345-a79e-cea117e60fbf,29,False,False
wc_history,WC-5dd52897-63ab-5e85-b76b-73174a0740a8,1950-07-09,Spain,ESP,Estanislau Basora,8729b71b-db46-58a6-816d-f1f16bf9b2fe,37,False,False
wc_history,WC-5dd52897-63ab-5e85-b76b-73174a0740a8,1950-07-09,Spain,ESP,Estanislau Basora,8729b71b-db46-58a6-816d-f1f16bf9b2fe,39,False,False
wc_history,WC-5dd52897-63ab-5e85-b76b-73174a0740a8,1950-07-09,Uruguay,URY,Obdulio Varela,85160f50-f680-5047-aad7-8b34a4cf54ff,73,False,False
wc_history,WC-5e1fe007-d0a1-542a-9f84-07094cc7ec21,1950-07-02,Switzerland,CHE,René Bader,eb0eaab1-0610-5573-8312-f799a64f3234,10,False,False
wc_history,WC-5e1fe007-d0a1-542a-9f84-07094cc7ec21,1950-07-02,Switzerland,CHE,Charles Antenen,5c440467-31fc-594b-b3b5-28e651690f0c,44,False,False
wc_history,WC-5e1fe007-d0a1-542a-9f84-07094cc7ec21,1950-07-02,Mexico,MEX,Horacio Casarín,8338741e-5f9e-5045-b2fa-de58431e18be,89,False,False
wc_history,WC-5e67a2f7-9755-5ebe-9115-7422ce187980,2006-06-25,Portugal,PRT,Maniche,7e147dd0-abd6-523b-a0ed-ae95d2b867e0,23,False,False
wc_history,WC-5e72b345-3f01-587e-9481-be5131b644b3,1990-06-10,Czechoslovakia,CSK,Tomáš Skuhravý,e6ab21ee-0c6c-5c0a-a23f-690085bed84e,26,False,False
wc_history,WC-5e72b345-3f01-587e-9481-be5131b644b3,1990-06-10,Czechoslovakia,CSK,Michal Bílek,024253e3-81d8-52d4-812d-c46b06a88022,40,True,False
wc_history,WC-5e72b345-3f01-587e-9481-be5131b644b3,1990-06-10,Czechoslovakia,CSK,Ivan Hašek,f4d8bbde-875c-58b6-912d-82d375c6ca97,50,False,False
wc_history,WC-5e72b345-3f01-587e-9481-be5131b644b3,1990-06-10,United States,USA,Paul Caligiuri,ceb4b7e0-36b4-50eb-9b7b-c1ae65107a63,60,False,False
wc_history,WC-5e72b345-3f01-587e-9481-be5131b644b3,1990-06-10,Czechoslovakia,CSK,Tomáš Skuhravý,e6ab21ee-0c6c-5c0a-a23f-690085bed84e,78,False,False
wc_history,WC-5e72b345-3f01-587e-9481-be5131b644b3,1990-06-10,Czechoslovakia,CSK,Milan Luhový,99c47721-2a7f-57a8-834e-294d23aba493,90'+3,False,False
wc_history,WC-5f18d858-8ca9-5e3a-a01f-56e5d038ecad,1990-07-01,England,ENG,David Platt,c57771e0-f11f-500a-bcfd-2575d163b59e,25,False,False
wc_history,WC-5f18d858-8ca9-5e3a-a01f-56e5d038ecad,1990-07-01,Cameroon,CMR,Emmanuel Kundé,ada1cc96-5006-5963-9800-a9906e27548d,61,True,False
wc_history,WC-5f18d858-8ca9-5e3a-a01f-56e5d038ecad,1990-07-01,Cameroon,CMR,Eugène Ekéké,2d2e5680-7aa5-5eab-b99c-7549f8477aa4,65,False,False
wc_history,WC-5f18d858-8ca9-5e3a-a01f-56e5d038ecad,1990-07-01,England,ENG,Gary Lineker,44c21d1a-7232-5642-8d8d-1607e5c0f026,83,True,False
wc_history,WC-5f18d858-8ca9-5e3a-a01f-56e5d038ecad,1990-07-01,England,ENG,Gary Lineker,44c21d1a-7232-5642-8d8d-1607e5c0f026,105,True,False
wc_history,WC-5fe2d635-a73f-51bb-9e01-b4a1623ad822,1966-07-15,Hungary,HUN,Ferenc Bene,cea57e46-1607-5b3c-a29b-d88941bc8392,2,False,False
wc_history,WC-5fe2d635-a73f-51bb-9e01-b4a1623ad822,1966-07-15,Brazil,BRA,Tostão,a621047a-8ac1-5480-983e-2d2870434060,14,False,False
wc_history,WC-5fe2d635-a73f-51bb-9e01-b4a1623ad822,1966-07-15,Hungary,HUN,János Farkas,00d26858-f7e8-5c49-b9e0-a2d99307d4da,64,False,False
wc_history,WC-5fe2d635-a73f-51bb-9e01-b4a1623ad822,1966-07-15,Hungary,HUN,Kálmán Mészöly,3b90e595-f57d-59a6-a80f-54a64e0a5505,73,True,False
wc_history,WC-6042f204-e8df-5fc9-b4e8-58a30a502c4a,2014-06-26,Russia,RUS,Aleksandr Kokorin,3b04c075-037b-5844-ba2d-55470c0768ee,6,False,False
wc_history,WC-6042f204-e8df-5fc9-b4e8-58a30a502c4a,2014-06-26,Algeria,DZA,Islam Slimani,3afd9827-0954-52a1-a800-d7e9a98f776b,60,False,False
wc_history,WC-60799425-edb9-528b-9f6d-12f35be49fb4,2022-12-02,Uruguay,URY,Giorgian De Arrascaeta,e7d8d9ce-4087-5c3a-8419-63407fe801ef,26,False,False
wc_history,WC-60799425-edb9-528b-9f6d-12f35be49fb4,2022-12-02,Uruguay,URY,Giorgian De Arrascaeta,e7d8d9ce-4087-5c3a-8419-63407fe801ef,32,False,False
wc_history,WC-60cc572e-6be8-5601-a15c-aadf3c19da78,1958-06-08,Soviet Union,SUN,Nikita Simonyan,1d05b230-6329-5f39-980c-d781757476d4,13,False,False
wc_history,WC-60cc572e-6be8-5601-a15c-aadf3c19da78,1958-06-08,Soviet Union,SUN,Aleksandr Ivanov,34a0ba13-04ef-5323-929f-93120055ecb6,56,False,False
wc_history,WC-60cc572e-6be8-5601-a15c-aadf3c19da78,1958-06-08,England,ENG,Derek Kevan,dc0df3ee-b14a-5c7e-a3e7-d695a3cfd625,66,False,False
wc_history,WC-60cc572e-6be8-5601-a15c-aadf3c19da78,1958-06-08,England,ENG,Tom Finney,39e595ed-7939-5cec-9ebe-02ec44e6a1e6,85,True,False
wc_history,WC-61247e28-77e4-523b-8c63-adb1d73f73ab,1978-06-03,Scotland,SCO,Joe Jordan,49ccd931-9bb2-5cb6-8d57-9e052248f348,14,False,False
wc_history,WC-61247e28-77e4-523b-8c63-adb1d73f73ab,1978-06-03,Peru,PER,César Cueto,60965514-4760-578c-9ca4-4dd5fbf7ae35,43,False,False
wc_history,WC-61247e28-77e4-523b-8c63-adb1d73f73ab,1978-06-03,Peru,PER,Teófilo Cubillas,9c3f4876-4e13-5142-bfd2-7b15191d853e,71,False,False
wc_history,WC-61247e28-77e4-523b-8c63-adb1d73f73ab,1978-06-03,Peru,PER,Teófilo Cubillas,9c3f4876-4e13-5142-bfd2-7b15191d853e,77,False,False
wc_history,WC-61846b16-04c9-522d-8600-19701f513860,1974-06-30,Poland,POL,Kazimierz Deyna,28b44d6d-6954-5b43-a264-8764fa857c42,24,True,False
wc_history,WC-61846b16-04c9-522d-8600-19701f513860,1974-06-30,Yugoslavia,YUG,Stanislav Karasi,67648b81-d465-5a88-a2d5-6a4ed3821c86,43,False,False
wc_history,WC-61846b16-04c9-522d-8600-19701f513860,1974-06-30,Poland,POL,Grzegorz Lato,91ee4735-acc4-5e2a-bf5f-3876d20190dd,62,False,False
wc_history,WC-6201b287-48a9-53ce-aad7-424214ba4bb2,1994-06-25,Saudi Arabia,SAU,Sami Al-Jaber,43429881-5514-5d84-8fc1-fbd002dcfcd9,7,True,False
wc_history,WC-6201b287-48a9-53ce-aad7-424214ba4bb2,1994-06-25,Morocco,MAR,Mohammed Chaouch,4eb38489-645c-5d6e-bf3c-74f83e6b703f,26,False,False
wc_history,WC-6201b287-48a9-53ce-aad7-424214ba4bb2,1994-06-25,Saudi Arabia,SAU,Fuad Anwar,af0452eb-8083-5be9-b56c-0b826d15d98c,45,False,False
wc_history,WC-622b8b63-1143-5e15-9def-a895b7194782,2002-06-18,Turkey,TUR,Ümit Davala,aff369dd-8408-5bd7-b345-84a953a27cf4,12,False,False
wc_history,WC-6244b978-90a3-5413-bc74-8c1c931ad84d,1954-06-26,Switzerland,CHE,Robert Ballaman,012d44a1-c0e9-55ed-ab59-8f82fc400319,16,False,False
wc_history,WC-6244b978-90a3-5413-bc74-8c1c931ad84d,1954-06-26,Switzerland,CHE,Josef Hügi,9ec6452a-820a-50b9-950e-efe78ce214d2,17,False,False
wc_history,WC-6244b978-90a3-5413-bc74-8c1c931ad84d,1954-06-26,Switzerland,CHE,Josef Hügi,9ec6452a-820a-50b9-950e-efe78ce214d2,19,False,False
wc_history,WC-6244b978-90a3-5413-bc74-8c1c931ad84d,1954-06-26,Austria,AUT,Theodor Wagner,ce291d1c-5fb2-580f-9a21-e18df373a6c9,25,False,False
wc_history,WC-6244b978-90a3-5413-bc74-8c1c931ad84d,1954-06-26,Austria,AUT,Alfred Körner,87f1333f-4257-5a4d-8b9a-bce46fdc30b3,26,False,False
wc_history,WC-6244b978-90a3-5413-bc74-8c1c931ad84d,1954-06-26,Austria,AUT,Theodor Wagner,ce291d1c-5fb2-580f-9a21-e18df373a6c9,27,False,False
wc_history,WC-6244b978-90a3-5413-bc74-8c1c931ad84d,1954-06-26,Austria,AUT,Ernst Ocwirk,8bbae04e-6956-52fb-85af-c9b0a7d63a98,32,False,False
wc_history,WC-6244b978-90a3-5413-bc74-8c1c931ad84d,1954-06-26,Austria,AUT,Alfred Körner,87f1333f-4257-5a4d-8b9a-bce46fdc30b3,34,False,False
wc_history,WC-6244b978-90a3-5413-bc74-8c1c931ad84d,1954-06-26,Switzerland,CHE,Robert Ballaman,012d44a1-c0e9-55ed-ab59-8f82fc400319,39,False,False
wc_history,WC-6244b978-90a3-5413-bc74-8c1c931ad84d,1954-06-26,Austria,AUT,Theodor Wagner,ce291d1c-5fb2-580f-9a21-e18df373a6c9,53,False,False
wc_history,WC-6244b978-90a3-5413-bc74-8c1c931ad84d,1954-06-26,Switzerland,CHE,Josef Hügi,9ec6452a-820a-50b9-950e-efe78ce214d2,60,False,False
wc_history,WC-6244b978-90a3-5413-bc74-8c1c931ad84d,1954-06-26,Austria,AUT,Erich Probst,b659905b-a0ed-51bd-bb9f-6b97adfa5a8a,76,False,False
wc_history,WC-6306c95b-6516-53d0-882d-2519a29e5e33,2022-11-24,Brazil,BRA,Richarlison,54dc9874-c5cf-5e47-939d-760032eb8a2f,62,False,False
wc_history,WC-6306c95b-6516-53d0-882d-2519a29e5e33,2022-11-24,Brazil,BRA,Richarlison,54dc9874-c5cf-5e47-939d-760032eb8a2f,73,False,False
wc_history,WC-630a4151-8113-5650-aaf5-cc214647b00d,1966-07-23,England,ENG,Geoff Hurst,1bbb56d9-1b86-5bfb-8928-450222411144,78,False,False
wc_history,WC-631fcf21-7159-5310-ba15-51dc70a6eb48,1962-05-31,Czechoslovakia,CSK,Jozef Štibrányi,1a34b16d-a785-511a-929d-ad7a76d40e78,80,False,False
wc_history,WC-635e80ff-78f5-537a-9908-0f6204677a54,2014-06-26,Portugal,PRT,John Boye,6afd5cef-7a80-5ce7-b328-6463de250fc8,31,False,True
wc_history,WC-635e80ff-78f5-537a-9908-0f6204677a54,2014-06-26,Ghana,GHA,Asamoah Gyan,25acf578-7d54-5b0c-9ef7-60287405b645,57,False,False
wc_history,WC-635e80ff-78f5-537a-9908-0f6204677a54,2014-06-26,Portugal,PRT,Cristiano Ronaldo,d3c07451-e83b-55e6-a734-7ec19f9e1083,80,False,False
wc_history,WC-635f74c7-f145-5ad0-8df4-2a2bc65b9aa3,2002-06-21,Germany,DEU,Michael Ballack,ced238d5-92c7-5107-8d27-5dc8867d98cc,39,False,False
wc_history,WC-6364f1ac-9d52-5fc6-973d-2a44edff8b6a,1954-06-30,West Germany,DEU,Hans Schäfer,33d90396-f213-5c12-9bd4-156c9856a628,31,False,False
wc_history,WC-6364f1ac-9d52-5fc6-973d-2a44edff8b6a,1954-06-30,West Germany,DEU,Max Morlock,2b4168b8-d118-5c4b-b319-97a405701619,47,False,False
wc_history,WC-6364f1ac-9d52-5fc6-973d-2a44edff8b6a,1954-06-30,Austria,AUT,Erich Probst,b659905b-a0ed-51bd-bb9f-6b97adfa5a8a,51,False,False
wc_history,WC-6364f1ac-9d52-5fc6-973d-2a44edff8b6a,1954-06-30,West Germany,DEU,Fritz Walter,8f2e934f-af77-57d2-9f7f-ead20dcc45f5,54,True,False
wc_history,WC-6364f1ac-9d52-5fc6-973d-2a44edff8b6a,1954-06-30,West Germany,DEU,Ottmar Walter,fc70343a-611c-571d-89f8-9cdcc12cabc2,61,False,False
wc_history,WC-6364f1ac-9d52-5fc6-973d-2a44edff8b6a,1954-06-30,West Germany,DEU,Fritz Walter,8f2e934f-af77-57d2-9f7f-ead20dcc45f5,64,True,False
wc_history,WC-6364f1ac-9d52-5fc6-973d-2a44edff8b6a,1954-06-30,West Germany,DEU,Ottmar Walter,fc70343a-611c-571d-89f8-9cdcc12cabc2,89,False,False
wc_history,WC-63e482a8-36ef-50d2-803a-a22f97e42d12,1938-06-05,France,FRA,Émile Veinante,a43be1c3-f79a-59eb-9252-ba6b639534b6,1,False,False
wc_history,WC-63e482a8-36ef-50d2-803a-a22f97e42d12,1938-06-05,France,FRA,Jean Nicolas,c4ee41ef-d512-574d-aaec-68fcdc351fdd,16,False,False
wc_history,WC-63e482a8-36ef-50d2-803a-a22f97e42d12,1938-06-05,Belgium,BEL,Hendrik Isemborghs,163c9f45-20f7-5ef3-9485-dcf413d57711,38,False,False
wc_history,WC-63e482a8-36ef-50d2-803a-a22f97e42d12,1938-06-05,France,FRA,Jean Nicolas,c4ee41ef-d512-574d-aaec-68fcdc351fdd,69,False,False
wc_history,WC-644ef54f-bbce-5d61-8c0e-737f90bc3640,1994-07-13,Brazil,BRA,Romário,705a28fe-4421-5794-a754-fdc7846fe0e8,80,False,False
wc_history,WC-650cdad7-cb01-5ad3-b6ff-9119130eb654,1974-07-06,Poland,POL,Grzegorz Lato,91ee4735-acc4-5e2a-bf5f-3876d20190dd,76,False,False
wc_history,WC-6559d5b1-49ce-521d-82d2-58f0e93da060,1958-06-19,France,FRA,Maryan Wisnieski,33a3cca4-f940-5405-b8b9-f82663b2ca27,44,False,False
wc_history,WC-6559d5b1-49ce-521d-82d2-58f0e93da060,1958-06-19,France,FRA,Just Fontaine,e611498a-cd22-5e71-9f6a-16706cc6f3ca,55,False,False
wc_history,WC-6559d5b1-49ce-521d-82d2-58f0e93da060,1958-06-19,France,FRA,Just Fontaine,e611498a-cd22-5e71-9f6a-16706cc6f3ca,63,False,False
wc_history,WC-6559d5b1-49ce-521d-82d2-58f0e93da060,1958-06-19,France,FRA,Roger Piantoni,f6f863d9-37fe-52cf-a86f-a6f73163f410,68,False,False
wc_history,WC-658aa97f-5c6b-565a-a331-5d7e7f2e855e,1986-06-15,Soviet Union,SUN,Ihor Belanov,295d6669-7a95-5554-ac71-56081ddf5c20,27,False,False
wc_history,WC-658aa97f-5c6b-565a-a331-5d7e7f2e855e,1986-06-15,Belgium,BEL,Enzo Scifo,c5013b42-2695-55c9-836b-f821675c32c6,56,False,False
wc_history,WC-658aa97f-5c6b-565a-a331-5d7e7f2e855e,1986-06-15,Soviet Union,SUN,Ihor Belanov,295d6669-7a95-5554-ac71-56081ddf5c20,70,False,False
wc_history,WC-658aa97f-5c6b-565a-a331-5d7e7f2e855e,1986-06-15,Belgium,BEL,Jan Ceulemans,ff94abcf-594a-5f85-9f5b-3c72d2731019,77,False,False
wc_history,WC-658aa97f-5c6b-565a-a331-5d7e7f2e855e,1986-06-15,Belgium,BEL,Stéphane Demol,8fac2eea-650f-56e8-894b-7ac8873ea935,102,False,False
wc_history,WC-658aa97f-5c6b-565a-a331-5d7e7f2e855e,1986-06-15,Belgium,BEL,Nico Claesen,776bb1cf-fb72-5f6b-86f0-78a39fc9f8d0,110,False,False
wc_history,WC-658aa97f-5c6b-565a-a331-5d7e7f2e855e,1986-06-15,Soviet Union,SUN,Ihor Belanov,295d6669-7a95-5554-ac71-56081ddf5c20,111,True,False
wc_history,WC-65efd3d5-5f97-57a9-956e-f6a6de9a5697,1978-06-11,Brazil,BRA,Roberto Dinamite,5af89fd9-00d3-5c60-91cd-bc7748b0ca10,40,False,False
wc_history,WC-668153cc-3cf9-5ce3-9888-4998297a912b,1974-07-03,West Germany,DEU,Gerd Müller,cc40fa15-a4e1-53ff-8b63-30280ac05f5f,76,False,False
wc_history,WC-676ff968-257e-5b5c-baea-1dd99d55ef80,1966-07-20,Bulgaria,BGR,Georgi Asparuhov,35488ba6-647e-5e3b-a63a-44b2502a2e4d,15,False,False
wc_history,WC-676ff968-257e-5b5c-baea-1dd99d55ef80,1966-07-20,Hungary,HUN,Ivan Davidov,2dc202ae-20d3-5041-8dea-c4f101371199,43,False,True
wc_history,WC-676ff968-257e-5b5c-baea-1dd99d55ef80,1966-07-20,Hungary,HUN,Kálmán Mészöly,3b90e595-f57d-59a6-a80f-54a64e0a5505,45,False,False
wc_history,WC-676ff968-257e-5b5c-baea-1dd99d55ef80,1966-07-20,Hungary,HUN,Ferenc Bene,cea57e46-1607-5b3c-a29b-d88941bc8392,54,False,False
wc_history,WC-67742f69-50e2-5fae-b8ef-d0d2e0f84dab,2018-06-20,Uruguay,URY,Luis Suárez,e5ec2cba-2a38-5a44-ba9d-0ca9a219e723,23,False,False
wc_history,WC-67998bd2-6ace-5e0c-beae-dd4aa50b9dfd,1986-06-15,Mexico,MEX,Manuel Negrete,8de0b083-51c2-568b-8a71-614141b94826,34,False,False
wc_history,WC-67998bd2-6ace-5e0c-beae-dd4aa50b9dfd,1986-06-15,Mexico,MEX,Raúl Servín,841c7d57-b731-5f1e-87e7-7c47494f5869,61,False,False
wc_history,WC-6863b147-9dda-5fd2-9d7c-6a172af235ba,1978-06-02,France,FRA,Bernard Lacombe,dec99d1c-07c0-51d6-8886-1555bec85387,1,False,False
wc_history,WC-6863b147-9dda-5fd2-9d7c-6a172af235ba,1978-06-02,Italy,ITA,Paolo Rossi,89c7528b-4e1b-5141-97ed-746c280e9a4a,29,False,False
wc_history,WC-6863b147-9dda-5fd2-9d7c-6a172af235ba,1978-06-02,Italy,ITA,Renato Zaccarelli,e14fb10c-1746-5eef-aae9-45cb6e57b7a8,54,False,False
wc_history,WC-68d6b325-1d50-5d79-b8c4-b71cc62f4956,2022-12-05,Brazil,BRA,Vinícius Júnior,999d0674-8e3a-538b-853b-180bcce41aff,7,False,False
wc_history,WC-68d6b325-1d50-5d79-b8c4-b71cc62f4956,2022-12-05,Brazil,BRA,Neymar,71a6d293-a0d3-545f-83d4-4cb64d16d4c8,13,True,False
wc_history,WC-68d6b325-1d50-5d79-b8c4-b71cc62f4956,2022-12-05,Brazil,BRA,Richarlison,54dc9874-c5cf-5e47-939d-760032eb8a2f,29,False,False
wc_history,WC-68d6b325-1d50-5d79-b8c4-b71cc62f4956,2022-12-05,Brazil,BRA,Lucas Paquetá,0f733754-ec3f-5d8e-8eaa-c470a232cb03,36,False,False
wc_history,WC-68d6b325-1d50-5d79-b8c4-b71cc62f4956,2022-12-05,South Korea,KOR,Paik Seung-ho,9ab0cc65-d042-5444-baef-f1f4eac8d23a,76,False,False
wc_history,WC-6900e67b-f912-5f1d-bc51-df45dd99d8c3,1950-07-09,Brazil,BRA,Ademir,8b08b945-5e20-5acc-8c9c-966a53f587ab,17,False,False
wc_history,WC-6900e67b-f912-5f1d-bc51-df45dd99d8c3,1950-07-09,Brazil,BRA,Ademir,8b08b945-5e20-5acc-8c9c-966a53f587ab,36,False,False
wc_history,WC-6900e67b-f912-5f1d-bc51-df45dd99d8c3,1950-07-09,Brazil,BRA,Chico,8258d97d-4551-5500-a13a-af91feffa26a,39,False,False
wc_history,WC-6900e67b-f912-5f1d-bc51-df45dd99d8c3,1950-07-09,Brazil,BRA,Ademir,8b08b945-5e20-5acc-8c9c-966a53f587ab,52,False,False
wc_history,WC-6900e67b-f912-5f1d-bc51-df45dd99d8c3,1950-07-09,Brazil,BRA,Ademir,8b08b945-5e20-5acc-8c9c-966a53f587ab,58,False,False
wc_history,WC-6900e67b-f912-5f1d-bc51-df45dd99d8c3,1950-07-09,Sweden,SWE,Sune Andersson,b6645db9-3e26-534b-84c3-1a7609ac9d4a,67,True,False
wc_history,WC-6900e67b-f912-5f1d-bc51-df45dd99d8c3,1950-07-09,Brazil,BRA,Maneca,687970fe-7bf0-5dfa-96a0-278ab9673576,85,False,False
wc_history,WC-6900e67b-f912-5f1d-bc51-df45dd99d8c3,1950-07-09,Brazil,BRA,Chico,8258d97d-4551-5500-a13a-af91feffa26a,88,False,False
wc_history,WC-6948b864-ef0d-5b19-a73b-58b00623889d,1958-06-15,Brazil,BRA,Vavá,489edf7d-e5bf-53ce-9aff-68cbc2f67e99,3,False,False
wc_history,WC-6948b864-ef0d-5b19-a73b-58b00623889d,1958-06-15,Brazil,BRA,Vavá,489edf7d-e5bf-53ce-9aff-68cbc2f67e99,77,False,False
wc_history,WC-6952a8c7-f304-5398-b3f8-48d02006fce0,2018-06-28,Colombia,COL,Yerry Mina,b1e5f393-18e4-58a5-9858-58346b519f84,74,False,False
wc_history,WC-6965e11a-7af0-562b-a903-8ecd9460197f,1998-06-24,South Africa,ZAF,Shaun Bartlett,0381f1aa-d19a-599e-b920-100832361329,18,False,False
wc_history,WC-6965e11a-7af0-562b-a903-8ecd9460197f,1998-06-24,Saudi Arabia,SAU,Sami Al-Jaber,43429881-5514-5d84-8fc1-fbd002dcfcd9,45'+2,True,False
wc_history,WC-6965e11a-7af0-562b-a903-8ecd9460197f,1998-06-24,Saudi Arabia,SAU,Yousuf Al-Thunayan,4b27be9c-8346-54a2-82b8-4080d15eb061,74,True,False
wc_history,WC-6965e11a-7af0-562b-a903-8ecd9460197f,1998-06-24,South Africa,ZAF,Shaun Bartlett,0381f1aa-d19a-599e-b920-100832361329,90'+3,True,False
wc_history,WC-699f3aa4-0d0f-544f-a541-39437b418102,1986-06-09,France,FRA,Yannick Stopyra,f23f0cf2-559c-5102-988c-d506dcf05e31,29,False,False
wc_history,WC-699f3aa4-0d0f-544f-a541-39437b418102,1986-06-09,France,FRA,Jean Tigana,abd466aa-76ed-5e69-95bc-970438a0f836,62,False,False
wc_history,WC-699f3aa4-0d0f-544f-a541-39437b418102,1986-06-09,France,FRA,Dominique Rocheteau,fc4912d4-34e7-59b0-ba68-952573a44baf,84,False,False
wc_history,WC-69aebb1c-780f-51e1-a60d-c027b48bc29c,2018-06-16,Denmark,DNK,Yussuf Poulsen,f562b6a4-c762-5285-99f2-ce2617aedde4,59,False,False
wc_history,WC-69ed96b0-3a84-52a1-b0fd-af103e878df9,2006-06-22,Italy,ITA,Marco Materazzi,569f6b79-3af5-50a4-ae2c-7558914dd06a,26,False,False
wc_history,WC-69ed96b0-3a84-52a1-b0fd-af103e878df9,2006-06-22,Italy,ITA,Filippo Inzaghi,3e511f93-08a7-503a-be58-6f97933928f3,87,False,False
wc_history,WC-6b140f35-3fd5-53e4-9471-651656cb87e4,1970-06-10,Brazil,BRA,Pelé,706445cd-23b9-56b6-8d64-0d9a3f6e8125,19,False,False
wc_history,WC-6b140f35-3fd5-53e4-9471-651656cb87e4,1970-06-10,Brazil,BRA,Jairzinho,df7e95f2-669e-5d66-a9d7-99afeae3c90a,22,False,False
wc_history,WC-6b140f35-3fd5-53e4-9471-651656cb87e4,1970-06-10,Romania,ROU,Florea Dumitrache,c1de6783-8bc5-5f2a-8e22-f68182856397,34,False,False
wc_history,WC-6b140f35-3fd5-53e4-9471-651656cb87e4,1970-06-10,Brazil,BRA,Pelé,706445cd-23b9-56b6-8d64-0d9a3f6e8125,67,False,False
wc_history,WC-6b140f35-3fd5-53e4-9471-651656cb87e4,1970-06-10,Romania,ROU,Emerich Dembrovschi,614a38fe-0732-5d32-a102-80993c8c0c6b,84,False,False
wc_history,WC-6b4c338a-0f2c-5dca-937a-90ff3e98c7db,2022-12-03,Netherlands,NLD,Memphis Depay,64433729-3f40-524c-92b9-0c99132cc46a,10,False,False
wc_history,WC-6b4c338a-0f2c-5dca-937a-90ff3e98c7db,2022-12-03,Netherlands,NLD,Daley Blind,debbf902-6fba-5e0c-9d60-db80b5666e91,45'+1,False,False
wc_history,WC-6b4c338a-0f2c-5dca-937a-90ff3e98c7db,2022-12-03,United States,USA,Haji Wright,bff228c8-6f9f-5256-af33-f2396bb5b9e3,76,False,False
wc_history,WC-6b4c338a-0f2c-5dca-937a-90ff3e98c7db,2022-12-03,Netherlands,NLD,Denzel Dumfries,a128454d-7a3a-5503-935f-6af30f778bc7,81,False,False
wc_history,WC-6b6a0835-d332-59b0-aafb-9505c9692f71,1998-06-21,Argentina,ARG,Ariel Ortega,bcb05dad-71c7-52d1-bb69-8f0d9645906c,31,False,False
wc_history,WC-6b6a0835-d332-59b0-aafb-9505c9692f71,1998-06-21,Argentina,ARG,Ariel Ortega,bcb05dad-71c7-52d1-bb69-8f0d9645906c,55,False,False
wc_history,WC-6b6a0835-d332-59b0-aafb-9505c9692f71,1998-06-21,Argentina,ARG,Gabriel Batistuta,b9ee0af3-0bc4-5d1d-aa2a-0ede858b5147,73,False,False
wc_history,WC-6b6a0835-d332-59b0-aafb-9505c9692f71,1998-06-21,Argentina,ARG,Gabriel Batistuta,b9ee0af3-0bc4-5d1d-aa2a-0ede858b5147,78,False,False
wc_history,WC-6b6a0835-d332-59b0-aafb-9505c9692f71,1998-06-21,Argentina,ARG,Gabriel Batistuta,b9ee0af3-0bc4-5d1d-aa2a-0ede858b5147,83,True,False
wc_history,WC-6b7048e6-c03c-56d3-b6d3-b3a3075e01a4,1958-06-15,Austria,AUT,Karl Koller,9fa9c556-e222-5e9f-8c4f-5720b7f076eb,15,False,False
wc_history,WC-6b7048e6-c03c-56d3-b6d3-b3a3075e01a4,1958-06-15,England,ENG,Johnny Haynes,86caec5d-726f-54a2-9ff7-310e75d8d5ca,56,False,False
wc_history,WC-6b7048e6-c03c-56d3-b6d3-b3a3075e01a4,1958-06-15,Austria,AUT,Alfred Körner,87f1333f-4257-5a4d-8b9a-bce46fdc30b3,71,False,False
wc_history,WC-6b7048e6-c03c-56d3-b6d3-b3a3075e01a4,1958-06-15,England,ENG,Derek Kevan,dc0df3ee-b14a-5c7e-a3e7-d695a3cfd625,74,False,False
wc_history,WC-6c46e73e-b0d7-5fa2-a222-d575315f34d7,1998-06-14,Argentina,ARG,Gabriel Batistuta,b9ee0af3-0bc4-5d1d-aa2a-0ede858b5147,28,False,False
wc_history,WC-6c4efe15-b645-5d56-9f0e-695f387389ce,1998-06-26,England,ENG,Darren Anderton,442a7b27-419c-586d-8006-a9faf373e1d8,20,False,False
wc_history,WC-6c4efe15-b645-5d56-9f0e-695f387389ce,1998-06-26,England,ENG,David Beckham,7e2d304a-b785-50b0-8d73-29e7ee367cee,29,False,False
wc_history,WC-6cb0bd77-d423-5c3a-ae48-80153e40dd74,2022-11-27,Costa Rica,CRI,Keysher Fuller,f45c1621-3ba2-56e9-a950-d6917d52b324,81,False,False
wc_history,WC-6d2088f0-35c0-58b1-b7ff-d2db48e3e03b,2018-06-30,Uruguay,URY,Edinson Cavani,89e49b88-022e-59bc-991f-32a3defd76d6,7,False,False
wc_history,WC-6d2088f0-35c0-58b1-b7ff-d2db48e3e03b,2018-06-30,Portugal,PRT,Pepe,0d5c3b8f-a7a5-5ad1-8abb-8500f663119e,55,False,False
wc_history,WC-6d2088f0-35c0-58b1-b7ff-d2db48e3e03b,2018-06-30,Uruguay,URY,Edinson Cavani,89e49b88-022e-59bc-991f-32a3defd76d6,62,False,False
wc_history,WC-6df592f8-94e8-559e-9c8f-b46a2297377f,1982-06-17,Austria,AUT,Walter Schachner,66a5a2b6-ce27-5f43-8de3-582ffa2ba045,22,False,False
wc_history,WC-6e19a0d1-2de0-5289-abed-047e530e3613,2002-06-10,Portugal,PRT,Pauleta,298ab8fe-0fe3-5fec-8e8b-a0cf4607fdb9,14,False,False
wc_history,WC-6e19a0d1-2de0-5289-abed-047e530e3613,2002-06-10,Portugal,PRT,Pauleta,298ab8fe-0fe3-5fec-8e8b-a0cf4607fdb9,65,False,False
wc_history,WC-6e19a0d1-2de0-5289-abed-047e530e3613,2002-06-10,Portugal,PRT,Pauleta,298ab8fe-0fe3-5fec-8e8b-a0cf4607fdb9,77,False,False
wc_history,WC-6e19a0d1-2de0-5289-abed-047e530e3613,2002-06-10,Portugal,PRT,Rui Costa,664d932c-cb1c-5ad0-b7d1-cb67af29d974,88,False,False
wc_history,WC-6e56fb37-6ed2-5b3f-9a00-2a44b04e411b,2010-06-28,Netherlands,NLD,Arjen Robben,750e2858-7c84-591a-8dd1-88c2cee16907,18,False,False
wc_history,WC-6e56fb37-6ed2-5b3f-9a00-2a44b04e411b,2010-06-28,Netherlands,NLD,Wesley Sneijder,bb23b5b6-c2de-5d14-88fe-f67a7755e02c,84,False,False
wc_history,WC-6e56fb37-6ed2-5b3f-9a00-2a44b04e411b,2010-06-28,Slovakia,SVK,Róbert Vittek,9d32285b-5c79-56af-90ac-3e8336d3bc1e,90'+4,True,False
wc_history,WC-6e61dd83-666d-57fa-9eb8-ede31270e828,1982-06-22,Hungary,HUN,József Varga,d7acc68e-37e6-5105-93b5-4d646c0d43d8,27,False,False
wc_history,WC-6e61dd83-666d-57fa-9eb8-ede31270e828,1982-06-22,Belgium,BEL,Alexandre Czerniatynski,6bd62dbb-c1ac-5fe2-9238-21f7cb39fa33,76,False,False
wc_history,WC-6ef12a3a-9178-59c3-bcb1-aa434208a954,1938-06-12,Brazil,BRA,Leônidas,13fe3534-a2ea-5345-a87a-50403a8fc539,30,False,False
wc_history,WC-6ef12a3a-9178-59c3-bcb1-aa434208a954,1938-06-12,Czechoslovakia,CSK,Oldřich Nejedlý,f35407ce-69f9-5252-9bdf-0d3e842402fe,65,True,False
wc_history,WC-6f0ee2dc-66f1-530d-a19d-5eea55f78ee0,2010-06-23,Germany,DEU,Mesut Özil,73c8fedb-2ad4-5d4d-97b8-da5024bd51d6,60,False,False
wc_history,WC-70e7165d-069f-5dfe-aded-acc87eb62f98,1990-06-10,Brazil,BRA,Careca,3892ad77-2e0e-5527-ad84-b886c4d2d9da,40,False,False
wc_history,WC-70e7165d-069f-5dfe-aded-acc87eb62f98,1990-06-10,Brazil,BRA,Careca,3892ad77-2e0e-5527-ad84-b886c4d2d9da,63,False,False
wc_history,WC-70e7165d-069f-5dfe-aded-acc87eb62f98,1990-06-10,Sweden,SWE,Tomas Brolin,9c7f4c77-f721-55ac-9759-72865ba0464c,79,False,False
wc_history,WC-70fb13e8-081f-5f2a-8b6d-06801cadb53d,2022-11-27,Canada,CAN,Alphonso Davies,9bd86bbe-c3e8-5d3e-b5cb-c57863c337b9,2,False,False
wc_history,WC-70fb13e8-081f-5f2a-8b6d-06801cadb53d,2022-11-27,Croatia,HRV,Andrej Kramarić,9e28c5da-f89f-5abb-96d0-49b8946f2cf7,36,False,False
wc_history,WC-70fb13e8-081f-5f2a-8b6d-06801cadb53d,2022-11-27,Croatia,HRV,Marko Livaja,24dea17c-4627-50d8-8b36-f9a6fb40c69d,44,False,False
wc_history,WC-70fb13e8-081f-5f2a-8b6d-06801cadb53d,2022-11-27,Croatia,HRV,Andrej Kramarić,9e28c5da-f89f-5abb-96d0-49b8946f2cf7,70,False,False
wc_history,WC-70fb13e8-081f-5f2a-8b6d-06801cadb53d,2022-11-27,Croatia,HRV,Lovro Majer,9d071abb-0ff6-5fdc-b638-ddc8a8a4cee9,90'+4,False,False
wc_history,WC-727f4690-3a92-527e-a3fc-0fb5713f7f88,1998-06-20,Netherlands,NLD,Phillip Cocu,e1219e98-d5e4-5678-9242-601b122e9757,37,False,False
wc_history,WC-727f4690-3a92-527e-a3fc-0fb5713f7f88,1998-06-20,Netherlands,NLD,Marc Overmars,23acfd2b-d706-5da0-b0d7-be52e72106c3,41,False,False
wc_history,WC-727f4690-3a92-527e-a3fc-0fb5713f7f88,1998-06-20,Netherlands,NLD,Dennis Bergkamp,0d3e14b3-7fa2-5e1c-b09e-06c467689d11,71,False,False
wc_history,WC-727f4690-3a92-527e-a3fc-0fb5713f7f88,1998-06-20,Netherlands,NLD,Pierre van Hooijdonk,d7912cac-3181-5cb2-915a-5454dfa4f792,80,False,False
wc_history,WC-727f4690-3a92-527e-a3fc-0fb5713f7f88,1998-06-20,Netherlands,NLD,Ronald de Boer,5139b004-6df4-56ad-bb96-a6848c988b47,83,False,False
wc_history,WC-728ca4fa-cd78-5f14-8c8a-a536752c26c1,1958-06-19,Sweden,SWE,Kurt Hamrin,324e7e7e-783a-57f0-96cb-65acdf04a64a,49,False,False
wc_history,WC-728ca4fa-cd78-5f14-8c8a-a536752c26c1,1958-06-19,Sweden,SWE,Agne Simonsson,929f6387-c1e1-58ec-9e44-92609e23c913,88,False,False
wc_history,WC-73f67c51-9caf-5276-9f35-4d338ce2b90c,2010-06-23,England,ENG,Jermain Defoe,4f1630a2-5d12-52af-898a-e37ba4a42b7b,23,False,False
wc_history,WC-7445e711-1609-5bff-ac93-2fd2188ba39d,1958-06-24,West Germany,DEU,Hans Schäfer,33d90396-f213-5c12-9bd4-156c9856a628,24,False,False
wc_history,WC-7445e711-1609-5bff-ac93-2fd2188ba39d,1958-06-24,Sweden,SWE,Lennart Skoglund,419aa66e-7b93-529e-b562-89006a98ad8a,32,False,False
wc_history,WC-7445e711-1609-5bff-ac93-2fd2188ba39d,1958-06-24,Sweden,SWE,Gunnar Gren,90cd1f99-2003-51a2-a7b8-c64f3f6a3baa,81,False,False
wc_history,WC-7445e711-1609-5bff-ac93-2fd2188ba39d,1958-06-24,Sweden,SWE,Kurt Hamrin,324e7e7e-783a-57f0-96cb-65acdf04a64a,88,False,False
wc_history,WC-74628140-5822-582a-a34f-08bb0d19799c,1970-06-07,Mexico,MEX,Javier Valdivia,a9a2a51b-b054-5d5f-bbd6-cb05cb5ff946,45,False,False
wc_history,WC-74628140-5822-582a-a34f-08bb0d19799c,1970-06-07,Mexico,MEX,Javier Valdivia,a9a2a51b-b054-5d5f-bbd6-cb05cb5ff946,46,False,False
wc_history,WC-74628140-5822-582a-a34f-08bb0d19799c,1970-06-07,Mexico,MEX,Javier Fragoso,978d6e49-57af-5f86-8f0a-f02833133b65,58,False,False
wc_history,WC-74628140-5822-582a-a34f-08bb0d19799c,1970-06-07,Mexico,MEX,Juan Ignacio Basaguren,4f6ed1aa-9b0a-58b5-a460-5f57f086b932,83,False,False
wc_history,WC-75c0f311-cced-5293-9363-7cf928829fad,1962-05-31,Hungary,HUN,Lajos Tichy,f01a3f99-edea-5c4e-aa7a-9a814b141f3f,17,False,False
wc_history,WC-75c0f311-cced-5293-9363-7cf928829fad,1962-05-31,England,ENG,Ron Flowers,cb361a6c-9969-53fb-b5e3-b743ba86be67,60,True,False
wc_history,WC-75c0f311-cced-5293-9363-7cf928829fad,1962-05-31,Hungary,HUN,Flórián Albert,6a5f4065-ff5a-5daf-a30d-98fc2c0c760c,71,False,False
wc_history,WC-760089c1-69e5-57af-aa14-f1e8560ea650,1978-06-21,West Germany,DEU,Karl-Heinz Rummenigge,b779ca86-8ac7-568e-af16-5c00f4f48422,19,False,False
wc_history,WC-760089c1-69e5-57af-aa14-f1e8560ea650,1978-06-21,Austria,AUT,Berti Vogts,f5e9aa2f-fae9-5560-9c6b-e59fd8fbbc72,59,False,True
wc_history,WC-760089c1-69e5-57af-aa14-f1e8560ea650,1978-06-21,Austria,AUT,Hans Krankl,810a2961-81de-598e-bf3d-d44df3201b5c,66,False,False
wc_history,WC-760089c1-69e5-57af-aa14-f1e8560ea650,1978-06-21,West Germany,DEU,Bernd Hölzenbein,5e6d39a1-2c06-5261-90e1-add65e2d7996,68,False,False
wc_history,WC-760089c1-69e5-57af-aa14-f1e8560ea650,1978-06-21,Austria,AUT,Hans Krankl,810a2961-81de-598e-bf3d-d44df3201b5c,87,False,False
wc_history,WC-76593dba-f125-576d-92c9-4b5e1cab2f70,2002-06-07,Nigeria,NGA,Julius Aghahowa,569d8610-74c9-5f2b-8338-69b12ea00556,27,False,False
wc_history,WC-76593dba-f125-576d-92c9-4b5e1cab2f70,2002-06-07,Sweden,SWE,Henrik Larsson,9f50ff09-15d5-58e6-a454-fabe6c5180ae,35,False,False
wc_history,WC-76593dba-f125-576d-92c9-4b5e1cab2f70,2002-06-07,Sweden,SWE,Henrik Larsson,9f50ff09-15d5-58e6-a454-fabe6c5180ae,63,True,False
wc_history,WC-76bada0b-edfa-5665-a113-7d5e1e65687e,1954-06-23,Switzerland,CHE,Josef Hügi,9ec6452a-820a-50b9-950e-efe78ce214d2,14,False,False
wc_history,WC-76bada0b-edfa-5665-a113-7d5e1e65687e,1954-06-23,Switzerland,CHE,Robert Ballaman,012d44a1-c0e9-55ed-ab59-8f82fc400319,48,False,False
wc_history,WC-76bada0b-edfa-5665-a113-7d5e1e65687e,1954-06-23,Italy,ITA,Fulvio Nesti,559e5dcc-db24-5a23-bac3-6b96c25f7037,67,False,False
wc_history,WC-76bada0b-edfa-5665-a113-7d5e1e65687e,1954-06-23,Switzerland,CHE,Josef Hügi,9ec6452a-820a-50b9-950e-efe78ce214d2,85,False,False
wc_history,WC-76bada0b-edfa-5665-a113-7d5e1e65687e,1954-06-23,Switzerland,CHE,Jacques Fatton,966299ec-f918-5a89-af8c-fe8268bb3719,90,False,False
wc_history,WC-773db8b7-2c05-5082-9627-d0e63609fb1d,1970-06-03,Belgium,BEL,Wilfried Van Moer,0dc95025-d75f-5eeb-883b-67427713755a,12,False,False
wc_history,WC-773db8b7-2c05-5082-9627-d0e63609fb1d,1970-06-03,Belgium,BEL,Wilfried Van Moer,0dc95025-d75f-5eeb-883b-67427713755a,54,False,False
wc_history,WC-773db8b7-2c05-5082-9627-d0e63609fb1d,1970-06-03,Belgium,BEL,Raoul Lambert,eff70c35-4c89-5a41-8e68-2952e748297f,76,True,False
wc_history,WC-77430d1d-1007-5ead-b001-7784267ffeaa,1998-06-27,Italy,ITA,Christian Vieri,b4454bbe-c865-5356-9f54-4a7722deeea4,18,False,False
wc_history,WC-775fcf23-890b-555c-9a79-eea2a908b873,1998-07-08,Croatia,HRV,Davor Šuker,3e48e77f-d637-5a57-a13e-0b28d358ce7e,46,False,False
wc_history,WC-775fcf23-890b-555c-9a79-eea2a908b873,1998-07-08,France,FRA,Lilian Thuram,095d4dae-97f5-5d35-b237-94e9816e2aff,47,False,False
wc_history,WC-775fcf23-890b-555c-9a79-eea2a908b873,1998-07-08,France,FRA,Lilian Thuram,095d4dae-97f5-5d35-b237-94e9816e2aff,70,False,False
wc_history,WC-77a195cd-f990-565b-b749-256f53b5690e,1958-06-15,Hungary,HUN,Lajos Tichy,f01a3f99-edea-5c4e-aa7a-9a814b141f3f,19,False,False
wc_history,WC-77a195cd-f990-565b-b749-256f53b5690e,1958-06-15,Hungary,HUN,Lajos Tichy,f01a3f99-edea-5c4e-aa7a-9a814b141f3f,46,False,False
wc_history,WC-77a195cd-f990-565b-b749-256f53b5690e,1958-06-15,Hungary,HUN,Károly Sándor,6be25733-dcfb-5374-a707-0118860f43ca,54,False,False
wc_history,WC-77a195cd-f990-565b-b749-256f53b5690e,1958-06-15,Hungary,HUN,József Bencsics,38310708-dd42-529d-bd7a-f8f13514a0ee,69,False,False
wc_history,WC-78837420-027f-529c-99c6-f3b77d31e210,2006-06-09,Germany,DEU,Philipp Lahm,d5501c25-924f-535b-928c-82893aa2e2d2,6,False,False
wc_history,WC-78837420-027f-529c-99c6-f3b77d31e210,2006-06-09,Costa Rica,CRI,Paulo Wanchope,5b8ccdc5-c2b9-5905-a3e6-9dc19442c384,12,False,False
wc_history,WC-78837420-027f-529c-99c6-f3b77d31e210,2006-06-09,Germany,DEU,Miroslav Klose,41f73bc6-c52c-5f4b-8e71-8137daa777d3,17,False,False
wc_history,WC-78837420-027f-529c-99c6-f3b77d31e210,2006-06-09,Germany,DEU,Miroslav Klose,41f73bc6-c52c-5f4b-8e71-8137daa777d3,61,False,False
wc_history,WC-78837420-027f-529c-99c6-f3b77d31e210,2006-06-09,Costa Rica,CRI,Paulo Wanchope,5b8ccdc5-c2b9-5905-a3e6-9dc19442c384,73,False,False
wc_history,WC-78837420-027f-529c-99c6-f3b77d31e210,2006-06-09,Germany,DEU,Torsten Frings,ad7a28f9-aca9-5cfb-a001-c221c939b14e,87,False,False
wc_history,WC-78a5d3c1-b55e-550c-8437-c63d007e2f27,2006-06-20,England,ENG,Joe Cole,ac002c6e-7da5-50d0-bb21-6e514d71beca,34,False,False
wc_history,WC-78a5d3c1-b55e-550c-8437-c63d007e2f27,2006-06-20,Sweden,SWE,Marcus Allbäck,f769d9ca-8004-59e2-8681-5f85315b90dd,51,False,False
wc_history,WC-78a5d3c1-b55e-550c-8437-c63d007e2f27,2006-06-20,England,ENG,Steven Gerrard,1c3e15e2-1ad3-521e-9797-24853b631906,85,False,False
wc_history,WC-78a5d3c1-b55e-550c-8437-c63d007e2f27,2006-06-20,Sweden,SWE,Henrik Larsson,9f50ff09-15d5-58e6-a454-fabe6c5180ae,90,False,False
wc_history,WC-78cfdb1a-dafe-530a-b926-0fc26f4d7fe7,2022-11-23,Spain,ESP,Dani Olmo,6f40e49e-5da5-5626-8f2e-1b9cff409550,11,False,False
wc_history,WC-78cfdb1a-dafe-530a-b926-0fc26f4d7fe7,2022-11-23,Spain,ESP,Marco Asensio,661ab73d-0178-5a1b-ab04-4902acde1301,21,False,False
wc_history,WC-78cfdb1a-dafe-530a-b926-0fc26f4d7fe7,2022-11-23,Spain,ESP,Ferran Torres,ed964dec-7098-53ef-9a71-55c988d8dff6,31,True,False
wc_history,WC-78cfdb1a-dafe-530a-b926-0fc26f4d7fe7,2022-11-23,Spain,ESP,Ferran Torres,ed964dec-7098-53ef-9a71-55c988d8dff6,54,False,False
wc_history,WC-78cfdb1a-dafe-530a-b926-0fc26f4d7fe7,2022-11-23,Spain,ESP,Gavi,33f6312a-41c2-51c3-b52f-51530fe1dfe1,74,False,False
wc_history,WC-78cfdb1a-dafe-530a-b926-0fc26f4d7fe7,2022-11-23,Spain,ESP,Álvaro Morata,d17434f7-bcdc-55ff-ab4c-324dc9bc6d8b,90'+2,False,False
wc_history,WC-78cfdb1a-dafe-530a-b926-0fc26f4d7fe7,2022-11-23,Spain,ESP,Carlos Soler,9972272b-1362-5b44-9668-88cd09147e61,90,False,False
wc_history,WC-78f26566-ff30-5bbc-a891-4ae8f44056f5,2006-06-24,Mexico,MEX,Rafael Márquez,12c0f6e5-e103-5e07-a763-b1a55fe9e735,6,False,False
wc_history,WC-78f26566-ff30-5bbc-a891-4ae8f44056f5,2006-06-24,Argentina,ARG,Hernán Crespo,31c28ea9-9635-58cb-b707-b1ff1a12e118,10,False,False
wc_history,WC-78f26566-ff30-5bbc-a891-4ae8f44056f5,2006-06-24,Argentina,ARG,Maxi Rodríguez,1c7fff17-1ef9-5f57-b5f3-3388be68bd14,98,False,False
wc_history,WC-7919bddd-54cd-5de8-b341-655847895c8f,2010-06-17,Nigeria,NGA,Kalu Uche,7e638ddf-cc05-5479-aa88-a730db344834,16,False,False
wc_history,WC-7919bddd-54cd-5de8-b341-655847895c8f,2010-06-17,Greece,GRC,Dimitris Salpingidis,b2291f85-06a4-56bd-a7ee-40ea9c896bc3,44,False,False
wc_history,WC-7919bddd-54cd-5de8-b341-655847895c8f,2010-06-17,Greece,GRC,Vasilis Torosidis,db5b8e7d-8a1e-5083-b57f-c187f44b1c24,71,False,False
wc_history,WC-792c03a8-e2ef-5cfd-b779-5848661d24c7,1998-06-26,Tunisia,TUN,Skander Souayah,7c55c27f-393c-5065-9944-db2090234987,12,True,False
wc_history,WC-792c03a8-e2ef-5cfd-b779-5848661d24c7,1998-06-26,Romania,ROU,Viorel Moldovan,7c39d963-07ce-5e91-8c4a-260b4066b982,71,False,False
wc_history,WC-795df7db-b7b3-54e1-a283-9f51514f3449,1938-06-04,Germany,DEU,Josef Gauchel,07b4a9c3-527e-53fb-870c-338cb33c9499,29,False,False
wc_history,WC-795df7db-b7b3-54e1-a283-9f51514f3449,1938-06-04,Switzerland,CHE,André Abegglen,c8a289ff-5138-53b2-af4a-22d0b6eee8e8,43,False,False
wc_history,WC-79c20c8a-2cde-5b28-8545-1958d8634524,2022-12-01,Germany,DEU,Serge Gnabry,d9da6ded-ce17-5ec6-835f-52bbd0df49d8,10,False,False
wc_history,WC-79c20c8a-2cde-5b28-8545-1958d8634524,2022-12-01,Costa Rica,CRI,Yeltsin Tejeda,5b3495e1-6975-5e18-967b-ffdb1a7c119d,58,False,False
wc_history,WC-79c20c8a-2cde-5b28-8545-1958d8634524,2022-12-01,Costa Rica,CRI,Juan Pablo Vargas,707d837f-e33d-5fe7-8f4f-b409495897b6,70,False,False
wc_history,WC-79c20c8a-2cde-5b28-8545-1958d8634524,2022-12-01,Germany,DEU,Kai Havertz,77a92261-bf8e-5236-ad73-8dfefb673713,73,False,False
wc_history,WC-79c20c8a-2cde-5b28-8545-1958d8634524,2022-12-01,Germany,DEU,Kai Havertz,77a92261-bf8e-5236-ad73-8dfefb673713,85,False,False
wc_history,WC-79c20c8a-2cde-5b28-8545-1958d8634524,2022-12-01,Germany,DEU,Niclas Füllkrug,4ca0f520-b305-5951-b4e7-4b78f1d31fed,89,False,False
wc_history,WC-7a21aa3d-ff70-5e84-8b68-9fa3c4971724,1970-06-14,England,ENG,Alan Mullery,68162a29-d3f9-5aae-a8d9-5ea0442d84b2,31,False,False
wc_history,WC-7a21aa3d-ff70-5e84-8b68-9fa3c4971724,1970-06-14,England,ENG,Martin Peters,dbbe3627-95f1-5d66-ac86-c2a613de6c9a,49,False,False
wc_history,WC-7a21aa3d-ff70-5e84-8b68-9fa3c4971724,1970-06-14,West Germany,DEU,Franz Beckenbauer,a6d6171a-3cc0-5622-91c6-70d890978566,68,False,False
wc_history,WC-7a21aa3d-ff70-5e84-8b68-9fa3c4971724,1970-06-14,West Germany,DEU,Uwe Seeler,33864d66-d8d9-524b-a228-8e6849104a8d,82,False,False
wc_history,WC-7a21aa3d-ff70-5e84-8b68-9fa3c4971724,1970-06-14,West Germany,DEU,Gerd Müller,cc40fa15-a4e1-53ff-8b63-30280ac05f5f,108,False,False
wc_history,WC-7a8a59cb-b7e0-5cb2-bdc7-b542e9549b80,1974-06-15,Netherlands,NLD,Johnny Rep,9fa9f10e-2f0b-58ec-9327-5c10bdd4bb01,7,False,False
wc_history,WC-7a8a59cb-b7e0-5cb2-bdc7-b542e9549b80,1974-06-15,Netherlands,NLD,Johnny Rep,9fa9f10e-2f0b-58ec-9327-5c10bdd4bb01,86,False,False
wc_history,WC-7a8c5b06-2b38-565b-96f2-dbc892ae7183,2002-06-05,Germany,DEU,Miroslav Klose,41f73bc6-c52c-5f4b-8e71-8137daa777d3,19,False,False
wc_history,WC-7a8c5b06-2b38-565b-96f2-dbc892ae7183,2002-06-05,Republic of Ireland,IRL,Robbie Keane,dbbc8cfe-e04c-54b6-a079-3e2d7d14c09f,90'+2,False,False
wc_history,WC-7a9c52c7-8371-5345-8685-e7693be08589,2010-06-14,Japan,JPN,Keisuke Honda,5dda8623-05c3-5936-b719-6ef6f7dd9dc0,39,False,False
wc_history,WC-7ab299e4-e426-5930-8844-22d59b2fa272,1954-06-27,Hungary,HUN,Nándor Hidegkuti,b31fba41-6cd6-5ab7-8ba4-abc9f0ccd988,4,False,False
wc_history,WC-7ab299e4-e426-5930-8844-22d59b2fa272,1954-06-27,Hungary,HUN,Sándor Kocsis,16f008ae-0efe-5c24-b0c3-c3a8d461f3b4,7,False,False
wc_history,WC-7ab299e4-e426-5930-8844-22d59b2fa272,1954-06-27,Brazil,BRA,Djalma Santos,7eb09286-4de6-58fb-9cf4-bb96856c490b,18,True,False
wc_history,WC-7ab299e4-e426-5930-8844-22d59b2fa272,1954-06-27,Hungary,HUN,Mihály Lantos,50bc5010-4b03-5178-91c3-6796e0d882f2,60,True,False
wc_history,WC-7ab299e4-e426-5930-8844-22d59b2fa272,1954-06-27,Brazil,BRA,Julinho,2fbca71e-2d0c-5010-bde0-d907370f43e9,65,False,False
wc_history,WC-7ab299e4-e426-5930-8844-22d59b2fa272,1954-06-27,Hungary,HUN,Sándor Kocsis,16f008ae-0efe-5c24-b0c3-c3a8d461f3b4,88,False,False
wc_history,WC-7bb6ac3e-63be-53be-89b2-c1feb5dda5ea,2002-06-09,Turkey,TUR,Emre Belözoğlu,b59ed14f-1715-5532-a717-7a6d71cc7ec0,56,False,False
wc_history,WC-7bb6ac3e-63be-53be-89b2-c1feb5dda5ea,2002-06-09,Costa Rica,CRI,Winston Parks,d3e2d238-1aaa-5675-a2cd-d92fa2245d34,86,False,False
wc_history,WC-7bcfb481-1d3d-5906-80ef-966617e3ff12,2010-06-12,South Korea,KOR,Jung-soo Lee,afb819ff-2600-57a4-80b5-2b01af9f44c5,7,False,False
wc_history,WC-7bcfb481-1d3d-5906-80ef-966617e3ff12,2010-06-12,South Korea,KOR,Ji-sung Park,9eeb648a-375d-5e25-8780-18801ead13c2,52,False,False
wc_history,WC-7bdc9bc7-8b9a-584c-8d20-503c9abe5daa,1962-05-31,Soviet Union,SUN,Valentin Ivanov,c3a55f0c-af27-50ce-bacc-d1c7dd66ff90,51,False,False
wc_history,WC-7bdc9bc7-8b9a-584c-8d20-503c9abe5daa,1962-05-31,Soviet Union,SUN,Viktor Ponedelnik,cb4f5805-63b3-5dc1-b44c-9a053d8566ea,83,False,False
wc_history,WC-7bf57d63-b122-5075-b9b0-65e822221cb8,1970-06-17,Uruguay,URY,Luis Cubilla,11ebb875-9190-525f-a786-f2867487a177,19,False,False
wc_history,WC-7bf57d63-b122-5075-b9b0-65e822221cb8,1970-06-17,Brazil,BRA,Clodoaldo,22ee00f2-8c3a-5985-93cc-5347bd4ea844,44,False,False
wc_history,WC-7bf57d63-b122-5075-b9b0-65e822221cb8,1970-06-17,Brazil,BRA,Jairzinho,df7e95f2-669e-5d66-a9d7-99afeae3c90a,76,False,False
wc_history,WC-7bf57d63-b122-5075-b9b0-65e822221cb8,1970-06-17,Brazil,BRA,Rivellino,692698be-20ec-53cf-a10c-586e82c1bc3a,89,False,False
wc_history,WC-7c0a6b14-6cd9-5576-aa03-27db26adc48f,1950-06-25,United States,USA,Gino Pariani,61a4fd79-7e66-5ea9-b612-7ef5cf3383f9,17,False,False
wc_history,WC-7c0a6b14-6cd9-5576-aa03-27db26adc48f,1950-06-25,Spain,ESP,Silvestre Igoa,2051fe3a-4ef3-516f-854b-8cd9a7a1cf44,81,False,False
wc_history,WC-7c0a6b14-6cd9-5576-aa03-27db26adc48f,1950-06-25,Spain,ESP,Estanislau Basora,8729b71b-db46-58a6-816d-f1f16bf9b2fe,83,False,False
wc_history,WC-7c0a6b14-6cd9-5576-aa03-27db26adc48f,1950-06-25,Spain,ESP,Telmo Zarra,054d041c-870e-5b30-96cc-3d3bf2e603ea,89,False,False
wc_history,WC-7c19d83e-44b2-5eeb-b20c-c82ccc8bd6eb,2022-12-17,Croatia,HRV,Joško Gvardiol,36ab7d14-983c-579b-bb04-67ed33fd4d7d,7,False,False
wc_history,WC-7c19d83e-44b2-5eeb-b20c-c82ccc8bd6eb,2022-12-17,Morocco,MAR,Achraf Dari,5e2f9ce9-d7a8-59c4-af8f-4261395bdcd0,9,False,False
wc_history,WC-7c19d83e-44b2-5eeb-b20c-c82ccc8bd6eb,2022-12-17,Croatia,HRV,Mislav Oršić,da07f0de-51f3-54b6-98f5-a8818af25cf8,42,False,False
wc_history,WC-7c946968-bd3a-5b2f-8939-66e6a3999f2c,2014-06-20,Honduras,HND,Carlo Costly,6a37db21-ba46-5e9a-a23e-c114b5a469c8,31,False,False
wc_history,WC-7c946968-bd3a-5b2f-8939-66e6a3999f2c,2014-06-20,Ecuador,ECU,Enner Valencia,33aea20b-a768-5265-9967-8826559c86c9,34,False,False
wc_history,WC-7c946968-bd3a-5b2f-8939-66e6a3999f2c,2014-06-20,Ecuador,ECU,Enner Valencia,33aea20b-a768-5265-9967-8826559c86c9,65,False,False
wc_history,WC-7d173929-c2d0-550b-8292-b93de499d66f,1998-06-17,Italy,ITA,Luigi Di Biagio,4b6dd7f3-719c-5722-a0b4-c2b819c89b75,7,False,False
wc_history,WC-7d173929-c2d0-550b-8292-b93de499d66f,1998-06-17,Italy,ITA,Christian Vieri,b4454bbe-c865-5356-9f54-4a7722deeea4,75,False,False
wc_history,WC-7d173929-c2d0-550b-8292-b93de499d66f,1998-06-17,Italy,ITA,Christian Vieri,b4454bbe-c865-5356-9f54-4a7722deeea4,89,False,False
wc_history,WC-7da2e815-3816-57de-af42-844041a2e508,1930-07-14,Romania,ROU,Adalbert Deşu,0ab9d4e2-a3e0-5945-8501-28e0a56057a8,1,False,False
wc_history,WC-7da2e815-3816-57de-af42-844041a2e508,1930-07-14,Peru,PER,Luis Souza Ferreira,a4e7aa3f-9200-53cc-ab97-b7da2f73317f,75,False,False
wc_history,WC-7da2e815-3816-57de-af42-844041a2e508,1930-07-14,Romania,ROU,Constantin Stanciu,a59322f7-539e-56ac-bb1f-af8b922f162b,79,False,False
wc_history,WC-7da2e815-3816-57de-af42-844041a2e508,1930-07-14,Romania,ROU,Miklós Kovács,5634cead-82ee-5069-a8ac-76241267688e,89,False,False
wc_history,WC-7dcd8eea-e04b-553f-ad35-2fb5ffada5ab,1974-06-22,Brazil,BRA,Jairzinho,df7e95f2-669e-5d66-a9d7-99afeae3c90a,12,False,False
wc_history,WC-7dcd8eea-e04b-553f-ad35-2fb5ffada5ab,1974-06-22,Brazil,BRA,Rivellino,692698be-20ec-53cf-a10c-586e82c1bc3a,66,False,False
wc_history,WC-7dcd8eea-e04b-553f-ad35-2fb5ffada5ab,1974-06-22,Brazil,BRA,Valdomiro,6ad9bf80-d71b-536e-95d2-7e6e1bb9d3fa,79,False,False
wc_history,WC-7df5e4ef-efe8-5976-8a2e-1255bffdc375,1934-06-07,Germany,DEU,Ernst Lehner,fd8d8b4d-6c2e-581d-87a0-51644e1873df,1,False,False
wc_history,WC-7df5e4ef-efe8-5976-8a2e-1255bffdc375,1934-06-07,Germany,DEU,Edmund Conen,158e1cff-c7bd-5406-8df4-cd35b3f70706,27,False,False
wc_history,WC-7df5e4ef-efe8-5976-8a2e-1255bffdc375,1934-06-07,Austria,AUT,Johann Horvath,41aeeade-dbf9-58de-b677-a829988ea849,28,False,False
wc_history,WC-7df5e4ef-efe8-5976-8a2e-1255bffdc375,1934-06-07,Germany,DEU,Ernst Lehner,fd8d8b4d-6c2e-581d-87a0-51644e1873df,42,False,False
wc_history,WC-7df5e4ef-efe8-5976-8a2e-1255bffdc375,1934-06-07,Austria,AUT,Karl Sesta,fba6f3df-cde1-554e-afb8-9e7c85749e1f,54,False,False
wc_history,WC-7ec5155b-3629-54fd-9270-0cbe18140f94,2018-06-16,France,FRA,Antoine Griezmann,b0e9893a-85a2-5be7-b3fc-19822921599c,58,True,False
wc_history,WC-7ec5155b-3629-54fd-9270-0cbe18140f94,2018-06-16,Australia,AUS,Mile Jedinak,84163814-c8bf-5b52-9a13-43804342add0,62,True,False
wc_history,WC-7ec5155b-3629-54fd-9270-0cbe18140f94,2018-06-16,France,FRA,Aziz Behich,c64609e8-ca96-55c2-be74-cb038ff2a4dd,81,False,True
wc_history,WC-7f0ed410-0615-521a-bcf3-160f1494d007,2022-11-28,Cameroon,CMR,Jean-Charles Castelletto,0c839557-36a2-51ee-89cb-d6859cfc8ad4,29,False,False
wc_history,WC-7f0ed410-0615-521a-bcf3-160f1494d007,2022-11-28,Serbia,SRB,Strahinja Pavlović,a472858f-9292-56f1-b8a3-fa54566b6f67,45'+1,False,False
wc_history,WC-7f0ed410-0615-521a-bcf3-160f1494d007,2022-11-28,Serbia,SRB,Sergej Milinković-Savić,43280d62-85c9-5b99-98ff-c5de8193e751,45'+3,False,False
wc_history,WC-7f0ed410-0615-521a-bcf3-160f1494d007,2022-11-28,Serbia,SRB,Aleksandar Mitrović,8b821c0f-2773-5f95-b383-fdedb3a0d856,53,False,False
wc_history,WC-7f0ed410-0615-521a-bcf3-160f1494d007,2022-11-28,Cameroon,CMR,Vincent Aboubakar,692d5444-9f9c-53f3-989c-916d00579df1,63,False,False
wc_history,WC-7f0ed410-0615-521a-bcf3-160f1494d007,2022-11-28,Cameroon,CMR,Eric Maxim Choupo-Moting,5556d4e2-9e3c-590f-a1ef-487dc1ffef4c,66,False,False
wc_history,WC-7f54575e-74ad-5f63-a38e-c9e80d583974,2002-06-10,United States,USA,Clint Mathis,58927a4e-ddad-594d-a9d2-bdf1c6cea030,24,False,False
wc_history,WC-7f54575e-74ad-5f63-a38e-c9e80d583974,2002-06-10,South Korea,KOR,Jung-hwan Ahn,753f74c6-c30d-5526-9ec4-5387d19f315b,78,False,False
wc_history,WC-7f8597cf-2873-51c2-920e-e554f7fabe00,1986-06-16,Argentina,ARG,Pedro Pasculli,485fd394-0ac7-5977-9fa6-e9a69e216176,42,False,False
wc_history,WC-7fec9efe-61ff-5198-9e81-f13ce291bf42,1954-06-16,Brazil,BRA,Baltazar,0248e62c-267f-5353-b4c7-18d380fab596,23,False,False
wc_history,WC-7fec9efe-61ff-5198-9e81-f13ce291bf42,1954-06-16,Brazil,BRA,Didi,ce802b5f-41cb-5713-a978-71f5ecfdf738,30,False,False
wc_history,WC-7fec9efe-61ff-5198-9e81-f13ce291bf42,1954-06-16,Brazil,BRA,Pinga,a75b9b6c-5a1c-5eb2-a527-f9ed8cd50d44,34,False,False
wc_history,WC-7fec9efe-61ff-5198-9e81-f13ce291bf42,1954-06-16,Brazil,BRA,Pinga,a75b9b6c-5a1c-5eb2-a527-f9ed8cd50d44,43,False,False
wc_history,WC-7fec9efe-61ff-5198-9e81-f13ce291bf42,1954-06-16,Brazil,BRA,Julinho,2fbca71e-2d0c-5010-bde0-d907370f43e9,69,False,False
wc_history,WC-7ff68530-926f-5f03-88f0-dbaa6e809595,1962-06-13,Czechoslovakia,CSK,Josef Kadraba,8d446fc2-ee20-540d-a1d9-eca472522e2a,48,False,False
wc_history,WC-7ff68530-926f-5f03-88f0-dbaa6e809595,1962-06-13,Yugoslavia,YUG,Dražan Jerković,75b3b90f-aa66-5aab-b80d-4beb9c53b59f,69,False,False
wc_history,WC-7ff68530-926f-5f03-88f0-dbaa6e809595,1962-06-13,Czechoslovakia,CSK,Adolf Scherer,7146f07c-06b0-512a-ac48-e93e4df486e1,80,False,False
wc_history,WC-7ff68530-926f-5f03-88f0-dbaa6e809595,1962-06-13,Czechoslovakia,CSK,Adolf Scherer,7146f07c-06b0-512a-ac48-e93e4df486e1,84,True,False
wc_history,WC-804a37f8-71a4-540e-9d74-777d76299e6c,1974-06-30,Sweden,SWE,Ralf Edström,93544ebe-60d2-5d22-aeb5-d78d73a424d6,24,False,False
wc_history,WC-804a37f8-71a4-540e-9d74-777d76299e6c,1974-06-30,West Germany,DEU,Wolfgang Overath,a145d8ec-5edf-506d-912f-beb685fa4f35,51,False,False
wc_history,WC-804a37f8-71a4-540e-9d74-777d76299e6c,1974-06-30,West Germany,DEU,Rainer Bonhof,9f4f8985-8644-5e0c-b49f-113e9d7ecdbf,52,False,False
wc_history,WC-804a37f8-71a4-540e-9d74-777d76299e6c,1974-06-30,Sweden,SWE,Roland Sandberg,5f4c2886-151a-5824-a276-fbe74f533f35,53,False,False
wc_history,WC-804a37f8-71a4-540e-9d74-777d76299e6c,1974-06-30,West Germany,DEU,Jürgen Grabowski,ea0c7dd8-ebab-5858-b1ec-4db9bee17092,76,False,False
wc_history,WC-804a37f8-71a4-540e-9d74-777d76299e6c,1974-06-30,West Germany,DEU,Uli Hoeneß,64525fc6-f13f-5952-86ea-75f3aac3d4c3,89,True,False
wc_history,WC-817f5639-1fdb-5131-a11f-9642220d6c96,1998-06-13,Spain,ESP,Fernando Hierro,eeb4eadb-5ff1-5396-9016-1114c1431539,21,False,False
wc_history,WC-817f5639-1fdb-5131-a11f-9642220d6c96,1998-06-13,Nigeria,NGA,Mutiu Adepoju,de7bf951-df1a-5695-a527-e1d8ed10fb84,24,False,False
wc_history,WC-817f5639-1fdb-5131-a11f-9642220d6c96,1998-06-13,Spain,ESP,Raúl,e68bbebd-6ce8-5d08-823f-12968274ea01,47,False,False
wc_history,WC-817f5639-1fdb-5131-a11f-9642220d6c96,1998-06-13,Nigeria,NGA,Andoni Zubizarreta,c12d86e7-d96f-5c91-b2b1-f38e2efa67c0,73,False,True
wc_history,WC-817f5639-1fdb-5131-a11f-9642220d6c96,1998-06-13,Nigeria,NGA,Sunday Oliseh,c6271dc1-4b1d-5f10-bb24-84d36607f0e1,78,False,False
wc_history,WC-819f7410-35db-5814-ac79-a089f08f870b,1954-07-03,Austria,AUT,Ernst Stojaspal,ade53f85-2b59-5e00-8fc5-4d339aa1f2c2,16,True,False
wc_history,WC-819f7410-35db-5814-ac79-a089f08f870b,1954-07-03,Uruguay,URY,Juan Hohberg,c17c9541-b768-5958-aada-b882313a107a,22,False,False
wc_history,WC-819f7410-35db-5814-ac79-a089f08f870b,1954-07-03,Austria,AUT,Luis Cruz,b998929b-a0fb-5c62-9124-558eff4382e3,59,False,True
wc_history,WC-819f7410-35db-5814-ac79-a089f08f870b,1954-07-03,Austria,AUT,Ernst Ocwirk,8bbae04e-6956-52fb-85af-c9b0a7d63a98,89,False,False
wc_history,WC-82b9368a-9643-5acc-8de1-d6683da4eabc,1994-06-18,Romania,ROU,Florin Răducioiu,7ce61297-ba10-5b5d-9ad2-200c66aa124c,15,False,False
wc_history,WC-82b9368a-9643-5acc-8de1-d6683da4eabc,1994-06-18,Romania,ROU,Gheorghe Hagi,c37b6d4f-ab8e-5fc6-a5f1-6ba445066cbf,34,False,False
wc_history,WC-82b9368a-9643-5acc-8de1-d6683da4eabc,1994-06-18,Colombia,COL,Adolfo Valencia,2edfaf4a-e339-5612-90ba-a5aa7cf082b1,43,False,False
wc_history,WC-82b9368a-9643-5acc-8de1-d6683da4eabc,1994-06-18,Romania,ROU,Florin Răducioiu,7ce61297-ba10-5b5d-9ad2-200c66aa124c,89,False,False
wc_history,WC-82d6a668-3c9a-580d-bd2f-71b8f345a281,1950-06-25,Yugoslavia,YUG,Rajko Mitić,d23e5f3c-337c-5c45-9668-50946e65d285,59,False,False
wc_history,WC-82d6a668-3c9a-580d-bd2f-71b8f345a281,1950-06-25,Yugoslavia,YUG,Kosta Tomašević,163dd955-bf56-5325-9d27-a31fe6abbc5a,70,False,False
wc_history,WC-82d6a668-3c9a-580d-bd2f-71b8f345a281,1950-06-25,Yugoslavia,YUG,Tihomir Ognjanov,4ca82f4e-aefc-5435-86cd-53e6d40f5ed0,84,False,False
wc_history,WC-8324f6ff-0bc7-5ae7-a907-db9dfe6d2893,1982-06-21,Austria,AUT,Walter Schachner,66a5a2b6-ce27-5f43-8de3-582ffa2ba045,55,False,False
wc_history,WC-8324f6ff-0bc7-5ae7-a907-db9dfe6d2893,1982-06-21,Austria,AUT,Hans Krankl,810a2961-81de-598e-bf3d-d44df3201b5c,67,False,False
wc_history,WC-833d5564-65e8-5ac9-aac5-c0437280bf09,2014-06-18,Netherlands,NLD,Arjen Robben,750e2858-7c84-591a-8dd1-88c2cee16907,20,False,False
wc_history,WC-833d5564-65e8-5ac9-aac5-c0437280bf09,2014-06-18,Australia,AUS,Tim Cahill,a20d3771-5660-5c7e-9f2e-02513e2a25c4,21,False,False
wc_history,WC-833d5564-65e8-5ac9-aac5-c0437280bf09,2014-06-18,Australia,AUS,Mile Jedinak,84163814-c8bf-5b52-9a13-43804342add0,54,True,False
wc_history,WC-833d5564-65e8-5ac9-aac5-c0437280bf09,2014-06-18,Netherlands,NLD,Robin van Persie,46b8935b-5f46-5667-94bf-ed8d885ea1d4,58,False,False
wc_history,WC-833d5564-65e8-5ac9-aac5-c0437280bf09,2014-06-18,Netherlands,NLD,Memphis Depay,64433729-3f40-524c-92b9-0c99132cc46a,68,False,False
wc_history,WC-834d6fb3-b68e-5d45-a536-cb4f2902a536,1966-07-25,West Germany,DEU,Helmut Haller,9f33a8a5-02b8-5290-bede-e946023a7c13,43,False,False
wc_history,WC-834d6fb3-b68e-5d45-a536-cb4f2902a536,1966-07-25,West Germany,DEU,Franz Beckenbauer,a6d6171a-3cc0-5622-91c6-70d890978566,67,False,False
wc_history,WC-834d6fb3-b68e-5d45-a536-cb4f2902a536,1966-07-25,Soviet Union,SUN,Valeriy Porkujan,e0143a1d-3ace-5d4c-9dad-0559f2c176d0,88,False,False
wc_history,WC-8362f371-a80c-5d14-99ef-be7a1ef2c598,1974-06-22,Yugoslavia,YUG,Stanislav Karasi,67648b81-d465-5a88-a2d5-6a4ed3821c86,81,False,False
wc_history,WC-8362f371-a80c-5d14-99ef-be7a1ef2c598,1974-06-22,Scotland,SCO,Joe Jordan,49ccd931-9bb2-5cb6-8d57-9e052248f348,88,False,False
wc_history,WC-837579c3-a12a-5256-8f3b-4c97ae7413a9,1986-06-21,Brazil,BRA,Careca,3892ad77-2e0e-5527-ad84-b886c4d2d9da,17,False,False
wc_history,WC-837579c3-a12a-5256-8f3b-4c97ae7413a9,1986-06-21,France,FRA,Michel Platini,7856fff6-4d43-59fa-9fdb-937799e6e514,40,False,False
wc_history,WC-83a0741c-5ff1-5d25-97b0-4043eb4ec61c,2010-06-23,Australia,AUS,Tim Cahill,a20d3771-5660-5c7e-9f2e-02513e2a25c4,69,False,False
wc_history,WC-83a0741c-5ff1-5d25-97b0-4043eb4ec61c,2010-06-23,Australia,AUS,Brett Holman,d14984e5-dc62-59c4-a6ee-7ac8dc600a45,73,False,False
wc_history,WC-83a0741c-5ff1-5d25-97b0-4043eb4ec61c,2010-06-23,Serbia,SRB,Marko Pantelić,1685dfff-eb8b-534a-88a2-0e3fabedbfbb,84,False,False
wc_history,WC-83ae8c6b-c7c7-5ec4-896c-669339c558da,2022-12-01,Morocco,MAR,Hakim Ziyech,f340683f-d679-5fdb-a75a-554c5947f0c3,4,False,False
wc_history,WC-83ae8c6b-c7c7-5ec4-896c-669339c558da,2022-12-01,Morocco,MAR,Youssef En-Nesyri,0caee891-357b-5443-ade1-017bab827c5d,23,False,False
wc_history,WC-83ae8c6b-c7c7-5ec4-896c-669339c558da,2022-12-01,Canada,CAN,Nayef Aguerd,432b256a-fbcb-5af1-8243-17362f96fe06,40,False,True
wc_history,WC-83c9d3de-d083-5937-90e7-46ebc613e500,2018-06-25,Morocco,MAR,Khalid Boutaïb,f39733e6-9483-5f33-841b-1be809b91904,14,False,False
wc_history,WC-83c9d3de-d083-5937-90e7-46ebc613e500,2018-06-25,Spain,ESP,Isco,3a6fe832-fc24-52a3-b600-bb806d579b7a,19,False,False
wc_history,WC-83c9d3de-d083-5937-90e7-46ebc613e500,2018-06-25,Morocco,MAR,Youssef En-Nesyri,0caee891-357b-5443-ade1-017bab827c5d,81,False,False
wc_history,WC-83c9d3de-d083-5937-90e7-46ebc613e500,2018-06-25,Spain,ESP,Iago Aspas,2a29f3f8-c03d-533b-9c57-d7d0f4bd29fa,90'+1,False,False
wc_history,WC-841ab232-b56d-5113-9a19-6cd335d82aa7,2014-07-04,Brazil,BRA,Thiago Silva,e635f861-b104-5709-8b2f-66521a390f3b,7,False,False
wc_history,WC-841ab232-b56d-5113-9a19-6cd335d82aa7,2014-07-04,Brazil,BRA,David Luiz,9f2b564e-92d7-583d-b2a2-57d7e7abd226,69,False,False
wc_history,WC-841ab232-b56d-5113-9a19-6cd335d82aa7,2014-07-04,Colombia,COL,James Rodríguez,4c936157-4d63-517d-bdc0-4b594567d23a,80,True,False
wc_history,WC-84467cf5-1afb-56be-a847-d5b5d7842eb9,2002-06-29,Turkey,TUR,Hakan Şükür,5d8b1d04-aab0-58f8-8ea8-3638cacedc8b,1,False,False
wc_history,WC-84467cf5-1afb-56be-a847-d5b5d7842eb9,2002-06-29,South Korea,KOR,Eul-yong Lee,49272449-264c-5fca-be98-ebb546cfd610,9,False,False
wc_history,WC-84467cf5-1afb-56be-a847-d5b5d7842eb9,2002-06-29,Turkey,TUR,İlhan Mansız,73d47554-589f-50f4-9fd4-a25aef959646,13,False,False
wc_history,WC-84467cf5-1afb-56be-a847-d5b5d7842eb9,2002-06-29,Turkey,TUR,İlhan Mansız,73d47554-589f-50f4-9fd4-a25aef959646,32,False,False
wc_history,WC-84467cf5-1afb-56be-a847-d5b5d7842eb9,2002-06-29,South Korea,KOR,Chong-gug Song,30de5167-a0f9-5d47-b913-60e2b8ea70d7,90'+3,False,False
wc_history,WC-845dc6f2-b454-5d1b-886e-efe46976c8a7,2022-11-26,Argentina,ARG,Lionel Messi,815f9a08-b302-5959-bf1a-759cf2a34a56,64,False,False
wc_history,WC-845dc6f2-b454-5d1b-886e-efe46976c8a7,2022-11-26,Argentina,ARG,Enzo Fernández,534b8fa7-65cc-52b1-a1fe-743bdbc7d805,87,False,False
wc_history,WC-8462da7f-ffbd-581d-abee-c380c07b49a2,2006-06-19,Tunisia,TUN,Jawhar Mnari,77649b03-15de-58fb-8ba6-70430555feae,8,False,False
wc_history,WC-8462da7f-ffbd-581d-abee-c380c07b49a2,2006-06-19,Spain,ESP,Raúl,e68bbebd-6ce8-5d08-823f-12968274ea01,71,False,False
wc_history,WC-8462da7f-ffbd-581d-abee-c380c07b49a2,2006-06-19,Spain,ESP,Fernando Torres,b85e7087-e663-5790-aef6-a1bda34bef73,76,False,False
wc_history,WC-8462da7f-ffbd-581d-abee-c380c07b49a2,2006-06-19,Spain,ESP,Fernando Torres,b85e7087-e663-5790-aef6-a1bda34bef73,90'+1,True,False
wc_history,WC-846e6695-a71c-5900-9832-2035a36e2125,2014-06-16,Germany,DEU,Thomas Müller,ac2e565e-7c12-57d2-8f3a-1315d9fe7a15,12,True,False
wc_history,WC-846e6695-a71c-5900-9832-2035a36e2125,2014-06-16,Germany,DEU,Mats Hummels,1a1232b2-c845-5c04-9bca-98eef2c4c695,32,False,False
wc_history,WC-846e6695-a71c-5900-9832-2035a36e2125,2014-06-16,Germany,DEU,Thomas Müller,ac2e565e-7c12-57d2-8f3a-1315d9fe7a15,45'+1,False,False
wc_history,WC-846e6695-a71c-5900-9832-2035a36e2125,2014-06-16,Germany,DEU,Thomas Müller,ac2e565e-7c12-57d2-8f3a-1315d9fe7a15,78,False,False
wc_history,WC-849aa81e-246b-51a1-b434-4f66a659795c,1974-06-14,East Germany,DDR,Colin Curran,136b944e-53c4-5c49-9d61-0f5911512868,58,False,True
wc_history,WC-849aa81e-246b-51a1-b434-4f66a659795c,1974-06-14,East Germany,DDR,Joachim Streich,210f451e-4247-55af-8ef6-440e182ca03f,72,False,False
wc_history,WC-84a32e2b-dead-50e7-9a82-31504132fa7e,1966-07-19,Argentina,ARG,Luis Artime,bf6e828b-817d-5c56-a291-5d51af485b6b,52,False,False
wc_history,WC-84a32e2b-dead-50e7-9a82-31504132fa7e,1966-07-19,Argentina,ARG,Ermindo Onega,27cb07c4-78f7-51f8-a1f2-a18425f85777,79,False,False
wc_history,WC-84b8136f-c7f6-50e4-a5da-c4fa21c23373,1970-06-06,Soviet Union,SUN,Anatoliy Byshovets,62eea7a6-a7e1-5516-9f8f-8929546151d7,14,False,False
wc_history,WC-84b8136f-c7f6-50e4-a5da-c4fa21c23373,1970-06-06,Soviet Union,SUN,Kakhi Asatiani,8c11d3c4-37a1-5865-9d32-1e90196525b4,57,False,False
wc_history,WC-84b8136f-c7f6-50e4-a5da-c4fa21c23373,1970-06-06,Soviet Union,SUN,Anatoliy Byshovets,62eea7a6-a7e1-5516-9f8f-8929546151d7,63,False,False
wc_history,WC-84b8136f-c7f6-50e4-a5da-c4fa21c23373,1970-06-06,Soviet Union,SUN,Vitaly Khmelnitsky,a7eede18-3675-5356-aeea-0b1ba05c049c,76,False,False
wc_history,WC-84b8136f-c7f6-50e4-a5da-c4fa21c23373,1970-06-06,Belgium,BEL,Raoul Lambert,eff70c35-4c89-5a41-8e68-2952e748297f,86,False,False
wc_history,WC-84b93134-69ad-517d-a038-2dc89e479e50,1962-06-13,Brazil,BRA,Garrincha,5d98496e-60cc-555e-a138-b918f80168ca,9,False,False
wc_history,WC-84b93134-69ad-517d-a038-2dc89e479e50,1962-06-13,Brazil,BRA,Garrincha,5d98496e-60cc-555e-a138-b918f80168ca,32,False,False
wc_history,WC-84b93134-69ad-517d-a038-2dc89e479e50,1962-06-13,Chile,CHL,Jorge Toro,78b14e63-9058-5765-af58-85b2cbbc3665,42,False,False
wc_history,WC-84b93134-69ad-517d-a038-2dc89e479e50,1962-06-13,Brazil,BRA,Vavá,489edf7d-e5bf-53ce-9aff-68cbc2f67e99,47,False,False
wc_history,WC-84b93134-69ad-517d-a038-2dc89e479e50,1962-06-13,Chile,CHL,Leonel Sánchez,c421f6f7-6398-5b4b-89d2-ccf45ff30ac7,61,True,False
wc_history,WC-84b93134-69ad-517d-a038-2dc89e479e50,1962-06-13,Brazil,BRA,Vavá,489edf7d-e5bf-53ce-9aff-68cbc2f67e99,78,False,False
wc_history,WC-853861bb-1288-5f32-b3c6-eaef2486dc15,2002-06-13,Brazil,BRA,Ronaldo,c6d7a149-4d7b-59f8-8b38-6acaa67f72f5,10,False,False
wc_history,WC-853861bb-1288-5f32-b3c6-eaef2486dc15,2002-06-13,Brazil,BRA,Ronaldo,c6d7a149-4d7b-59f8-8b38-6acaa67f72f5,13,False,False
wc_history,WC-853861bb-1288-5f32-b3c6-eaef2486dc15,2002-06-13,Brazil,BRA,Edmílson,772d001e-6fcd-5bd2-9bf3-16698e2692a1,38,False,False
wc_history,WC-853861bb-1288-5f32-b3c6-eaef2486dc15,2002-06-13,Costa Rica,CRI,Paulo Wanchope,5b8ccdc5-c2b9-5905-a3e6-9dc19442c384,39,False,False
wc_history,WC-853861bb-1288-5f32-b3c6-eaef2486dc15,2002-06-13,Costa Rica,CRI,Rónald Gómez,cb0f7fde-257a-574b-a495-bfe09f8f10ca,56,False,False
wc_history,WC-853861bb-1288-5f32-b3c6-eaef2486dc15,2002-06-13,Brazil,BRA,Rivaldo,3bf52051-d43a-5b2b-9dbc-281ba13f5969,62,False,False
wc_history,WC-853861bb-1288-5f32-b3c6-eaef2486dc15,2002-06-13,Brazil,BRA,Júnior,12218fc8-d627-5a62-860f-9ce4116a0c82,64,False,False
wc_history,WC-85725e91-7226-5ad3-85c1-23600df3c66c,1970-06-07,Bulgaria,BGR,Asparuh Nikodimov,67706de8-fb05-586c-92dd-a806632e9e17,12,False,False
wc_history,WC-85725e91-7226-5ad3-85c1-23600df3c66c,1970-06-07,West Germany,DEU,Reinhard Libuda,19eb3307-5372-5b2a-a7a4-15832eac7f94,20,False,False
wc_history,WC-85725e91-7226-5ad3-85c1-23600df3c66c,1970-06-07,West Germany,DEU,Gerd Müller,cc40fa15-a4e1-53ff-8b63-30280ac05f5f,27,False,False
wc_history,WC-85725e91-7226-5ad3-85c1-23600df3c66c,1970-06-07,West Germany,DEU,Gerd Müller,cc40fa15-a4e1-53ff-8b63-30280ac05f5f,52,True,False
wc_history,WC-85725e91-7226-5ad3-85c1-23600df3c66c,1970-06-07,West Germany,DEU,Uwe Seeler,33864d66-d8d9-524b-a228-8e6849104a8d,67,False,False
wc_history,WC-85725e91-7226-5ad3-85c1-23600df3c66c,1970-06-07,West Germany,DEU,Gerd Müller,cc40fa15-a4e1-53ff-8b63-30280ac05f5f,88,False,False
wc_history,WC-85725e91-7226-5ad3-85c1-23600df3c66c,1970-06-07,Bulgaria,BGR,Todor Kolev,610f96e8-58d0-54e0-9fd2-15575d6b2881,89,False,False
wc_history,WC-866cf10f-7b77-5f7e-9234-554bc5feec36,1978-06-07,Austria,AUT,Hans Krankl,810a2961-81de-598e-bf3d-d44df3201b5c,42,True,False
wc_history,WC-87218e97-d069-56a6-a102-e6f9bf70d600,2002-06-14,Belgium,BEL,Johan Walem,fa3adc21-6d87-5d6f-96b3-caa3f638f3ef,7,False,False
wc_history,WC-87218e97-d069-56a6-a102-e6f9bf70d600,2002-06-14,Russia,RUS,Vladimir Beschastnykh,f8f60f74-0051-57be-9715-4897a8ebda6e,52,False,False
wc_history,WC-87218e97-d069-56a6-a102-e6f9bf70d600,2002-06-14,Belgium,BEL,Wesley Sonck,81efca44-d188-52a6-9cab-38d03b1b5e24,78,False,False
wc_history,WC-87218e97-d069-56a6-a102-e6f9bf70d600,2002-06-14,Belgium,BEL,Marc Wilmots,8fed4d5c-13dc-5300-a034-b291a86a69fd,82,False,False
wc_history,WC-87218e97-d069-56a6-a102-e6f9bf70d600,2002-06-14,Russia,RUS,Dmitri Sychev,b72f8f95-8905-57ae-9a60-f8d783f60712,88,False,False
wc_history,WC-8766ca20-1927-56ba-9f69-e72e30bda84c,2014-06-13,Spain,ESP,Xabi Alonso,465ffb3a-2db2-588a-a47a-a138a23ea7a2,27,True,False
wc_history,WC-8766ca20-1927-56ba-9f69-e72e30bda84c,2014-06-13,Netherlands,NLD,Robin van Persie,46b8935b-5f46-5667-94bf-ed8d885ea1d4,44,False,False
wc_history,WC-8766ca20-1927-56ba-9f69-e72e30bda84c,2014-06-13,Netherlands,NLD,Arjen Robben,750e2858-7c84-591a-8dd1-88c2cee16907,53,False,False
wc_history,WC-8766ca20-1927-56ba-9f69-e72e30bda84c,2014-06-13,Netherlands,NLD,Stefan de Vrij,3272e447-bd0f-5a94-b0b9-2414b9d0d614,64,False,False
wc_history,WC-8766ca20-1927-56ba-9f69-e72e30bda84c,2014-06-13,Netherlands,NLD,Robin van Persie,46b8935b-5f46-5667-94bf-ed8d885ea1d4,72,False,False
wc_history,WC-8766ca20-1927-56ba-9f69-e72e30bda84c,2014-06-13,Netherlands,NLD,Arjen Robben,750e2858-7c84-591a-8dd1-88c2cee16907,80,False,False
wc_history,WC-87d67a1d-c7a2-5ab2-960a-592320104190,1970-06-14,Brazil,BRA,Rivellino,692698be-20ec-53cf-a10c-586e82c1bc3a,11,False,False
wc_history,WC-87d67a1d-c7a2-5ab2-960a-592320104190,1970-06-14,Brazil,BRA,Tostão,a621047a-8ac1-5480-983e-2d2870434060,15,False,False
wc_history,WC-87d67a1d-c7a2-5ab2-960a-592320104190,1970-06-14,Peru,PER,Alberto Gallardo,a146f175-ea49-57c8-80eb-b0043d35250d,28,False,False
wc_history,WC-87d67a1d-c7a2-5ab2-960a-592320104190,1970-06-14,Brazil,BRA,Tostão,a621047a-8ac1-5480-983e-2d2870434060,52,False,False
wc_history,WC-87d67a1d-c7a2-5ab2-960a-592320104190,1970-06-14,Peru,PER,Teófilo Cubillas,9c3f4876-4e13-5142-bfd2-7b15191d853e,70,False,False
wc_history,WC-87d67a1d-c7a2-5ab2-960a-592320104190,1970-06-14,Brazil,BRA,Jairzinho,df7e95f2-669e-5d66-a9d7-99afeae3c90a,75,False,False
wc_history,WC-88581e64-95ad-5359-a84e-eee7ca711ffa,2006-06-09,Ecuador,ECU,Carlos Tenorio,bb2d16ed-5989-50e7-8fe1-45e0ab310e3a,24,False,False
wc_history,WC-88581e64-95ad-5359-a84e-eee7ca711ffa,2006-06-09,Ecuador,ECU,Agustín Delgado,c74c09f0-a170-57c7-a7e5-6cc7dc4f4f48,80,False,False
wc_history,WC-8878a931-c041-558f-8761-b6da4e7d0c4d,1954-07-04,Hungary,HUN,Ferenc Puskás,2ef77552-27cf-5b34-a9de-fa114011f2e1,6,False,False
wc_history,WC-8878a931-c041-558f-8761-b6da4e7d0c4d,1954-07-04,Hungary,HUN,Zoltán Czibor,8875789c-ae96-50b7-b948-de8f1f0588af,8,False,False
wc_history,WC-8878a931-c041-558f-8761-b6da4e7d0c4d,1954-07-04,West Germany,DEU,Max Morlock,2b4168b8-d118-5c4b-b319-97a405701619,10,False,False
wc_history,WC-8878a931-c041-558f-8761-b6da4e7d0c4d,1954-07-04,West Germany,DEU,Helmut Rahn,36594778-f2f8-5d20-99b1-2d245483f4ac,18,False,False
wc_history,WC-8878a931-c041-558f-8761-b6da4e7d0c4d,1954-07-04,West Germany,DEU,Helmut Rahn,36594778-f2f8-5d20-99b1-2d245483f4ac,84,False,False
wc_history,WC-889faae7-9a32-56c0-8d17-3895d954a13d,2022-12-10,France,FRA,Aurélien Tchouaméni,021a9c35-ff36-556d-87ce-03f9187eb28b,17,False,False
wc_history,WC-889faae7-9a32-56c0-8d17-3895d954a13d,2022-12-10,England,ENG,Harry Kane,9cf6c4fd-8cf5-5ba2-b963-ee29be578f7d,54,True,False
wc_history,WC-889faae7-9a32-56c0-8d17-3895d954a13d,2022-12-10,France,FRA,Olivier Giroud,344155a3-7453-539a-b0f9-5b780436c5bd,78,False,False
wc_history,WC-88a5f58e-603c-55cf-938f-e644e3bb08b0,1982-07-01,Northern Ireland,NIR,Billy Hamilton,913ef08f-0a59-5dd1-97de-aa3c0468f3a6,27,False,False
wc_history,WC-88a5f58e-603c-55cf-938f-e644e3bb08b0,1982-07-01,Austria,AUT,Bruno Pezzey,cd0159cc-06b9-5dd9-b806-3f4cd618163c,50,False,False
wc_history,WC-88a5f58e-603c-55cf-938f-e644e3bb08b0,1982-07-01,Austria,AUT,Reinhold Hintermaier,25604d8c-65fb-50ce-a9e5-ed7d23453c6e,68,False,False
wc_history,WC-88a5f58e-603c-55cf-938f-e644e3bb08b0,1982-07-01,Northern Ireland,NIR,Billy Hamilton,913ef08f-0a59-5dd1-97de-aa3c0468f3a6,75,False,False
wc_history,WC-8917821c-b1c8-5b3e-a7eb-6ab294ef0468,1938-06-05,Italy,ITA,Pietro Ferraris,c304ec1a-66cb-5a37-b649-8d3398184cc4,2,False,False
wc_history,WC-8917821c-b1c8-5b3e-a7eb-6ab294ef0468,1938-06-05,Norway,NOR,Arne Brustad,e1d220da-a706-5285-a290-08f77453a4e2,83,False,False
wc_history,WC-8917821c-b1c8-5b3e-a7eb-6ab294ef0468,1938-06-05,Italy,ITA,Silvio Piola,eb219028-4097-5f19-ba16-76ef34f3ee6b,94,False,False
wc_history,WC-896f29fd-2e53-59d2-86a9-77980310d1ec,1986-06-11,England,ENG,Gary Lineker,44c21d1a-7232-5642-8d8d-1607e5c0f026,9,False,False
wc_history,WC-896f29fd-2e53-59d2-86a9-77980310d1ec,1986-06-11,England,ENG,Gary Lineker,44c21d1a-7232-5642-8d8d-1607e5c0f026,14,False,False
wc_history,WC-896f29fd-2e53-59d2-86a9-77980310d1ec,1986-06-11,England,ENG,Gary Lineker,44c21d1a-7232-5642-8d8d-1607e5c0f026,34,False,False
wc_history,WC-8985e015-b647-58ff-b50a-17d2e61ba3c7,2002-06-25,Germany,DEU,Michael Ballack,ced238d5-92c7-5107-8d27-5dc8867d98cc,75,False,False
wc_history,WC-8995442b-8a5c-536a-9948-7632b6392e10,1974-07-03,East Germany,DDR,Joachim Streich,210f451e-4247-55af-8ef6-440e182ca03f,14,False,False
wc_history,WC-8995442b-8a5c-536a-9948-7632b6392e10,1974-07-03,Argentina,ARG,René Houseman,9a53ccc5-5801-5c59-b589-938c87f0d68f,20,False,False
wc_history,WC-89d92cfa-e95c-5f6d-9d14-a41057125c98,1982-06-17,Czechoslovakia,CSK,Antonín Panenka,58c57889-e8a0-5b80-90df-62f346ff3ca5,21,True,False
wc_history,WC-89d92cfa-e95c-5f6d-9d14-a41057125c98,1982-06-17,Kuwait,KWT,Faisal Al-Dakhil,1a2ff9a7-a1dc-5b4a-87ad-8e3e0834532d,57,False,False
wc_history,WC-89e0bb8c-f20a-5bde-a61e-e3653c54060e,2014-06-15,Argentina,ARG,Sead Kolašinac,1eec0a03-c223-53ad-816f-6ea836c9a2aa,3,False,True
wc_history,WC-89e0bb8c-f20a-5bde-a61e-e3653c54060e,2014-06-15,Argentina,ARG,Lionel Messi,815f9a08-b302-5959-bf1a-759cf2a34a56,65,False,False
wc_history,WC-89e0bb8c-f20a-5bde-a61e-e3653c54060e,2014-06-15,Bosnia and Herzegovina,BIH,Vedad Ibišević,7cd206eb-daf0-537c-b41d-8e6b890e43db,85,False,False
wc_history,WC-8a0eda2f-ff09-56fe-9052-c51c309662ce,1990-06-18,Argentina,ARG,Pedro Monzón,3154ca0c-351b-5c3f-b563-65c121ea12a3,62,False,False
wc_history,WC-8a0eda2f-ff09-56fe-9052-c51c309662ce,1990-06-18,Romania,ROU,Gabi Balint,ed75d11a-c272-5afe-9793-407f0e99e95a,68,False,False
wc_history,WC-8b6032a2-1912-52b0-bed8-9cdb0c9c7f4b,1938-06-12,Sweden,SWE,Harry Andersson,e19c8219-daf2-5be9-b1a2-19e7c0090316,9,False,False
wc_history,WC-8b6032a2-1912-52b0-bed8-9cdb0c9c7f4b,1938-06-12,Sweden,SWE,Gustav Wetterström,8ac38955-2cb8-5b93-876a-37b8f959b0ec,22,False,False
wc_history,WC-8b6032a2-1912-52b0-bed8-9cdb0c9c7f4b,1938-06-12,Sweden,SWE,Gustav Wetterström,8ac38955-2cb8-5b93-876a-37b8f959b0ec,37,False,False
wc_history,WC-8b6032a2-1912-52b0-bed8-9cdb0c9c7f4b,1938-06-12,Sweden,SWE,Gustav Wetterström,8ac38955-2cb8-5b93-876a-37b8f959b0ec,44,False,False
wc_history,WC-8b6032a2-1912-52b0-bed8-9cdb0c9c7f4b,1938-06-12,Sweden,SWE,Tore Keller,73a69b01-0bdc-5321-b955-f6fa6f38173f,80,False,False
wc_history,WC-8b6032a2-1912-52b0-bed8-9cdb0c9c7f4b,1938-06-12,Sweden,SWE,Harry Andersson,e19c8219-daf2-5be9-b1a2-19e7c0090316,81,False,False
wc_history,WC-8b6032a2-1912-52b0-bed8-9cdb0c9c7f4b,1938-06-12,Sweden,SWE,Arne Nyberg,b18b6dc6-385a-516b-9973-c7825abeb766,84,False,False
wc_history,WC-8b6032a2-1912-52b0-bed8-9cdb0c9c7f4b,1938-06-12,Sweden,SWE,Harry Andersson,e19c8219-daf2-5be9-b1a2-19e7c0090316,89,False,False
wc_history,WC-8b65b310-010b-5e88-b464-84df79964e37,2006-06-30,Italy,ITA,Gianluca Zambrotta,2d2c5b5a-0852-5f6d-ba6a-8d85943ca5e1,6,False,False
wc_history,WC-8b65b310-010b-5e88-b464-84df79964e37,2006-06-30,Italy,ITA,Luca Toni,e7a17a28-ed3b-5a3a-b88a-f906360ee5d5,59,False,False
wc_history,WC-8b65b310-010b-5e88-b464-84df79964e37,2006-06-30,Italy,ITA,Luca Toni,e7a17a28-ed3b-5a3a-b88a-f906360ee5d5,69,False,False
wc_history,WC-8bd3eee6-1ad2-56e1-bdb9-2aed69afc9b4,1966-07-16,England,ENG,Bobby Charlton,047a87a6-661e-5256-9dab-e8a67f44b73c,37,False,False
wc_history,WC-8bd3eee6-1ad2-56e1-bdb9-2aed69afc9b4,1966-07-16,England,ENG,Roger Hunt,0a957de4-47b3-5486-8468-6c40e85b8c43,75,False,False
wc_history,WC-8c49bdcf-94b0-50b2-9319-dfe61385749f,2018-06-30,France,FRA,Antoine Griezmann,b0e9893a-85a2-5be7-b3fc-19822921599c,13,True,False
wc_history,WC-8c49bdcf-94b0-50b2-9319-dfe61385749f,2018-06-30,Argentina,ARG,Ángel Di María,41bd6408-16fa-582b-9225-c08c488dd8d0,41,False,False
wc_history,WC-8c49bdcf-94b0-50b2-9319-dfe61385749f,2018-06-30,Argentina,ARG,Gabriel Mercado,2cea02ff-8b56-5ffe-9ce8-d4c744bfbc5d,48,False,False
wc_history,WC-8c49bdcf-94b0-50b2-9319-dfe61385749f,2018-06-30,France,FRA,Benjamin Pavard,7b241f26-449b-59fd-9372-119c2d435f6f,57,False,False
wc_history,WC-8c49bdcf-94b0-50b2-9319-dfe61385749f,2018-06-30,France,FRA,Kylian Mbappé,3ea58353-474b-5011-a28c-af53e448cfc5,64,False,False
wc_history,WC-8c49bdcf-94b0-50b2-9319-dfe61385749f,2018-06-30,France,FRA,Kylian Mbappé,3ea58353-474b-5011-a28c-af53e448cfc5,68,False,False
wc_history,WC-8c49bdcf-94b0-50b2-9319-dfe61385749f,2018-06-30,Argentina,ARG,Sergio Agüero,af46def5-ccd3-5925-91e3-a872c02fea51,90'+3,False,False
wc_history,WC-8c9e6a8a-12da-5639-b398-5dc83b814d1e,1934-06-01,Italy,ITA,Giuseppe Meazza,c761c516-0d32-56d4-bcbe-8a9019248acf,11,False,False
wc_history,WC-8c9f6cea-1329-5db7-a661-363ea7125453,1986-06-25,West Germany,DEU,Andreas Brehme,704afd5b-1504-575d-8218-b69e1bc1fca8,9,False,False
wc_history,WC-8c9f6cea-1329-5db7-a661-363ea7125453,1986-06-25,West Germany,DEU,Rudi Völler,d92fe933-854a-52df-9015-5bc93142cc02,90,False,False
wc_history,WC-8cf59189-3c29-5335-86c5-af51c5026ef5,2010-06-24,Netherlands,NLD,Robin van Persie,46b8935b-5f46-5667-94bf-ed8d885ea1d4,36,False,False
wc_history,WC-8cf59189-3c29-5335-86c5-af51c5026ef5,2010-06-24,Cameroon,CMR,Samuel Eto'o,d5c72b31-5d11-5935-ad72-d3db31180f95,65,True,False
wc_history,WC-8cf59189-3c29-5335-86c5-af51c5026ef5,2010-06-24,Netherlands,NLD,Klaas-Jan Huntelaar,9d207795-8b84-58fd-9c84-6082ea13c366,83,False,False
wc_history,WC-8cf7900b-3dbf-53a9-8826-b6d205258ffa,1990-06-12,Belgium,BEL,Marc Degryse,3ef8fba7-ffb5-5532-8993-f5d2b346e6e4,53,False,False
wc_history,WC-8cf7900b-3dbf-53a9-8826-b6d205258ffa,1990-06-12,Belgium,BEL,Michel De Wolf,1bf94d16-a897-533e-b2e3-fa42db9117e2,64,False,False
wc_history,WC-8dd78681-831a-5d53-adf9-b3daaa2efbe7,1994-07-02,Spain,ESP,Fernando Hierro,eeb4eadb-5ff1-5396-9016-1114c1431539,15,False,False
wc_history,WC-8dd78681-831a-5d53-adf9-b3daaa2efbe7,1994-07-02,Spain,ESP,Luis Enrique,cdd14a3e-985b-5748-91d5-da7c588498d3,74,False,False
wc_history,WC-8dd78681-831a-5d53-adf9-b3daaa2efbe7,1994-07-02,Spain,ESP,Txiki Begiristain,88624fad-c1ab-5d0c-929d-85e6b02ca2c5,86,True,False
wc_history,WC-8e30139d-48bc-5c7e-8248-5cbcc906a380,1930-07-26,Argentina,ARG,Luis Monti,5d806b82-5f39-5fe4-b18c-5c583b38adfd,20,False,False
wc_history,WC-8e30139d-48bc-5c7e-8248-5cbcc906a380,1930-07-26,Argentina,ARG,Alejandro Scopelli,3e083d80-b12c-5d6b-b5a3-167937159f3b,56,False,False
wc_history,WC-8e30139d-48bc-5c7e-8248-5cbcc906a380,1930-07-26,Argentina,ARG,Guillermo Stábile,f6c4e5f2-079c-5b10-a65b-20cc9f1b74a6,69,False,False
wc_history,WC-8e30139d-48bc-5c7e-8248-5cbcc906a380,1930-07-26,Argentina,ARG,Carlos Peucelle,10ab2375-b1a6-59ef-95f6-eb5e69ba2c0e,80,False,False
wc_history,WC-8e30139d-48bc-5c7e-8248-5cbcc906a380,1930-07-26,Argentina,ARG,Carlos Peucelle,10ab2375-b1a6-59ef-95f6-eb5e69ba2c0e,85,False,False
wc_history,WC-8e30139d-48bc-5c7e-8248-5cbcc906a380,1930-07-26,Argentina,ARG,Guillermo Stábile,f6c4e5f2-079c-5b10-a65b-20cc9f1b74a6,87,False,False
wc_history,WC-8e30139d-48bc-5c7e-8248-5cbcc906a380,1930-07-26,United States,USA,Jim Brown,fa97a585-8e84-5616-8bbe-104ed80b5dc6,89,False,False
wc_history,WC-8e7a91d7-04df-52af-ad5a-15d74c13cdb0,1962-06-10,Czechoslovakia,CSK,Adolf Scherer,7146f07c-06b0-512a-ac48-e93e4df486e1,13,False,False
wc_history,WC-8ed6c870-7c8e-580d-b0c5-6996f38f2773,1994-06-29,Netherlands,NLD,Dennis Bergkamp,0d3e14b3-7fa2-5e1c-b09e-06c467689d11,43,False,False
wc_history,WC-8ed6c870-7c8e-580d-b0c5-6996f38f2773,1994-06-29,Morocco,MAR,Hassan Nader,6de29a88-1b5a-583d-88f6-20e7ef938f04,47,False,False
wc_history,WC-8ed6c870-7c8e-580d-b0c5-6996f38f2773,1994-06-29,Netherlands,NLD,Bryan Roy,4f3359e4-3901-5e04-8d8f-9a64519e2746,77,False,False
wc_history,WC-8eebcc5d-c99d-5dd1-99d8-7e446f4c21f3,2002-06-08,South Africa,ZAF,Siyabonga Nomvethe,cc4354c4-158c-5026-80b6-7901055fe8b5,4,False,False
wc_history,WC-8efbb533-77fd-5906-a5cc-b46e0db31208,1982-06-18,Scotland,SCO,David Narey,c6dd28d3-391c-5b31-a8db-a3762ccbed28,18,False,False
wc_history,WC-8efbb533-77fd-5906-a5cc-b46e0db31208,1982-06-18,Brazil,BRA,Zico,d05e7f02-78df-5ff0-adf8-1629609e1606,33,False,False
wc_history,WC-8efbb533-77fd-5906-a5cc-b46e0db31208,1982-06-18,Brazil,BRA,Oscar,62de0b12-01e7-5048-a2ef-9e83a1a5e217,48,False,False
wc_history,WC-8efbb533-77fd-5906-a5cc-b46e0db31208,1982-06-18,Brazil,BRA,Éder,27479abc-5f6c-5062-8359-4bbe4a8374b9,63,False,False
wc_history,WC-8efbb533-77fd-5906-a5cc-b46e0db31208,1982-06-18,Brazil,BRA,Falcão,45dd8982-0ede-52d1-beed-054c0857974b,87,False,False
wc_history,WC-8f401657-b567-58e2-b290-d563c52a701f,2018-06-25,Uruguay,URY,Luis Suárez,e5ec2cba-2a38-5a44-ba9d-0ca9a219e723,10,False,False
wc_history,WC-8f401657-b567-58e2-b290-d563c52a701f,2018-06-25,Uruguay,URY,Denis Cheryshev,0a7b8993-f8c5-5286-98db-74d23d17a513,23,False,True
wc_history,WC-8f401657-b567-58e2-b290-d563c52a701f,2018-06-25,Uruguay,URY,Edinson Cavani,89e49b88-022e-59bc-991f-32a3defd76d6,90,False,False
wc_history,WC-8ffeb09a-54a7-5784-bf86-1d9ea65a05d3,1998-06-28,Denmark,DNK,Peter Møller,aeaaece7-d9bd-5206-b0f6-8234c1f3b0d5,3,False,False
wc_history,WC-8ffeb09a-54a7-5784-bf86-1d9ea65a05d3,1998-06-28,Denmark,DNK,Brian Laudrup,65b7d45a-b456-5106-bd9a-0912abd1246c,12,False,False
wc_history,WC-8ffeb09a-54a7-5784-bf86-1d9ea65a05d3,1998-06-28,Denmark,DNK,Ebbe Sand,01cca200-3e39-548e-866a-7aef7d3f0f43,58,False,False
wc_history,WC-8ffeb09a-54a7-5784-bf86-1d9ea65a05d3,1998-06-28,Denmark,DNK,Thomas Helveg,847478d7-84fb-5ad3-8e86-4b54a8eee96d,76,False,False
wc_history,WC-8ffeb09a-54a7-5784-bf86-1d9ea65a05d3,1998-06-28,Nigeria,NGA,Tijani Babangida,80036367-c86c-51d6-a7dd-851dd7bae220,77,False,False
wc_history,WC-9051a0bb-60ec-5ba3-a522-0087cc4d91e1,2002-06-04,Belgium,BEL,Marc Wilmots,8fed4d5c-13dc-5300-a034-b291a86a69fd,57,False,False
wc_history,WC-9051a0bb-60ec-5ba3-a522-0087cc4d91e1,2002-06-04,Japan,JPN,Takayuki Suzuki,42b79735-ec9b-554f-aeb5-9cfa3d842f19,59,False,False
wc_history,WC-9051a0bb-60ec-5ba3-a522-0087cc4d91e1,2002-06-04,Japan,JPN,Junichi Inamoto,2d906b3d-0e4b-5513-a482-5fe0848b1b19,67,False,False
wc_history,WC-9051a0bb-60ec-5ba3-a522-0087cc4d91e1,2002-06-04,Belgium,BEL,Peter Van der Heyden,618d66cf-710a-59a0-80ad-5e37ecf4d7d5,75,False,False
wc_history,WC-90c9bfe2-5624-5d6e-9f79-fb9c9e4bf869,1962-06-07,Yugoslavia,YUG,Milan Galić,ad4d76cc-caf9-5114-98f6-0ec5ef8bca62,20,False,False
wc_history,WC-90c9bfe2-5624-5d6e-9f79-fb9c9e4bf869,1962-06-07,Yugoslavia,YUG,Dražan Jerković,75b3b90f-aa66-5aab-b80d-4beb9c53b59f,25,False,False
wc_history,WC-90c9bfe2-5624-5d6e-9f79-fb9c9e4bf869,1962-06-07,Yugoslavia,YUG,Milan Galić,ad4d76cc-caf9-5114-98f6-0ec5ef8bca62,61,False,False
wc_history,WC-90c9bfe2-5624-5d6e-9f79-fb9c9e4bf869,1962-06-07,Yugoslavia,YUG,Vojislav Melić,7b3b90ba-d7b8-59e7-948e-fffa79458af0,82,False,False
wc_history,WC-90c9bfe2-5624-5d6e-9f79-fb9c9e4bf869,1962-06-07,Yugoslavia,YUG,Dražan Jerković,75b3b90f-aa66-5aab-b80d-4beb9c53b59f,87,False,False
wc_history,WC-91bd493c-f56a-5e35-82b9-09cdcccd6c7d,2022-12-04,France,FRA,Olivier Giroud,344155a3-7453-539a-b0f9-5b780436c5bd,44,False,False
wc_history,WC-91bd493c-f56a-5e35-82b9-09cdcccd6c7d,2022-12-04,France,FRA,Kylian Mbappé,3ea58353-474b-5011-a28c-af53e448cfc5,74,False,False
wc_history,WC-91bd493c-f56a-5e35-82b9-09cdcccd6c7d,2022-12-04,France,FRA,Kylian Mbappé,3ea58353-474b-5011-a28c-af53e448cfc5,90'+1,False,False
wc_history,WC-91bd493c-f56a-5e35-82b9-09cdcccd6c7d,2022-12-04,Poland,POL,Robert Lewandowski,dbecf2cb-9ac6-5f95-af00-5760519fd634,90'+9,True,False
wc_history,WC-91d32a8e-38cd-502f-88a1-f2253536d8cb,1994-07-10,Sweden,SWE,Tomas Brolin,9c7f4c77-f721-55ac-9759-72865ba0464c,78,False,False
wc_history,WC-91d32a8e-38cd-502f-88a1-f2253536d8cb,1994-07-10,Romania,ROU,Florin Răducioiu,7ce61297-ba10-5b5d-9ad2-200c66aa124c,88,False,False
wc_history,WC-91d32a8e-38cd-502f-88a1-f2253536d8cb,1994-07-10,Romania,ROU,Florin Răducioiu,7ce61297-ba10-5b5d-9ad2-200c66aa124c,101,False,False
wc_history,WC-91d32a8e-38cd-502f-88a1-f2253536d8cb,1994-07-10,Sweden,SWE,Kennet Andersson,f6804938-78a2-5570-827f-457accc951ec,115,False,False
wc_history,WC-922c2005-27c6-51da-b8ef-936c1f4d3f4f,1970-06-11,England,ENG,Allan Clarke,e08bff93-d6dc-5c74-9444-1cc7742e4afb,50,True,False
wc_history,WC-92570e96-9d9e-5330-b104-b43a8ff6620f,2010-06-16,Switzerland,CHE,Gélson Fernandes,15914899-b4b9-5183-9af0-220da395195a,52,False,False
wc_history,WC-92b86148-b428-5848-81f1-ec56dbb137e5,1958-06-17,Hungary,HUN,Lajos Tichy,f01a3f99-edea-5c4e-aa7a-9a814b141f3f,33,False,False
wc_history,WC-92b86148-b428-5848-81f1-ec56dbb137e5,1958-06-17,Wales,WAL,Ivor Allchurch,0db683ef-07f8-5422-88e4-a170e770e65b,55,False,False
wc_history,WC-92b86148-b428-5848-81f1-ec56dbb137e5,1958-06-17,Wales,WAL,Terry Medwin,f06a6963-50b7-58f6-a545-08f01ae19a9c,76,False,False
wc_history,WC-9317d181-4ef9-5442-81e6-98b7a69157be,2022-11-24,Portugal,PRT,Cristiano Ronaldo,d3c07451-e83b-55e6-a734-7ec19f9e1083,65,True,False
wc_history,WC-9317d181-4ef9-5442-81e6-98b7a69157be,2022-11-24,Ghana,GHA,André Ayew,bcb11254-d4ff-5040-bf3e-7c12ef61f447,73,False,False
wc_history,WC-9317d181-4ef9-5442-81e6-98b7a69157be,2022-11-24,Portugal,PRT,João Félix,650b5c5a-ecb1-5dce-a283-9e34874b8721,78,False,False
wc_history,WC-9317d181-4ef9-5442-81e6-98b7a69157be,2022-11-24,Portugal,PRT,Rafael Leão,ec62bd5a-1969-528e-ab74-b283d6a100b5,80,False,False
wc_history,WC-9317d181-4ef9-5442-81e6-98b7a69157be,2022-11-24,Ghana,GHA,Osman Bukari,8b6b87af-ccc4-5477-8aae-4acb810b9177,89,False,False
wc_history,WC-93897f44-3495-584a-b072-240d2e0939aa,2002-06-02,Spain,ESP,Raúl,e68bbebd-6ce8-5d08-823f-12968274ea01,44,False,False
wc_history,WC-93897f44-3495-584a-b072-240d2e0939aa,2002-06-02,Spain,ESP,Juan Carlos Valerón,b0f1951b-25dc-51ef-bf10-9c2a64469827,74,False,False
wc_history,WC-93897f44-3495-584a-b072-240d2e0939aa,2002-06-02,Slovenia,SVN,Sebastjan Cimirotič,cc8ab51d-c028-5fc3-b420-dad3d21d240d,82,False,False
wc_history,WC-93897f44-3495-584a-b072-240d2e0939aa,2002-06-02,Spain,ESP,Fernando Hierro,eeb4eadb-5ff1-5396-9016-1114c1431539,87,True,False
wc_history,WC-93cd0acb-7580-57cf-a8fc-5d76423c8613,2010-06-18,Serbia,SRB,Milan Jovanović,c1b40d1f-90b3-5e68-a3ce-8470defd06c8,38,False,False
wc_history,WC-93fa8bc5-e979-57b9-bd60-1d01886281ad,1966-07-28,Portugal,PRT,Eusébio,348022e6-d570-5426-8c84-59a7656e69f8,12,True,False
wc_history,WC-93fa8bc5-e979-57b9-bd60-1d01886281ad,1966-07-28,Soviet Union,SUN,Eduard Malofeyev,b7ec0fd8-ee42-54ca-add9-4f89b2ac975f,43,False,False
wc_history,WC-93fa8bc5-e979-57b9-bd60-1d01886281ad,1966-07-28,Portugal,PRT,José Torres,b35981ff-6fc9-5878-ad72-b38c04e51ba9,89,False,False
wc_history,WC-9462e8a1-fb22-5542-a318-9ab4738a9017,1994-06-24,Russia,RUS,Oleg Salenko,9bfb3cf2-2b39-56fe-80fa-00555f10c249,4,True,False
wc_history,WC-9462e8a1-fb22-5542-a318-9ab4738a9017,1994-06-24,Sweden,SWE,Tomas Brolin,9c7f4c77-f721-55ac-9759-72865ba0464c,39,True,False
wc_history,WC-9462e8a1-fb22-5542-a318-9ab4738a9017,1994-06-24,Sweden,SWE,Martin Dahlin,e0cf3e1e-2c27-50a7-8a7a-15a414240b19,60,False,False
wc_history,WC-9462e8a1-fb22-5542-a318-9ab4738a9017,1994-06-24,Sweden,SWE,Martin Dahlin,e0cf3e1e-2c27-50a7-8a7a-15a414240b19,82,False,False
wc_history,WC-949ea947-5489-5d9c-a04f-e97003c9340e,2010-06-14,Paraguay,PRY,Antolín Alcaraz,89a7ed00-6746-51d4-90a3-2c36bcf8687f,39,False,False
wc_history,WC-949ea947-5489-5d9c-a04f-e97003c9340e,2010-06-14,Italy,ITA,Daniele De Rossi,114f5189-4407-5803-9e1e-405fb7054451,63,False,False
wc_history,WC-94ef2d87-d964-57e7-b7b8-6b54dfe04717,2002-06-04,South Korea,KOR,Sun-hong Hwang,9c6df43a-2450-5242-9228-e470b32fb61d,26,False,False
wc_history,WC-94ef2d87-d964-57e7-b7b8-6b54dfe04717,2002-06-04,South Korea,KOR,Sang-chul Yoo,dd14e043-84cf-5bb2-882e-9c8f46ab6722,53,False,False
wc_history,WC-95c5473f-61ae-5eae-a7cc-ccf4ea79302c,1994-06-17,Spain,ESP,Julio Salinas,d6befdd0-58a9-52ee-a09f-c36ddcf91ca0,51,False,False
wc_history,WC-95c5473f-61ae-5eae-a7cc-ccf4ea79302c,1994-06-17,Spain,ESP,Andoni Goikoetxea,e096c5a1-1ded-5190-948d-320f3e0b8c0c,55,False,False
wc_history,WC-95c5473f-61ae-5eae-a7cc-ccf4ea79302c,1994-06-17,South Korea,KOR,Myung-bo Hong,57cda019-5723-50c3-b65a-c9d43cb4a66f,85,False,False
wc_history,WC-95c5473f-61ae-5eae-a7cc-ccf4ea79302c,1994-06-17,South Korea,KOR,Jung-won Seo,6cfde1d5-b10b-5e02-ae4d-cc75d49140f8,90,False,False
wc_history,WC-95f6ea5d-e9c1-5ec0-9f73-3bcaa598f1e0,2022-11-20,Ecuador,ECU,Enner Valencia,33aea20b-a768-5265-9967-8826559c86c9,16,True,False
wc_history,WC-95f6ea5d-e9c1-5ec0-9f73-3bcaa598f1e0,2022-11-20,Ecuador,ECU,Enner Valencia,33aea20b-a768-5265-9967-8826559c86c9,31,False,False
wc_history,WC-962036e6-b8cf-51d6-a29a-9c76fc6c5f64,1974-06-23,Argentina,ARG,Héctor Yazalde,1ca71674-40a3-532a-926c-97141d933a01,15,False,False
wc_history,WC-962036e6-b8cf-51d6-a29a-9c76fc6c5f64,1974-06-23,Argentina,ARG,René Houseman,9a53ccc5-5801-5c59-b589-938c87f0d68f,18,False,False
wc_history,WC-962036e6-b8cf-51d6-a29a-9c76fc6c5f64,1974-06-23,Argentina,ARG,Rubén Ayala,02825be2-4d93-5f62-9772-b0de720ea266,55,False,False
wc_history,WC-962036e6-b8cf-51d6-a29a-9c76fc6c5f64,1974-06-23,Haiti,HTI,Emmanuel Sanon,715dc59a-f1c5-55e2-94b3-ab7417f7c4ce,63,False,False
wc_history,WC-962036e6-b8cf-51d6-a29a-9c76fc6c5f64,1974-06-23,Argentina,ARG,Héctor Yazalde,1ca71674-40a3-532a-926c-97141d933a01,68,False,False
wc_history,WC-96291852-e973-5a14-bf21-ba8aad17c6bb,2006-07-04,Italy,ITA,Fabio Grosso,82dc87b3-9ac6-5c5a-857a-2827872108ea,119,False,False
wc_history,WC-96291852-e973-5a14-bf21-ba8aad17c6bb,2006-07-04,Italy,ITA,Alessandro Del Piero,3cc6bfda-81a3-5669-a0ec-8099abdcac67,120'+1,False,False
wc_history,WC-962bf156-6c35-5346-bda5-40e28a147751,2002-06-26,Brazil,BRA,Ronaldo,c6d7a149-4d7b-59f8-8b38-6acaa67f72f5,49,False,False
wc_history,WC-967728cc-82a3-5806-835b-14d612bcee20,1986-06-17,West Germany,DEU,Lothar Matthäus,c5dc8e1e-4f86-5c6f-9098-d6c12c30580f,87,False,False
wc_history,WC-9692c0cd-0107-56ea-9b4f-7e06260921d6,2018-06-19,Senegal,SEN,Thiago Cionek,8875a2d8-61f9-550e-9ed3-20a376b6263a,37,False,True
wc_history,WC-9692c0cd-0107-56ea-9b4f-7e06260921d6,2018-06-19,Senegal,SEN,M'Baye Niang,c116420f-628d-5c77-98ff-eaebe4ca2ead,60,False,False
wc_history,WC-9692c0cd-0107-56ea-9b4f-7e06260921d6,2018-06-19,Poland,POL,Grzegorz Krychowiak,19280f2d-c60e-597e-b103-99196d1c0b1c,86,False,False
wc_history,WC-969dd2bf-536d-54ac-b309-70d3ddca00e2,1950-07-02,Chile,CHL,George Robledo,3ea73da2-b9c4-5e91-902f-17ce5522758e,16,False,False
wc_history,WC-969dd2bf-536d-54ac-b309-70d3ddca00e2,1950-07-02,Chile,CHL,Atilio Cremaschi,8e96f395-439f-5c18-a26c-e449f374f9db,32,False,False
wc_history,WC-969dd2bf-536d-54ac-b309-70d3ddca00e2,1950-07-02,United States,USA,Frank Wallace,4616b111-16ec-5c97-910b-1fee79648d4b,47,False,False
wc_history,WC-969dd2bf-536d-54ac-b309-70d3ddca00e2,1950-07-02,United States,USA,Joe Maca,ace30e7e-6d20-572d-8795-082318090d3b,48,True,False
wc_history,WC-969dd2bf-536d-54ac-b309-70d3ddca00e2,1950-07-02,Chile,CHL,Andrés Prieto,b8313435-44e6-5f78-807f-d2702278ba9a,54,False,False
wc_history,WC-969dd2bf-536d-54ac-b309-70d3ddca00e2,1950-07-02,Chile,CHL,Atilio Cremaschi,8e96f395-439f-5c18-a26c-e449f374f9db,60,False,False
wc_history,WC-969dd2bf-536d-54ac-b309-70d3ddca00e2,1950-07-02,Chile,CHL,Fernando Riera,cd021a22-726c-527f-b143-7fa5c098a01a,82,False,False
wc_history,WC-96ac9274-712c-5203-90f4-cd293715fec4,1950-07-13,Brazil,BRA,Ademir,8b08b945-5e20-5acc-8c9c-966a53f587ab,15,False,False
wc_history,WC-96ac9274-712c-5203-90f4-cd293715fec4,1950-07-13,Brazil,BRA,Jair,e90b7ad6-4aec-5116-b386-323fe57374b8,21,False,False
wc_history,WC-96ac9274-712c-5203-90f4-cd293715fec4,1950-07-13,Brazil,BRA,Chico,8258d97d-4551-5500-a13a-af91feffa26a,31,False,False
wc_history,WC-96ac9274-712c-5203-90f4-cd293715fec4,1950-07-13,Brazil,BRA,Chico,8258d97d-4551-5500-a13a-af91feffa26a,55,False,False
wc_history,WC-96ac9274-712c-5203-90f4-cd293715fec4,1950-07-13,Brazil,BRA,Ademir,8b08b945-5e20-5acc-8c9c-966a53f587ab,57,False,False
wc_history,WC-96ac9274-712c-5203-90f4-cd293715fec4,1950-07-13,Brazil,BRA,Zizinho,0c802a31-5ee8-5dc5-9380-19d98be44653,67,False,False
wc_history,WC-96ac9274-712c-5203-90f4-cd293715fec4,1950-07-13,Spain,ESP,Silvestre Igoa,2051fe3a-4ef3-516f-854b-8cd9a7a1cf44,71,False,False
wc_history,WC-96f53b0f-802b-5289-9893-94e2bf72a71b,1954-06-19,Yugoslavia,YUG,Branko Zebec,8840023d-9f5d-59d6-91d6-2d841c728bf4,48,False,False
wc_history,WC-96f53b0f-802b-5289-9893-94e2bf72a71b,1954-06-19,Brazil,BRA,Didi,ce802b5f-41cb-5713-a978-71f5ecfdf738,69,False,False
wc_history,WC-9741df97-b609-5ecc-a4fd-e45d5858fdc0,2014-06-18,Croatia,HRV,Ivica Olić,a7fd85a0-d0fa-5672-bfa8-7ab9958ae640,11,False,False
wc_history,WC-9741df97-b609-5ecc-a4fd-e45d5858fdc0,2014-06-18,Croatia,HRV,Ivan Perišić,1bc7347e-8e0e-5bff-a61f-2cf481f4a409,48,False,False
wc_history,WC-9741df97-b609-5ecc-a4fd-e45d5858fdc0,2014-06-18,Croatia,HRV,Mario Mandžukić,207b16e4-8459-55a8-9a25-e85106605f58,61,False,False
wc_history,WC-9741df97-b609-5ecc-a4fd-e45d5858fdc0,2014-06-18,Croatia,HRV,Mario Mandžukić,207b16e4-8459-55a8-9a25-e85106605f58,73,False,False
wc_history,WC-97a08a0f-016f-5a98-b4c0-6995e892b568,2014-07-12,Netherlands,NLD,Robin van Persie,46b8935b-5f46-5667-94bf-ed8d885ea1d4,3,True,False
wc_history,WC-97a08a0f-016f-5a98-b4c0-6995e892b568,2014-07-12,Netherlands,NLD,Daley Blind,debbf902-6fba-5e0c-9d60-db80b5666e91,17,False,False
wc_history,WC-97a08a0f-016f-5a98-b4c0-6995e892b568,2014-07-12,Netherlands,NLD,Georginio Wijnaldum,c191d74d-7a26-5268-8ddd-7924700e31d9,90'+1,False,False
wc_history,WC-97d383e7-5f2b-550f-8aaf-6443ecd2e03d,1958-06-15,Northern Ireland,NIR,Peter McParland,25311fa5-4cb1-5866-a300-1dfe8f9925d2,18,False,False
wc_history,WC-97d383e7-5f2b-550f-8aaf-6443ecd2e03d,1958-06-15,West Germany,DEU,Helmut Rahn,36594778-f2f8-5d20-99b1-2d245483f4ac,20,False,False
wc_history,WC-97d383e7-5f2b-550f-8aaf-6443ecd2e03d,1958-06-15,Northern Ireland,NIR,Peter McParland,25311fa5-4cb1-5866-a300-1dfe8f9925d2,60,False,False
wc_history,WC-97d383e7-5f2b-550f-8aaf-6443ecd2e03d,1958-06-15,West Germany,DEU,Uwe Seeler,33864d66-d8d9-524b-a228-8e6849104a8d,78,False,False
wc_history,WC-97fe5f7d-f078-5bb0-a453-cda5ea9f83f1,2018-06-17,Serbia,SRB,Aleksandar Kolarov,26a10a35-395d-50fe-b538-5012c12c3957,56,False,False
wc_history,WC-986c86e0-8849-57d7-b542-e6cc5acaa170,2006-06-20,Costa Rica,CRI,Rónald Gómez,cb0f7fde-257a-574b-a495-bfe09f8f10ca,25,False,False
wc_history,WC-986c86e0-8849-57d7-b542-e6cc5acaa170,2006-06-20,Poland,POL,Bartosz Bosacki,d0d99ea1-797e-5ed4-bc15-e666ebeb2d51,33,False,False
wc_history,WC-986c86e0-8849-57d7-b542-e6cc5acaa170,2006-06-20,Poland,POL,Bartosz Bosacki,d0d99ea1-797e-5ed4-bc15-e666ebeb2d51,65,False,False
wc_history,WC-987726b7-5863-5eca-8fe2-897bea644f3a,2006-06-14,Spain,ESP,Xabi Alonso,465ffb3a-2db2-588a-a47a-a138a23ea7a2,13,False,False
wc_history,WC-987726b7-5863-5eca-8fe2-897bea644f3a,2006-06-14,Spain,ESP,David Villa,2b9ca28d-1a77-58e2-b9c9-bed97e2a8233,17,False,False
wc_history,WC-987726b7-5863-5eca-8fe2-897bea644f3a,2006-06-14,Spain,ESP,David Villa,2b9ca28d-1a77-58e2-b9c9-bed97e2a8233,48,True,False
wc_history,WC-987726b7-5863-5eca-8fe2-897bea644f3a,2006-06-14,Spain,ESP,Fernando Torres,b85e7087-e663-5790-aef6-a1bda34bef73,81,False,False
wc_history,WC-98a50d6f-b02d-5835-9cbd-2829a6ffa999,1994-06-23,Italy,ITA,Dino Baggio,8f0fa7c8-436b-58e5-bacd-e9aadab1e543,69,False,False
wc_history,WC-99183801-2a01-55c3-8135-15f86d01613a,2010-06-21,Spain,ESP,David Villa,2b9ca28d-1a77-58e2-b9c9-bed97e2a8233,17,False,False
wc_history,WC-99183801-2a01-55c3-8135-15f86d01613a,2010-06-21,Spain,ESP,David Villa,2b9ca28d-1a77-58e2-b9c9-bed97e2a8233,51,False,False
wc_history,WC-991cdfdd-859f-5a74-b35b-73f00eb72e00,2010-06-21,Chile,CHL,Mark González,86729503-bbee-5803-80eb-7f20c7de7112,75,False,False
wc_history,WC-997a12c6-cfee-5615-8365-0d1bd3cc1062,2022-12-01,Spain,ESP,Álvaro Morata,d17434f7-bcdc-55ff-ab4c-324dc9bc6d8b,11,False,False
wc_history,WC-997a12c6-cfee-5615-8365-0d1bd3cc1062,2022-12-01,Japan,JPN,Ritsu Dōan,3d62779d-f9a7-5ec2-8213-b1847930eb1b,48,False,False
wc_history,WC-997a12c6-cfee-5615-8365-0d1bd3cc1062,2022-12-01,Japan,JPN,Ao Tanaka,bfb23a2f-1c1c-5450-a469-db40d3f72b64,51,False,False
wc_history,WC-997f70a1-8e10-5160-912d-9dce8c25e928,1998-06-11,Cameroon,CMR,Pierre Njanka,d06a7b7f-438b-5b5e-b410-7a5fe5861c28,77,False,False
wc_history,WC-997f70a1-8e10-5160-912d-9dce8c25e928,1998-06-11,Austria,AUT,Toni Polster,6b744887-e4b4-5403-9ea3-a5222d5b821d,90'+1,False,False
wc_history,WC-99a3732b-8be4-5488-bd8e-c38eaa111253,1958-06-17,Soviet Union,SUN,Anatoli Ilyin,51d8469f-547a-5927-b477-766f74f3d4d7,69,False,False
wc_history,WC-99bfb83d-5414-5246-a2fc-446b88f07e4e,1986-06-10,Argentina,ARG,Jorge Valdano,d567e6df-2230-5a09-98a4-70f32305288b,4,False,False
wc_history,WC-99bfb83d-5414-5246-a2fc-446b88f07e4e,1986-06-10,Argentina,ARG,Jorge Burruchaga,1667a349-93f3-5369-a522-9dfd6da2b9c0,77,False,False
wc_history,WC-9a176096-c6ec-5882-b4ef-67f86309e9a5,2002-06-17,United States,USA,Brian McBride,f2783c3b-9261-553d-bd4e-318ebaf8558e,8,False,False
wc_history,WC-9a176096-c6ec-5882-b4ef-67f86309e9a5,2002-06-17,United States,USA,Landon Donovan,0331f14f-8ff1-5f99-b0db-753ad30f3330,65,False,False
wc_history,WC-9a2ed91a-56eb-5081-8f13-e83541c87c61,2006-06-21,Serbia and Montenegro,SCG,Nikola Žigić,510b9d21-a3f7-5793-97ba-799e0f424a6d,10,False,False
wc_history,WC-9a2ed91a-56eb-5081-8f13-e83541c87c61,2006-06-21,Serbia and Montenegro,SCG,Saša Ilić,b6b295ec-1db9-5c48-801e-91ba3186a7be,20,False,False
wc_history,WC-9a2ed91a-56eb-5081-8f13-e83541c87c61,2006-06-21,Ivory Coast,CIV,Aruna Dindane,1fdd6a68-50ed-5070-85ba-98b8716ee7ee,37,True,False
wc_history,WC-9a2ed91a-56eb-5081-8f13-e83541c87c61,2006-06-21,Ivory Coast,CIV,Aruna Dindane,1fdd6a68-50ed-5070-85ba-98b8716ee7ee,67,False,False
wc_history,WC-9a2ed91a-56eb-5081-8f13-e83541c87c61,2006-06-21,Ivory Coast,CIV,Bonaventure Kalou,f19b0d7c-bd5f-5c38-bfcf-e7fe5012d297,86,True,False
wc_history,WC-9a50c773-7948-56fc-9a30-46ffb3cfc34c,2014-07-04,Germany,DEU,Mats Hummels,1a1232b2-c845-5c04-9bca-98eef2c4c695,13,False,False
wc_history,WC-9a6125d0-49f8-5c9c-8b9d-75faa5a3b6df,1974-06-18,East Germany,DDR,Martin Hoffmann,19f564b4-dbf1-54b9-b635-1c85f6e59ee3,55,False,False
wc_history,WC-9a6125d0-49f8-5c9c-8b9d-75faa5a3b6df,1974-06-18,Chile,CHL,Sergio Ahumada,49bd54d2-820e-5420-a7e6-2f0e2200c841,69,False,False
wc_history,WC-9a78892a-2c4f-50ad-b51f-78ffbfd7a53a,2006-06-21,Portugal,PRT,Maniche,7e147dd0-abd6-523b-a0ed-ae95d2b867e0,6,False,False
wc_history,WC-9a78892a-2c4f-50ad-b51f-78ffbfd7a53a,2006-06-21,Portugal,PRT,Simão,c134e85d-21b1-50ba-8321-d721adceda63,24,True,False
wc_history,WC-9a78892a-2c4f-50ad-b51f-78ffbfd7a53a,2006-06-21,Mexico,MEX,Francisco Fonseca,4648330f-0d4f-53ca-af2e-28c88f8aad3a,29,False,False
wc_history,WC-9ace1629-72a1-5682-b381-6e116c0dea0d,2006-06-11,Mexico,MEX,Omar Bravo,9f7f6b34-e3b5-5ad0-86ea-6b8111c06923,28,False,False
wc_history,WC-9ace1629-72a1-5682-b381-6e116c0dea0d,2006-06-11,Iran,IRN,Yahya Golmohammadi,df08cda4-6aa6-554c-bb23-13e69828f211,36,False,False
wc_history,WC-9ace1629-72a1-5682-b381-6e116c0dea0d,2006-06-11,Mexico,MEX,Omar Bravo,9f7f6b34-e3b5-5ad0-86ea-6b8111c06923,76,False,False
wc_history,WC-9ace1629-72a1-5682-b381-6e116c0dea0d,2006-06-11,Mexico,MEX,Sinha,c7dd1faf-7846-5ce3-ac73-110d04dea16a,79,False,False
wc_history,WC-9b5b1464-39b9-5664-ae19-3200341237e4,1962-06-16,Chile,CHL,Eladio Rojas,ec139488-2778-5300-afde-dcbaf14d45a1,90,False,False
wc_history,WC-9bab9a51-5487-559e-a2b3-b4d9faad7347,2018-06-22,Brazil,BRA,Philippe Coutinho,9f30eeb5-5349-58a0-a70d-8169f5a10365,90'+1,False,False
wc_history,WC-9bab9a51-5487-559e-a2b3-b4d9faad7347,2018-06-22,Brazil,BRA,Neymar,71a6d293-a0d3-545f-83d4-4cb64d16d4c8,90'+7,False,False
wc_history,WC-9bfee1a2-0adc-5f5f-b4a5-5ebccf4ff609,1950-06-25,England,ENG,Stan Mortensen,e8e6d65c-198c-5baa-bd8a-83e301d0d563,39,False,False
wc_history,WC-9bfee1a2-0adc-5f5f-b4a5-5ebccf4ff609,1950-06-25,England,ENG,Wilf Mannion,6f38a0d5-3490-5b6a-969f-b6d56813a921,51,False,False
wc_history,WC-9cb64ae6-9099-5713-ab86-907420a6ce90,1970-06-02,Bulgaria,BGR,Dinko Dermendzhiev,fbb0ad05-c393-5880-9c3a-db84f1f62948,13,False,False
wc_history,WC-9cb64ae6-9099-5713-ab86-907420a6ce90,1970-06-02,Bulgaria,BGR,Hristo Bonev,de24f892-15e7-5b5a-a28e-ba0e8e24f65e,49,False,False
wc_history,WC-9cb64ae6-9099-5713-ab86-907420a6ce90,1970-06-02,Peru,PER,Alberto Gallardo,a146f175-ea49-57c8-80eb-b0043d35250d,50,False,False
wc_history,WC-9cb64ae6-9099-5713-ab86-907420a6ce90,1970-06-02,Peru,PER,Héctor Chumpitaz,13f04854-466c-570e-bdce-ddc82e001c05,55,False,False
wc_history,WC-9cb64ae6-9099-5713-ab86-907420a6ce90,1970-06-02,Peru,PER,Teófilo Cubillas,9c3f4876-4e13-5142-bfd2-7b15191d853e,73,False,False
wc_history,WC-9cf5e685-3a66-5e44-9161-050bfa9829a1,1998-06-15,Germany,DEU,Andreas Möller,73453d81-6dfd-5e01-bb61-051123b90de5,9,False,False
wc_history,WC-9cf5e685-3a66-5e44-9161-050bfa9829a1,1998-06-15,Germany,DEU,Jürgen Klinsmann,67013912-938f-51c7-b4c6-8e1058400553,65,False,False
wc_history,WC-9d714686-495c-55de-9d95-b8620e7db828,1990-06-24,West Germany,DEU,Jürgen Klinsmann,c479bc4a-8330-5b08-ae4f-9aea06edfe2a,51,False,False
wc_history,WC-9d714686-495c-55de-9d95-b8620e7db828,1990-06-24,West Germany,DEU,Andreas Brehme,704afd5b-1504-575d-8218-b69e1bc1fca8,85,False,False
wc_history,WC-9d714686-495c-55de-9d95-b8620e7db828,1990-06-24,Netherlands,NLD,Ronald Koeman,9f273c89-9d22-5501-9f2b-a376665f549b,89,True,False
wc_history,WC-9d87b40d-3857-5181-a12f-159b6593f980,2018-06-28,Belgium,BEL,Adnan Januzaj,708dceda-fde4-5f75-a105-e5f750ee6925,51,False,False
wc_history,WC-9e118d60-2c37-5b8e-b894-1ee22fee01ec,2002-06-12,Sweden,SWE,Anders Svensson,03cf0383-f578-543b-8733-582226d1bf40,59,False,False
wc_history,WC-9e118d60-2c37-5b8e-b894-1ee22fee01ec,2002-06-12,Argentina,ARG,Hernán Crespo,31c28ea9-9635-58cb-b707-b1ff1a12e118,88,False,False
wc_history,WC-9e5a52aa-6a45-5e6d-a47f-58d5cc1cc0f7,2018-06-21,Croatia,HRV,Ante Rebić,43b9b7a0-e601-581e-8d1f-34a395b1ea4b,53,False,False
wc_history,WC-9e5a52aa-6a45-5e6d-a47f-58d5cc1cc0f7,2018-06-21,Croatia,HRV,Luka Modrić,36378d2c-59c1-5ed4-8030-08041f7b9eeb,80,False,False
wc_history,WC-9e5a52aa-6a45-5e6d-a47f-58d5cc1cc0f7,2018-06-21,Croatia,HRV,Ivan Rakitić,2ccc7412-cf23-5d6e-8ec0-e7349fa3793e,90'+1,False,False
wc_history,WC-9ea9e88d-3423-541b-ba53-8f4def2ea5f0,2018-06-21,France,FRA,Kylian Mbappé,3ea58353-474b-5011-a28c-af53e448cfc5,34,False,False
wc_history,WC-9ebeced5-348e-5822-9ea5-7c1df39c6d16,1974-06-23,Poland,POL,Andrzej Szarmach,fb3e0212-9f4a-52b3-b12c-9b2fb55e48eb,38,False,False
wc_history,WC-9ebeced5-348e-5822-9ea5-7c1df39c6d16,1974-06-23,Poland,POL,Kazimierz Deyna,28b44d6d-6954-5b43-a264-8764fa857c42,44,False,False
wc_history,WC-9ebeced5-348e-5822-9ea5-7c1df39c6d16,1974-06-23,Italy,ITA,Fabio Capello,a7c7adbc-72a8-5761-95ba-db1e12099da1,85,False,False
wc_history,WC-9f85680c-39e2-5dbe-a1c0-71f38d6a5bbf,2006-06-13,Togo,TGO,Mohamed Kader,1662ddc9-0897-598b-b28d-0bf5917f061d,31,False,False
wc_history,WC-9f85680c-39e2-5dbe-a1c0-71f38d6a5bbf,2006-06-13,South Korea,KOR,Chun-soo Lee,533cf1aa-055d-5172-8203-92ffffc2fa63,54,False,False
wc_history,WC-9f85680c-39e2-5dbe-a1c0-71f38d6a5bbf,2006-06-13,South Korea,KOR,Jung-hwan Ahn,753f74c6-c30d-5526-9ec4-5387d19f315b,72,False,False
wc_history,WC-9fa4c2ad-0d0e-5927-a02e-59e44b48a54b,1950-06-28,Yugoslavia,YUG,Stjepan Bobek,2802869a-c179-5db5-8ff3-c6d2517d6c2e,20,False,False
wc_history,WC-9fa4c2ad-0d0e-5927-a02e-59e44b48a54b,1950-06-28,Yugoslavia,YUG,Željko Čajkovski,2564a48d-c0d4-569a-83a1-4e68be6785b9,23,False,False
wc_history,WC-9fa4c2ad-0d0e-5927-a02e-59e44b48a54b,1950-06-28,Yugoslavia,YUG,Željko Čajkovski,2564a48d-c0d4-569a-83a1-4e68be6785b9,51,False,False
wc_history,WC-9fa4c2ad-0d0e-5927-a02e-59e44b48a54b,1950-06-28,Yugoslavia,YUG,Kosta Tomašević,163dd955-bf56-5325-9d27-a31fe6abbc5a,81,False,False
wc_history,WC-9fa4c2ad-0d0e-5927-a02e-59e44b48a54b,1950-06-28,Mexico,MEX,Héctor Ortiz,be664143-a781-58b6-b678-744dd324a6c0,89,True,False
wc_history,WC-9fb392e7-3d00-524d-b2d7-cde4e5829db1,1958-06-08,Brazil,BRA,José Altafini,4b8709de-cca2-5625-9164-1931743cdd34,37,False,False
wc_history,WC-9fb392e7-3d00-524d-b2d7-cde4e5829db1,1958-06-08,Brazil,BRA,Nílton Santos,2f998ae2-693a-5e26-a02a-a7bdbac8481b,50,False,False
wc_history,WC-9fb392e7-3d00-524d-b2d7-cde4e5829db1,1958-06-08,Brazil,BRA,José Altafini,4b8709de-cca2-5625-9164-1931743cdd34,85,False,False
wc_history,WC-a00eb9b8-a683-5b0c-9ea7-e12a57fbe6f8,2018-06-25,Portugal,PRT,Ricardo Quaresma,b7e9567e-8da6-5761-be5f-357d1550ab2b,45,False,False
wc_history,WC-a00eb9b8-a683-5b0c-9ea7-e12a57fbe6f8,2018-06-25,Iran,IRN,Karim Ansarifard,7d7c4b8c-2667-54bb-9b64-4619a391eba5,90'+3,True,False
wc_history,WC-a07b5d56-498d-5662-86e8-4a7326976ca2,1998-06-21,Iran,IRN,Hamid Estili,93dee7ea-f22b-5232-b130-21af0ca2be3b,40,False,False
wc_history,WC-a07b5d56-498d-5662-86e8-4a7326976ca2,1998-06-21,Iran,IRN,Mehdi Mahdavikia,f1bcf67f-03b1-546f-a10e-8ed41a96c545,84,False,False
wc_history,WC-a07b5d56-498d-5662-86e8-4a7326976ca2,1998-06-21,United States,USA,Brian McBride,f2783c3b-9261-553d-bd4e-318ebaf8558e,87,False,False
wc_history,WC-a0958b03-5772-5ffe-a648-c464c87fa94e,1930-07-19,Chile,CHL,Guillermo Subiabre,d2e5fe26-162d-5804-bc28-4950f29b74ab,67,False,False
wc_history,WC-a11a795f-c6c9-5f74-abf3-9b54739cce2b,2018-06-27,Brazil,BRA,Paulinho,f1e5c31f-c436-5f95-93c0-58a8ca4e8386,36,False,False
wc_history,WC-a11a795f-c6c9-5f74-abf3-9b54739cce2b,2018-06-27,Brazil,BRA,Thiago Silva,e635f861-b104-5709-8b2f-66521a390f3b,68,False,False
wc_history,WC-a23ab35f-e6a0-545a-8f33-9104c5127613,2010-07-10,Germany,DEU,Thomas Müller,ac2e565e-7c12-57d2-8f3a-1315d9fe7a15,19,False,False
wc_history,WC-a23ab35f-e6a0-545a-8f33-9104c5127613,2010-07-10,Uruguay,URY,Edinson Cavani,89e49b88-022e-59bc-991f-32a3defd76d6,28,False,False
wc_history,WC-a23ab35f-e6a0-545a-8f33-9104c5127613,2010-07-10,Uruguay,URY,Diego Forlán,a4223689-acbc-5480-9194-b61c9ac4ed11,51,False,False
wc_history,WC-a23ab35f-e6a0-545a-8f33-9104c5127613,2010-07-10,Germany,DEU,Marcell Jansen,3c4f7f2d-0ee4-500f-80d7-70a553c9304f,56,False,False
wc_history,WC-a23ab35f-e6a0-545a-8f33-9104c5127613,2010-07-10,Germany,DEU,Sami Khedira,5a6f0383-e01e-50be-ad5b-d11c757f1fba,82,False,False
wc_history,WC-a23aff02-1342-5c42-906a-2c8f7cf627c2,2006-06-15,Ecuador,ECU,Carlos Tenorio,bb2d16ed-5989-50e7-8fe1-45e0ab310e3a,8,False,False
wc_history,WC-a23aff02-1342-5c42-906a-2c8f7cf627c2,2006-06-15,Ecuador,ECU,Agustín Delgado,c74c09f0-a170-57c7-a7e5-6cc7dc4f4f48,54,False,False
wc_history,WC-a23aff02-1342-5c42-906a-2c8f7cf627c2,2006-06-15,Ecuador,ECU,Iván Kaviedes,4f5bf0b9-5b9b-5ed7-af2e-aee37b4eaf79,90'+2,False,False
wc_history,WC-a290f0e9-eb69-582c-b61a-04b45fb5540b,1974-06-15,Haiti,HTI,Emmanuel Sanon,715dc59a-f1c5-55e2-94b3-ab7417f7c4ce,46,False,False
wc_history,WC-a290f0e9-eb69-582c-b61a-04b45fb5540b,1974-06-15,Italy,ITA,Gianni Rivera,04bb4014-a949-59e6-a80b-3c0f1fe74f2e,52,False,False
wc_history,WC-a290f0e9-eb69-582c-b61a-04b45fb5540b,1974-06-15,Italy,ITA,Romeo Benetti,4774433f-c0e7-5995-a410-f9b7e432057f,66,False,False
wc_history,WC-a290f0e9-eb69-582c-b61a-04b45fb5540b,1974-06-15,Italy,ITA,Pietro Anastasi,b07283e3-7103-544e-872a-810b142a01e3,79,False,False
wc_history,WC-a2937e8b-de3d-5bbd-9a3e-c0208c0f622b,2002-06-08,Italy,ITA,Christian Vieri,b4454bbe-c865-5356-9f54-4a7722deeea4,55,False,False
wc_history,WC-a2937e8b-de3d-5bbd-9a3e-c0208c0f622b,2002-06-08,Croatia,HRV,Ivica Olić,a7fd85a0-d0fa-5672-bfa8-7ab9958ae640,73,False,False
wc_history,WC-a2937e8b-de3d-5bbd-9a3e-c0208c0f622b,2002-06-08,Croatia,HRV,Milan Rapaić,d255778c-adde-5e1f-9d32-ef542a3d98b1,76,False,False
wc_history,WC-a2c6c0cc-5e6c-530f-a867-933da859724a,2006-06-23,France,FRA,Patrick Vieira,a2fab40e-3125-54bd-ae7b-6c4f65b0c6b1,55,False,False
wc_history,WC-a2c6c0cc-5e6c-530f-a867-933da859724a,2006-06-23,France,FRA,Thierry Henry,b866a057-04bd-5761-8ef9-92536686762e,61,False,False
wc_history,WC-a2cc2265-78b0-5bb4-8bb6-9c51cd5c5be8,1966-07-20,Soviet Union,SUN,Valeriy Porkujan,e0143a1d-3ace-5d4c-9dad-0559f2c176d0,28,False,False
wc_history,WC-a2cc2265-78b0-5bb4-8bb6-9c51cd5c5be8,1966-07-20,Chile,CHL,Rubén Marcos,5da0a3ed-8257-5065-bd3e-8d5530c8ca9b,32,False,False
wc_history,WC-a2cc2265-78b0-5bb4-8bb6-9c51cd5c5be8,1966-07-20,Soviet Union,SUN,Valeriy Porkujan,e0143a1d-3ace-5d4c-9dad-0559f2c176d0,85,False,False
wc_history,WC-a3b6612f-6b69-5ddf-9ec4-84d1bccd26bd,1954-06-20,Italy,ITA,Egisto Pandolfini,4b6f6ac8-5dd9-5e35-b233-f5b7d4267d13,41,True,False
wc_history,WC-a3b6612f-6b69-5ddf-9ec4-84d1bccd26bd,1954-06-20,Italy,ITA,Carlo Galli,90112ae0-a652-5094-b3f9-89efaae189dc,48,False,False
wc_history,WC-a3b6612f-6b69-5ddf-9ec4-84d1bccd26bd,1954-06-20,Italy,ITA,Amleto Frignani,80aa9b3e-722f-51e9-8701-db464c207480,58,False,False
wc_history,WC-a3b6612f-6b69-5ddf-9ec4-84d1bccd26bd,1954-06-20,Italy,ITA,Benito Lorenzi,1f0dfa60-c573-57d7-8379-c029650bf564,78,False,False
wc_history,WC-a3b6612f-6b69-5ddf-9ec4-84d1bccd26bd,1954-06-20,Belgium,BEL,Léopold Anoul,c20a574e-b144-5286-8ab3-19b9a000eaea,81,False,False
wc_history,WC-a456bb78-4fd0-50d0-ab1a-b27058207efe,2010-06-17,Mexico,MEX,Javier Hernández,f8eb718f-d397-5788-9d66-a4191abc65b1,64,False,False
wc_history,WC-a456bb78-4fd0-50d0-ab1a-b27058207efe,2010-06-17,Mexico,MEX,Cuauhtémoc Blanco,ca13d28f-f126-5f62-82d7-d9a37687f6e4,79,True,False
wc_history,WC-a4a976f5-b6d2-595d-9e62-3299c0987751,1978-06-10,Italy,ITA,Roberto Bettega,0e35214f-2a61-569a-8a38-201c1491ad5e,67,False,False
wc_history,WC-a50e3386-db4f-5238-8cfa-aa5201a54c8c,1986-06-18,England,ENG,Gary Lineker,44c21d1a-7232-5642-8d8d-1607e5c0f026,31,False,False
wc_history,WC-a50e3386-db4f-5238-8cfa-aa5201a54c8c,1986-06-18,England,ENG,Peter Beardsley,0e3b68be-68f7-54eb-a5bb-d56ce5a93737,56,False,False
wc_history,WC-a50e3386-db4f-5238-8cfa-aa5201a54c8c,1986-06-18,England,ENG,Gary Lineker,44c21d1a-7232-5642-8d8d-1607e5c0f026,73,False,False
wc_history,WC-a57034f7-475b-5b94-91ab-e47d51393693,2014-06-21,Argentina,ARG,Lionel Messi,815f9a08-b302-5959-bf1a-759cf2a34a56,90'+1,False,False
wc_history,WC-a5bad0ca-5747-5b46-9954-e6af670fc925,2006-06-22,Ghana,GHA,Haminu Draman,33a8055c-b182-5e1d-990a-61caac7c9c36,22,False,False
wc_history,WC-a5bad0ca-5747-5b46-9954-e6af670fc925,2006-06-22,United States,USA,Clint Dempsey,e6901690-167c-5bad-a610-7052d4b25daf,43,False,False
wc_history,WC-a5bad0ca-5747-5b46-9954-e6af670fc925,2006-06-22,Ghana,GHA,Stephen Appiah,4a4ee20a-09a1-532a-a8d0-110c4fc1b9ec,45'+2,True,False
wc_history,WC-a5e09d37-e7aa-52d8-a5bb-ede119622a80,2014-06-14,Italy,ITA,Claudio Marchisio,4c22d2f6-f24a-5dd9-ba19-dced1ebdead0,35,False,False
wc_history,WC-a5e09d37-e7aa-52d8-a5bb-ede119622a80,2014-06-14,England,ENG,Daniel Sturridge,0a0904e2-7d75-5ba2-82ec-a2c13f1e3589,37,False,False
wc_history,WC-a5e09d37-e7aa-52d8-a5bb-ede119622a80,2014-06-14,Italy,ITA,Mario Balotelli,f936d86c-a1f2-5c21-b8ab-c38d4539a604,50,False,False
wc_history,WC-a66b2919-2bff-58d7-b899-5fa376f9655c,2010-06-24,Slovakia,SVK,Róbert Vittek,9d32285b-5c79-56af-90ac-3e8336d3bc1e,25,False,False
wc_history,WC-a66b2919-2bff-58d7-b899-5fa376f9655c,2010-06-24,Slovakia,SVK,Róbert Vittek,9d32285b-5c79-56af-90ac-3e8336d3bc1e,73,False,False
wc_history,WC-a66b2919-2bff-58d7-b899-5fa376f9655c,2010-06-24,Italy,ITA,Antonio Di Natale,7a46d4bb-d2e2-5c21-a033-7f9e2a4bd41b,81,False,False
wc_history,WC-a66b2919-2bff-58d7-b899-5fa376f9655c,2010-06-24,Slovakia,SVK,Kamil Kopúnek,ac8c9613-fd9a-5c3a-adf2-9cd4cec3019b,89,False,False
wc_history,WC-a66b2919-2bff-58d7-b899-5fa376f9655c,2010-06-24,Italy,ITA,Fabio Quagliarella,adf63e9c-db24-5031-99c3-72587023b09e,90'+2,False,False
wc_history,WC-a6be8b6f-c046-5615-be43-52c4589f0b51,2018-07-01,Denmark,DNK,Mathias Jørgensen,3b465605-e477-5c87-8865-da907dc4200f,1,False,False
wc_history,WC-a6be8b6f-c046-5615-be43-52c4589f0b51,2018-07-01,Croatia,HRV,Mario Mandžukić,207b16e4-8459-55a8-9a25-e85106605f58,4,False,False
wc_history,WC-a6c31b38-0f83-566a-82aa-6dfb8740bca3,1990-06-21,Netherlands,NLD,Ruud Gullit,e24e5634-01e1-5fa7-8293-1ee1a51c203c,11,False,False
wc_history,WC-a6c31b38-0f83-566a-82aa-6dfb8740bca3,1990-06-21,Republic of Ireland,IRL,Niall Quinn,22826225-649e-53f6-8d28-3a1065aed487,71,False,False
wc_history,WC-a6e90185-46a9-531d-adcf-492ead8e57b9,1986-06-09,Soviet Union,SUN,Oleh Blokhin,139de5fb-297a-5ff0-8427-400185517fbf,58,False,False
wc_history,WC-a6e90185-46a9-531d-adcf-492ead8e57b9,1986-06-09,Soviet Union,SUN,Oleksandr Zavarov,3c774d12-9774-5247-95f0-5ab64378fc03,74,False,False
wc_history,WC-a71fb026-2a08-51a1-825f-86736debeb86,1962-06-10,Yugoslavia,YUG,Petar Radaković,47bf77f0-68d6-544d-9854-22be5213077c,85,False,False
wc_history,WC-a7bbe813-608c-5af2-98d3-c1ae6d3f3cc9,1986-06-08,Scotland,SCO,Gordon Strachan,ac0afbff-9090-530c-a290-420622bdb5cc,18,False,False
wc_history,WC-a7bbe813-608c-5af2-98d3-c1ae6d3f3cc9,1986-06-08,West Germany,DEU,Rudi Völler,d92fe933-854a-52df-9015-5bc93142cc02,23,False,False
wc_history,WC-a7bbe813-608c-5af2-98d3-c1ae6d3f3cc9,1986-06-08,West Germany,DEU,Klaus Allofs,51dc4b85-c975-5a39-8177-6d1afbe82d38,49,False,False
wc_history,WC-a7d3cdf9-2bad-5715-af89-42d7577c8517,1982-07-08,Italy,ITA,Paolo Rossi,89c7528b-4e1b-5141-97ed-746c280e9a4a,22,False,False
wc_history,WC-a7d3cdf9-2bad-5715-af89-42d7577c8517,1982-07-08,Italy,ITA,Paolo Rossi,89c7528b-4e1b-5141-97ed-746c280e9a4a,73,False,False
wc_history,WC-a83308dd-4d35-57d5-b9de-b838eeb0a201,1982-07-02,West Germany,DEU,Pierre Littbarski,0a34d3a6-6f80-5c1e-ae18-ebf9b3c4b0db,50,False,False
wc_history,WC-a83308dd-4d35-57d5-b9de-b838eeb0a201,1982-07-02,West Germany,DEU,Klaus Fischer,13f788da-235f-5bf6-afdf-8dd058235dd3,75,False,False
wc_history,WC-a83308dd-4d35-57d5-b9de-b838eeb0a201,1982-07-02,Spain,ESP,Jesús María Zamora,9af87fad-abe2-51da-9b9e-4b476a862369,82,False,False
wc_history,WC-a83473c2-82d5-59b4-9336-cda8ea09a749,1962-05-30,Brazil,BRA,Mário Zagallo,a83eec9f-c4f0-53ff-8e06-054702a8a6cc,56,False,False
wc_history,WC-a83473c2-82d5-59b4-9336-cda8ea09a749,1962-05-30,Brazil,BRA,Pelé,706445cd-23b9-56b6-8d64-0d9a3f6e8125,73,False,False
wc_history,WC-a8c3e28f-7655-525c-ba25-48db56f9e02c,1966-07-23,West Germany,DEU,Helmut Haller,9f33a8a5-02b8-5290-bede-e946023a7c13,11,False,False
wc_history,WC-a8c3e28f-7655-525c-ba25-48db56f9e02c,1966-07-23,West Germany,DEU,Franz Beckenbauer,a6d6171a-3cc0-5622-91c6-70d890978566,70,False,False
wc_history,WC-a8c3e28f-7655-525c-ba25-48db56f9e02c,1966-07-23,West Germany,DEU,Uwe Seeler,33864d66-d8d9-524b-a228-8e6849104a8d,75,False,False
wc_history,WC-a8c3e28f-7655-525c-ba25-48db56f9e02c,1966-07-23,West Germany,DEU,Helmut Haller,9f33a8a5-02b8-5290-bede-e946023a7c13,83,False,False
wc_history,WC-a8f964f0-3ebd-5e8e-a8ae-f696d87114d5,2014-06-22,Portugal,PRT,Nani,7ef63689-acaf-53cb-9aa1-4fd88707095a,5,False,False
wc_history,WC-a8f964f0-3ebd-5e8e-a8ae-f696d87114d5,2014-06-22,United States,USA,Jermaine Jones,84177ee5-9c2f-5da6-9e32-b488aace134d,64,False,False
wc_history,WC-a8f964f0-3ebd-5e8e-a8ae-f696d87114d5,2014-06-22,United States,USA,Clint Dempsey,e6901690-167c-5bad-a610-7052d4b25daf,81,False,False
wc_history,WC-a8f964f0-3ebd-5e8e-a8ae-f696d87114d5,2014-06-22,Portugal,PRT,Silvestre Varela,67ce6c11-a5d8-51f4-854a-37d67c2e72b3,90'+5,False,False
wc_history,WC-a971c4cb-c9f1-5137-89d9-3b23f58dfd1f,1986-05-31,Italy,ITA,Alessandro Altobelli,a6a97d0d-7059-5b81-bce1-28d6029bdf52,44,False,False
wc_history,WC-a971c4cb-c9f1-5137-89d9-3b23f58dfd1f,1986-05-31,Bulgaria,BGR,Nasko Sirakov,6a510767-5ac6-5938-abbf-4a92e0b014e5,85,False,False
wc_history,WC-a990e866-9626-51de-ad36-96364f88dd09,2010-06-21,Portugal,PRT,Raul Meireles,0a42a76f-8d75-53ef-9e88-2cb93190e773,29,False,False
wc_history,WC-a990e866-9626-51de-ad36-96364f88dd09,2010-06-21,Portugal,PRT,Simão,c134e85d-21b1-50ba-8321-d721adceda63,53,False,False
wc_history,WC-a990e866-9626-51de-ad36-96364f88dd09,2010-06-21,Portugal,PRT,Hugo Almeida,d55853e7-3f98-5761-81ba-c31f8ad8ecb6,56,False,False
wc_history,WC-a990e866-9626-51de-ad36-96364f88dd09,2010-06-21,Portugal,PRT,Tiago,ff54c0ab-cbbd-5a1a-94ae-caf368201e11,60,False,False
wc_history,WC-a990e866-9626-51de-ad36-96364f88dd09,2010-06-21,Portugal,PRT,Liédson,0358294b-38d9-5e9a-8102-c733329e0048,81,False,False
wc_history,WC-a990e866-9626-51de-ad36-96364f88dd09,2010-06-21,Portugal,PRT,Cristiano Ronaldo,d3c07451-e83b-55e6-a734-7ec19f9e1083,87,False,False
wc_history,WC-a990e866-9626-51de-ad36-96364f88dd09,2010-06-21,Portugal,PRT,Tiago,ff54c0ab-cbbd-5a1a-94ae-caf368201e11,89,False,False
wc_history,WC-a9c31aa9-89eb-5065-a71a-8544f55a39bd,2002-06-02,England,ENG,Sol Campbell,c46ef6e7-6281-557b-8e5c-68c9b47c50b0,24,False,False
wc_history,WC-a9c31aa9-89eb-5065-a71a-8544f55a39bd,2002-06-02,Sweden,SWE,Niclas Alexandersson,7c25d824-17f0-5d7e-b387-a0f515e84053,59,False,False
wc_history,WC-a9d37f95-2e0c-586d-9873-0968641e5522,2018-06-28,Poland,POL,Jan Bednarek,a3ab0841-a458-5b79-9720-f08577301309,59,False,False
wc_history,WC-a9fb42a9-fd3e-54c7-b9dd-976e30ba7fcc,2002-06-01,Cameroon,CMR,Patrick M'Boma,03e2261a-a38c-5696-bfe1-c5a9d65ac454,39,False,False
wc_history,WC-a9fb42a9-fd3e-54c7-b9dd-976e30ba7fcc,2002-06-01,Republic of Ireland,IRL,Matt Holland,95cd6593-9b64-57e0-b80a-556ef8d907fe,52,False,False
wc_history,WC-aa1be728-5045-57f5-bfa9-dffffa49914d,1994-07-03,Sweden,SWE,Martin Dahlin,e0cf3e1e-2c27-50a7-8a7a-15a414240b19,6,False,False
wc_history,WC-aa1be728-5045-57f5-bfa9-dffffa49914d,1994-07-03,Sweden,SWE,Kennet Andersson,f6804938-78a2-5570-827f-457accc951ec,51,False,False
wc_history,WC-aa1be728-5045-57f5-bfa9-dffffa49914d,1994-07-03,Saudi Arabia,SAU,Fahad Al-Ghesheyan,e75dfaf0-85f7-58a6-b7b9-ad862f5a1467,85,False,False
wc_history,WC-aa1be728-5045-57f5-bfa9-dffffa49914d,1994-07-03,Sweden,SWE,Kennet Andersson,f6804938-78a2-5570-827f-457accc951ec,88,False,False
wc_history,WC-ab32f2cd-5ba0-581b-ba25-cc9e3efcf2ad,2002-06-12,Slovenia,SVN,Milenko Ačimovič,174ec968-dc2f-564a-82fb-c0bf32c90046,45'+1,False,False
wc_history,WC-ab32f2cd-5ba0-581b-ba25-cc9e3efcf2ad,2002-06-12,Paraguay,PRY,Nelson Cuevas,09ba3723-d93b-5468-910d-ac2fee080bbc,65,False,False
wc_history,WC-ab32f2cd-5ba0-581b-ba25-cc9e3efcf2ad,2002-06-12,Paraguay,PRY,Jorge Luis Campos,47e8fa3a-0700-5671-9ec0-889b175e9f22,73,False,False
wc_history,WC-ab32f2cd-5ba0-581b-ba25-cc9e3efcf2ad,2002-06-12,Paraguay,PRY,Nelson Cuevas,09ba3723-d93b-5468-910d-ac2fee080bbc,84,False,False
wc_history,WC-ab532bc4-cac7-5fad-be7f-1ee6423c5711,2006-06-30,Argentina,ARG,Roberto Ayala,4f2efeac-f718-5db1-80bf-3555454aa047,49,False,False
wc_history,WC-ab532bc4-cac7-5fad-be7f-1ee6423c5711,2006-06-30,Germany,DEU,Miroslav Klose,41f73bc6-c52c-5f4b-8e71-8137daa777d3,80,False,False
wc_history,WC-ab701166-9968-5585-aeff-a211ba8c6c45,1950-06-25,Italy,ITA,Riccardo Carapellese,031feec2-a5e4-5b33-907f-3960baca0975,7,False,False
wc_history,WC-ab701166-9968-5585-aeff-a211ba8c6c45,1950-06-25,Sweden,SWE,Hasse Jeppson,35744793-0be8-5625-ad59-5daddd9406a6,25,False,False
wc_history,WC-ab701166-9968-5585-aeff-a211ba8c6c45,1950-06-25,Sweden,SWE,Sune Andersson,b6645db9-3e26-534b-84c3-1a7609ac9d4a,33,False,False
wc_history,WC-ab701166-9968-5585-aeff-a211ba8c6c45,1950-06-25,Sweden,SWE,Hasse Jeppson,35744793-0be8-5625-ad59-5daddd9406a6,68,False,False
wc_history,WC-ab701166-9968-5585-aeff-a211ba8c6c45,1950-06-25,Italy,ITA,Ermes Muccinelli,a9355a6b-54fb-5eb2-84f5-9a1f0f4b5b50,75,False,False
wc_history,WC-ac44ff40-2e2e-5383-836e-8ecd78372297,2002-06-05,United States,USA,John O'Brien,478b7cf1-5ade-5017-90eb-2c4949d79598,4,False,False
wc_history,WC-ac44ff40-2e2e-5383-836e-8ecd78372297,2002-06-05,United States,USA,Jorge Costa,de5812bd-a01d-5017-ad11-1e7fe81cc8c0,29,False,True
wc_history,WC-ac44ff40-2e2e-5383-836e-8ecd78372297,2002-06-05,United States,USA,Brian McBride,f2783c3b-9261-553d-bd4e-318ebaf8558e,36,False,False
wc_history,WC-ac44ff40-2e2e-5383-836e-8ecd78372297,2002-06-05,Portugal,PRT,Beto,82b4142f-2dd3-566a-b6d0-11e338681305,39,False,False
wc_history,WC-ac44ff40-2e2e-5383-836e-8ecd78372297,2002-06-05,Portugal,PRT,Jeff Agoos,06ab6da5-e247-5139-8333-44e93cd3b4c7,71,False,True
wc_history,WC-acaf598b-236c-569f-be4c-76759197a778,2018-06-26,Croatia,HRV,Milan Badelj,f203b762-9fd1-5487-b489-754affc5925a,53,False,False
wc_history,WC-acaf598b-236c-569f-be4c-76759197a778,2018-06-26,Iceland,ISL,Gylfi Sigurðsson,b6088d18-7eb5-5da0-bf05-a1f70625779a,76,True,False
wc_history,WC-acaf598b-236c-569f-be4c-76759197a778,2018-06-26,Croatia,HRV,Ivan Perišić,1bc7347e-8e0e-5bff-a61f-2cf481f4a409,90,False,False
wc_history,WC-aceee8ba-3fa2-5707-95e4-a93d2a10f73a,2010-07-11,Spain,ESP,Andrés Iniesta,6d906822-b293-5958-ad28-035170d80222,116,False,False
wc_history,WC-acf4c876-0693-5694-89ef-e0118b43bd53,1986-06-25,Argentina,ARG,Diego Maradona,3f00458e-da43-502e-ad10-2318ba2694df,51,False,False
wc_history,WC-acf4c876-0693-5694-89ef-e0118b43bd53,1986-06-25,Argentina,ARG,Diego Maradona,3f00458e-da43-502e-ad10-2318ba2694df,63,False,False
wc_history,WC-ada919ed-d3f6-52e6-a086-327b9e9252b5,2014-06-17,South Korea,KOR,Keun-ho Lee,4d8f095a-9289-58a8-92b8-4cffcdc0eaf0,68,False,False
wc_history,WC-ada919ed-d3f6-52e6-a086-327b9e9252b5,2014-06-17,Russia,RUS,Aleksandr Kerzhakov,dbf7bd33-cf0b-5cf3-bc9a-a716cbcd60ce,74,False,False
wc_history,WC-adab9a34-e980-52ff-9664-6223a721f7c7,2018-06-15,Iran,IRN,Aziz Bouhaddouz,beb17e6d-1a23-50dd-a111-9aa4130553ed,90'+5,False,True
wc_history,WC-adeb0c10-f29c-5bb9-94fe-1a1b77ef2837,2018-06-22,Serbia,SRB,Aleksandar Mitrović,8b821c0f-2773-5f95-b383-fdedb3a0d856,5,False,False
wc_history,WC-adeb0c10-f29c-5bb9-94fe-1a1b77ef2837,2018-06-22,Switzerland,CHE,Granit Xhaka,698ec70c-6cef-5358-87a4-05e2098d4a00,52,False,False
wc_history,WC-adeb0c10-f29c-5bb9-94fe-1a1b77ef2837,2018-06-22,Switzerland,CHE,Xherdan Shaqiri,58319fc1-727a-5098-b6d7-ba403089da0c,90,False,False
wc_history,WC-ae2e85ef-e783-5edb-a475-6f840e61eb63,2014-06-23,Netherlands,NLD,Leroy Fer,e430e848-3380-5047-b20c-b686d89c552c,77,False,False
wc_history,WC-ae2e85ef-e783-5edb-a475-6f840e61eb63,2014-06-23,Netherlands,NLD,Memphis Depay,64433729-3f40-524c-92b9-0c99132cc46a,90'+2,False,False
wc_history,WC-aeafccee-0f4c-59cf-930c-13a930ece8a8,2002-06-16,Sweden,SWE,Henrik Larsson,9f50ff09-15d5-58e6-a454-fabe6c5180ae,11,False,False
wc_history,WC-aeafccee-0f4c-59cf-930c-13a930ece8a8,2002-06-16,Senegal,SEN,Henri Camara,43f510e4-bb4a-592b-ab98-e9011ff19333,37,False,False
wc_history,WC-aeafccee-0f4c-59cf-930c-13a930ece8a8,2002-06-16,Senegal,SEN,Henri Camara,43f510e4-bb4a-592b-ab98-e9011ff19333,104,False,False
wc_history,WC-af290dcf-a241-5002-9b51-df9551edb0ad,1990-06-14,Cameroon,CMR,Roger Milla,a45d1194-35ac-561b-9547-789972c3668b,76,False,False
wc_history,WC-af290dcf-a241-5002-9b51-df9551edb0ad,1990-06-14,Cameroon,CMR,Roger Milla,a45d1194-35ac-561b-9547-789972c3668b,86,False,False
wc_history,WC-af290dcf-a241-5002-9b51-df9551edb0ad,1990-06-14,Romania,ROU,Gabi Balint,ed75d11a-c272-5afe-9793-407f0e99e95a,88,False,False
wc_history,WC-af6ef2a7-b5e3-5f80-a738-a4304738a674,2002-06-17,Brazil,BRA,Rivaldo,3bf52051-d43a-5b2b-9dbc-281ba13f5969,67,False,False
wc_history,WC-af6ef2a7-b5e3-5f80-a738-a4304738a674,2002-06-17,Brazil,BRA,Ronaldo,c6d7a149-4d7b-59f8-8b38-6acaa67f72f5,87,False,False
wc_history,WC-b02f0beb-281a-505d-aa22-17525d13a735,1962-06-02,England,ENG,Ron Flowers,cb361a6c-9969-53fb-b5e3-b743ba86be67,17,True,False
wc_history,WC-b02f0beb-281a-505d-aa22-17525d13a735,1962-06-02,England,ENG,Bobby Charlton,047a87a6-661e-5256-9dab-e8a67f44b73c,42,False,False
wc_history,WC-b02f0beb-281a-505d-aa22-17525d13a735,1962-06-02,England,ENG,Jimmy Greaves,c4f1a444-dc6b-5380-8656-cdc8d0c09ad9,67,False,False
wc_history,WC-b02f0beb-281a-505d-aa22-17525d13a735,1962-06-02,Argentina,ARG,José Sanfilippo,cbdd43b7-1d31-52ba-8da9-3a1af4d1c74e,81,False,False
wc_history,WC-b051eee3-159c-51aa-a38e-54991d7730de,2022-11-30,Australia,AUS,Mathew Leckie,ce7a8439-8c5c-55b5-83c6-9b155e4904b5,60,False,False
wc_history,WC-b06a0e9e-42e6-50fa-868c-5d8c5ccdaa30,2018-06-27,Switzerland,CHE,Blerim Džemaili,fc63ee1c-620e-5800-9206-1afd12b9de5b,31,False,False
wc_history,WC-b06a0e9e-42e6-50fa-868c-5d8c5ccdaa30,2018-06-27,Costa Rica,CRI,Kendall Waston,0dad8d8a-6ede-56e5-ba75-d5e72ff07218,56,False,False
wc_history,WC-b06a0e9e-42e6-50fa-868c-5d8c5ccdaa30,2018-06-27,Switzerland,CHE,Josip Drmić,4760a59b-2850-5eed-b343-174e6084c196,88,False,False
wc_history,WC-b06a0e9e-42e6-50fa-868c-5d8c5ccdaa30,2018-06-27,Costa Rica,CRI,Yann Sommer,6438ab61-e6f2-57ea-bfe1-dfc221d462cb,90'+3,False,True
wc_history,WC-b08407f5-8215-51ab-bb28-fb35dbca77db,1930-07-15,Argentina,ARG,Luis Monti,5d806b82-5f39-5fe4-b18c-5c583b38adfd,81,False,False
wc_history,WC-b0c97996-4777-5d2c-becc-23b0f2b81297,1982-06-14,Soviet Union,SUN,Andriy Bal,f7bbb773-61ed-5ecd-a149-a046ec002ac4,34,False,False
wc_history,WC-b0c97996-4777-5d2c-becc-23b0f2b81297,1982-06-14,Brazil,BRA,Sócrates,8282ec23-3448-5f38-bdc8-6b3fe31fc915,75,False,False
wc_history,WC-b0c97996-4777-5d2c-becc-23b0f2b81297,1982-06-14,Brazil,BRA,Éder,27479abc-5f6c-5062-8359-4bbe4a8374b9,88,False,False
wc_history,WC-b1078618-d18c-5ae4-a742-f77f83b457f9,1990-06-17,Spain,ESP,Míchel,4675cfb1-a56e-533d-b267-dc1c0d08c9de,23,False,False
wc_history,WC-b1078618-d18c-5ae4-a742-f77f83b457f9,1990-06-17,South Korea,KOR,Kwan Hwangbo,e8027334-cdd8-5cf8-a978-0ec11ad07d9a,43,False,False
wc_history,WC-b1078618-d18c-5ae4-a742-f77f83b457f9,1990-06-17,Spain,ESP,Míchel,4675cfb1-a56e-533d-b267-dc1c0d08c9de,61,False,False
wc_history,WC-b1078618-d18c-5ae4-a742-f77f83b457f9,1990-06-17,Spain,ESP,Míchel,4675cfb1-a56e-533d-b267-dc1c0d08c9de,81,False,False
wc_history,WC-b10ab745-2353-5461-b6a7-322f98bc5792,1978-06-06,Argentina,ARG,Daniel Passarella,7b9537cd-da15-57f1-93a6-3fc043e828b7,45,True,False
wc_history,WC-b10ab745-2353-5461-b6a7-322f98bc5792,1978-06-06,France,FRA,Michel Platini,7856fff6-4d43-59fa-9fdb-937799e6e514,60,False,False
wc_history,WC-b10ab745-2353-5461-b6a7-322f98bc5792,1978-06-06,Argentina,ARG,Leopoldo Luque,cf4f765a-3e7d-5a12-9893-0692b5f44436,73,False,False
wc_history,WC-b11a6792-6c88-5b83-a070-ced21e5a028f,1958-06-08,Sweden,SWE,Agne Simonsson,929f6387-c1e1-58ec-9e44-92609e23c913,17,False,False
wc_history,WC-b11a6792-6c88-5b83-a070-ced21e5a028f,1958-06-08,Sweden,SWE,Nils Liedholm,20f7a428-7b1c-5479-ad6b-f793406201be,57,True,False
wc_history,WC-b11a6792-6c88-5b83-a070-ced21e5a028f,1958-06-08,Sweden,SWE,Agne Simonsson,929f6387-c1e1-58ec-9e44-92609e23c913,64,False,False
wc_history,WC-b1a2d34f-a70a-5809-9b25-e8699bc0f60b,2018-07-15,France,FRA,Mario Mandžukić,207b16e4-8459-55a8-9a25-e85106605f58,18,False,True
wc_history,WC-b1a2d34f-a70a-5809-9b25-e8699bc0f60b,2018-07-15,Croatia,HRV,Ivan Perišić,1bc7347e-8e0e-5bff-a61f-2cf481f4a409,28,False,False
wc_history,WC-b1a2d34f-a70a-5809-9b25-e8699bc0f60b,2018-07-15,France,FRA,Antoine Griezmann,b0e9893a-85a2-5be7-b3fc-19822921599c,38,True,False
wc_history,WC-b1a2d34f-a70a-5809-9b25-e8699bc0f60b,2018-07-15,France,FRA,Paul Pogba,472eb89d-43ea-5f7a-8665-f6352ad12b09,59,False,False
wc_history,WC-b1a2d34f-a70a-5809-9b25-e8699bc0f60b,2018-07-15,France,FRA,Kylian Mbappé,3ea58353-474b-5011-a28c-af53e448cfc5,65,False,False
wc_history,WC-b1a2d34f-a70a-5809-9b25-e8699bc0f60b,2018-07-15,Croatia,HRV,Mario Mandžukić,207b16e4-8459-55a8-9a25-e85106605f58,69,False,False
wc_history,WC-b1b947e1-bf68-55ff-ad0f-b7cb62155955,2014-06-21,Germany,DEU,Mario Götze,69436fee-0880-5452-9c72-cebb4c754b3a,51,False,False
wc_history,WC-b1b947e1-bf68-55ff-ad0f-b7cb62155955,2014-06-21,Ghana,GHA,André Ayew,bcb11254-d4ff-5040-bf3e-7c12ef61f447,54,False,False
wc_history,WC-b1b947e1-bf68-55ff-ad0f-b7cb62155955,2014-06-21,Ghana,GHA,Asamoah Gyan,25acf578-7d54-5b0c-9ef7-60287405b645,63,False,False
wc_history,WC-b1b947e1-bf68-55ff-ad0f-b7cb62155955,2014-06-21,Germany,DEU,Miroslav Klose,41f73bc6-c52c-5f4b-8e71-8137daa777d3,71,False,False
wc_history,WC-b1bfb1cb-6a24-5080-8365-2c5f88323a20,1982-06-19,Belgium,BEL,Ludo Coeck,203dbc04-548e-56d2-98a4-99910363faf3,19,False,False
wc_history,WC-b233c212-d417-5646-925b-23021448eaed,2018-07-06,Belgium,BEL,Fernandinho,89fd9c0d-c6f7-5f1f-a3e0-83cce524bbe0,13,False,True
wc_history,WC-b233c212-d417-5646-925b-23021448eaed,2018-07-06,Belgium,BEL,Kevin De Bruyne,a4193ea8-b06d-5858-b775-1f15751b44c2,31,False,False
wc_history,WC-b233c212-d417-5646-925b-23021448eaed,2018-07-06,Brazil,BRA,Renato Augusto,221675fd-3f3c-5daf-a695-a51e4df9ade8,76,False,False
wc_history,WC-b23491af-ad48-59f3-b458-33466c8a416d,2018-06-26,Argentina,ARG,Lionel Messi,815f9a08-b302-5959-bf1a-759cf2a34a56,14,False,False
wc_history,WC-b23491af-ad48-59f3-b458-33466c8a416d,2018-06-26,Nigeria,NGA,Victor Moses,5e26cdf6-d8a7-5104-84f1-03cc16ce5f3e,51,True,False
wc_history,WC-b23491af-ad48-59f3-b458-33466c8a416d,2018-06-26,Argentina,ARG,Marcos Rojo,c21eec19-11cb-508a-b40c-23f30d2f9b1b,86,False,False
wc_history,WC-b25393cb-d0d2-5605-a453-1e60986627ac,2022-12-02,Switzerland,CHE,Xherdan Shaqiri,58319fc1-727a-5098-b6d7-ba403089da0c,20,False,False
wc_history,WC-b25393cb-d0d2-5605-a453-1e60986627ac,2022-12-02,Serbia,SRB,Aleksandar Mitrović,8b821c0f-2773-5f95-b383-fdedb3a0d856,26,False,False
wc_history,WC-b25393cb-d0d2-5605-a453-1e60986627ac,2022-12-02,Serbia,SRB,Dušan Vlahović,9fd4d6ca-bde4-50d5-a447-ad0992d38c0b,35,False,False
wc_history,WC-b25393cb-d0d2-5605-a453-1e60986627ac,2022-12-02,Switzerland,CHE,Breel Embolo,2292820b-afe2-58ed-9ab4-5641614f8825,44,False,False
wc_history,WC-b25393cb-d0d2-5605-a453-1e60986627ac,2022-12-02,Switzerland,CHE,Remo Freuler,c366f61f-29ff-5676-878c-60e4b7dabb4f,48,False,False
wc_history,WC-b25dab68-7d4c-5c3c-b999-607f3e519a1d,1998-06-22,Romania,ROU,Viorel Moldovan,7c39d963-07ce-5e91-8c4a-260b4066b982,46,False,False
wc_history,WC-b25dab68-7d4c-5c3c-b999-607f3e519a1d,1998-06-22,England,ENG,Michael Owen,04287b0d-24cb-5c63-8583-7ec03173ce19,81,False,False
wc_history,WC-b25dab68-7d4c-5c3c-b999-607f3e519a1d,1998-06-22,Romania,ROU,Dan Petrescu,09fd101e-ce31-5c53-b75b-ed4db0efa5d4,90,False,False
wc_history,WC-b27343a3-27dd-5801-87b2-18fa238b7502,2006-06-27,Brazil,BRA,Ronaldo,c6d7a149-4d7b-59f8-8b38-6acaa67f72f5,5,False,False
wc_history,WC-b27343a3-27dd-5801-87b2-18fa238b7502,2006-06-27,Brazil,BRA,Adriano,139bdcc1-19e5-5b3c-8d8f-2bd5246292f7,45'+1,False,False
wc_history,WC-b27343a3-27dd-5801-87b2-18fa238b7502,2006-06-27,Brazil,BRA,Zé Roberto,5518d76c-177d-5a43-af44-0731d4eabdbd,84,False,False
wc_history,WC-b29ec2b1-13db-54ad-b96f-6764d62d2d4d,1974-06-19,Poland,POL,Grzegorz Lato,91ee4735-acc4-5e2a-bf5f-3876d20190dd,17,False,False
wc_history,WC-b29ec2b1-13db-54ad-b96f-6764d62d2d4d,1974-06-19,Poland,POL,Kazimierz Deyna,28b44d6d-6954-5b43-a264-8764fa857c42,18,False,False
wc_history,WC-b29ec2b1-13db-54ad-b96f-6764d62d2d4d,1974-06-19,Poland,POL,Andrzej Szarmach,fb3e0212-9f4a-52b3-b12c-9b2fb55e48eb,30,False,False
wc_history,WC-b29ec2b1-13db-54ad-b96f-6764d62d2d4d,1974-06-19,Poland,POL,Jerzy Gorgoń,1ecf05fd-d214-5414-adcb-2dfe7c8f6017,31,False,False
wc_history,WC-b29ec2b1-13db-54ad-b96f-6764d62d2d4d,1974-06-19,Poland,POL,Andrzej Szarmach,fb3e0212-9f4a-52b3-b12c-9b2fb55e48eb,34,False,False
wc_history,WC-b29ec2b1-13db-54ad-b96f-6764d62d2d4d,1974-06-19,Poland,POL,Andrzej Szarmach,fb3e0212-9f4a-52b3-b12c-9b2fb55e48eb,50,False,False
wc_history,WC-b29ec2b1-13db-54ad-b96f-6764d62d2d4d,1974-06-19,Poland,POL,Grzegorz Lato,91ee4735-acc4-5e2a-bf5f-3876d20190dd,87,False,False
wc_history,WC-b2d20b24-3fa4-5a68-a295-1fea6a63e941,1954-06-16,Yugoslavia,YUG,Miloš Milutinović,90311b4c-4337-58b0-a8f9-98ac1b16afbe,15,False,False
wc_history,WC-b376fbdc-1bec-5d4d-aac7-48cddd9c8ff5,1938-06-09,Germany,DEU,Wilhelm Hahnemann,aa1aaaf0-b4eb-5689-8393-11117df9b6ed,8,False,False
wc_history,WC-b376fbdc-1bec-5d4d-aac7-48cddd9c8ff5,1938-06-09,Germany,DEU,Ernst Lörtscher,79ef486e-9838-5ac0-abf0-44cffa8cf227,22,False,True
wc_history,WC-b376fbdc-1bec-5d4d-aac7-48cddd9c8ff5,1938-06-09,Switzerland,CHE,Eugen Walaschek,b4994166-487a-5f19-a521-8ec5a70f0372,42,False,False
wc_history,WC-b376fbdc-1bec-5d4d-aac7-48cddd9c8ff5,1938-06-09,Switzerland,CHE,Alfred Bickel,0c2743a5-66ea-50c3-ad21-de113b11faae,64,False,False
wc_history,WC-b376fbdc-1bec-5d4d-aac7-48cddd9c8ff5,1938-06-09,Switzerland,CHE,André Abegglen,c8a289ff-5138-53b2-af4a-22d0b6eee8e8,75,False,False
wc_history,WC-b376fbdc-1bec-5d4d-aac7-48cddd9c8ff5,1938-06-09,Switzerland,CHE,André Abegglen,c8a289ff-5138-53b2-af4a-22d0b6eee8e8,78,False,False
wc_history,WC-b43fdca9-bd12-5b62-8936-9580cf4301cb,1934-05-27,Germany,DEU,Stanislaus Kobierski,0ce0a122-d16d-54fc-9dd4-525a50d80a3a,25,False,False
wc_history,WC-b43fdca9-bd12-5b62-8936-9580cf4301cb,1934-05-27,Belgium,BEL,Bernard Voorhoof,3e18da93-47cb-5c02-8aff-6e931edc8377,29,False,False
wc_history,WC-b43fdca9-bd12-5b62-8936-9580cf4301cb,1934-05-27,Belgium,BEL,Bernard Voorhoof,3e18da93-47cb-5c02-8aff-6e931edc8377,43,False,False
wc_history,WC-b43fdca9-bd12-5b62-8936-9580cf4301cb,1934-05-27,Germany,DEU,Otto Siffling,61781628-92e1-5e9b-8846-c26d0fb63416,49,False,False
wc_history,WC-b43fdca9-bd12-5b62-8936-9580cf4301cb,1934-05-27,Germany,DEU,Edmund Conen,158e1cff-c7bd-5406-8df4-cd35b3f70706,66,False,False
wc_history,WC-b43fdca9-bd12-5b62-8936-9580cf4301cb,1934-05-27,Germany,DEU,Edmund Conen,158e1cff-c7bd-5406-8df4-cd35b3f70706,70,False,False
wc_history,WC-b43fdca9-bd12-5b62-8936-9580cf4301cb,1934-05-27,Germany,DEU,Edmund Conen,158e1cff-c7bd-5406-8df4-cd35b3f70706,87,False,False
wc_history,WC-b4462582-d132-5cf0-a5e7-456efc2ffc3e,1978-06-03,Netherlands,NLD,Rob Rensenbrink,ea2da0fb-34b0-5813-8789-cdd218e3d0e7,40,True,False
wc_history,WC-b4462582-d132-5cf0-a5e7-456efc2ffc3e,1978-06-03,Netherlands,NLD,Rob Rensenbrink,ea2da0fb-34b0-5813-8789-cdd218e3d0e7,62,False,False
wc_history,WC-b4462582-d132-5cf0-a5e7-456efc2ffc3e,1978-06-03,Netherlands,NLD,Rob Rensenbrink,ea2da0fb-34b0-5813-8789-cdd218e3d0e7,78,True,False
wc_history,WC-b4969a3e-78d9-57d9-b043-3166db036b8b,1974-06-19,Bulgaria,BGR,Hristo Bonev,de24f892-15e7-5b5a-a28e-ba0e8e24f65e,75,False,False
wc_history,WC-b4969a3e-78d9-57d9-b043-3166db036b8b,1974-06-19,Uruguay,URY,Ricardo Pavoni,c0b240bb-4aad-52e5-a6dd-611492af3ce2,87,False,False
wc_history,WC-b4bfb6f3-8861-5190-ae4f-06c5c9806f41,1994-06-19,Belgium,BEL,Marc Degryse,3ef8fba7-ffb5-5532-8993-f5d2b346e6e4,11,False,False
wc_history,WC-b4c7671d-11e3-5321-b760-c710fc5db5bb,1934-05-27,Italy,ITA,Angelo Schiavio,26f07220-9dac-5530-b6b1-900158b0848a,18,False,False
wc_history,WC-b4c7671d-11e3-5321-b760-c710fc5db5bb,1934-05-27,Italy,ITA,Raimundo Orsi,0c39c065-818e-51a7-ad6a-e41818ac7068,20,False,False
wc_history,WC-b4c7671d-11e3-5321-b760-c710fc5db5bb,1934-05-27,Italy,ITA,Angelo Schiavio,26f07220-9dac-5530-b6b1-900158b0848a,29,False,False
wc_history,WC-b4c7671d-11e3-5321-b760-c710fc5db5bb,1934-05-27,United States,USA,Aldo Donelli,93f1aa4f-1798-5707-a694-04429c08afb0,57,False,False
wc_history,WC-b4c7671d-11e3-5321-b760-c710fc5db5bb,1934-05-27,Italy,ITA,Giovanni Ferrari,68842dcc-c55e-533d-945e-2f1bc5729133,63,False,False
wc_history,WC-b4c7671d-11e3-5321-b760-c710fc5db5bb,1934-05-27,Italy,ITA,Angelo Schiavio,26f07220-9dac-5530-b6b1-900158b0848a,64,False,False
wc_history,WC-b4c7671d-11e3-5321-b760-c710fc5db5bb,1934-05-27,Italy,ITA,Raimundo Orsi,0c39c065-818e-51a7-ad6a-e41818ac7068,69,False,False
wc_history,WC-b4c7671d-11e3-5321-b760-c710fc5db5bb,1934-05-27,Italy,ITA,Giuseppe Meazza,c761c516-0d32-56d4-bcbe-8a9019248acf,90,False,False
wc_history,WC-b50db2b4-9b57-5a1a-96f8-614fa03deea1,1994-06-27,Germany,DEU,Jürgen Klinsmann,67013912-938f-51c7-b4c6-8e1058400553,12,False,False
wc_history,WC-b50db2b4-9b57-5a1a-96f8-614fa03deea1,1994-06-27,Germany,DEU,Karl-Heinz Riedle,169f2414-db44-5763-98be-39070f2edf43,20,False,False
wc_history,WC-b50db2b4-9b57-5a1a-96f8-614fa03deea1,1994-06-27,Germany,DEU,Jürgen Klinsmann,67013912-938f-51c7-b4c6-8e1058400553,37,False,False
wc_history,WC-b50db2b4-9b57-5a1a-96f8-614fa03deea1,1994-06-27,South Korea,KOR,Sun-hong Hwang,9c6df43a-2450-5242-9228-e470b32fb61d,52,False,False
wc_history,WC-b50db2b4-9b57-5a1a-96f8-614fa03deea1,1994-06-27,South Korea,KOR,Myung-bo Hong,57cda019-5723-50c3-b65a-c9d43cb4a66f,63,False,False
wc_history,WC-b51d9843-fe88-58a6-95c7-3438cdde6d1d,1978-06-10,Poland,POL,Zbigniew Boniek,32d47330-a4da-51a8-ada9-d0fa53bcb6c4,43,False,False
wc_history,WC-b51d9843-fe88-58a6-95c7-3438cdde6d1d,1978-06-10,Mexico,MEX,Víctor Rangel,0ac59566-87fa-54dc-a69f-9986e5df7def,52,False,False
wc_history,WC-b51d9843-fe88-58a6-95c7-3438cdde6d1d,1978-06-10,Poland,POL,Kazimierz Deyna,28b44d6d-6954-5b43-a264-8764fa857c42,56,False,False
wc_history,WC-b51d9843-fe88-58a6-95c7-3438cdde6d1d,1978-06-10,Poland,POL,Zbigniew Boniek,32d47330-a4da-51a8-ada9-d0fa53bcb6c4,84,False,False
wc_history,WC-b54496b4-9561-58b3-ac16-8f0f85c1c4f7,1978-06-10,France,FRA,Christian Lopez,469929de-e335-5b07-be55-6c1844cc1821,23,False,False
wc_history,WC-b54496b4-9561-58b3-ac16-8f0f85c1c4f7,1978-06-10,France,FRA,Marc Berdoll,77d64f62-c235-53a2-8e37-3e5bb9146b97,38,False,False
wc_history,WC-b54496b4-9561-58b3-ac16-8f0f85c1c4f7,1978-06-10,Hungary,HUN,Sándor Zombori,b6be118c-5441-5e43-8018-2f324680461a,41,False,False
wc_history,WC-b54496b4-9561-58b3-ac16-8f0f85c1c4f7,1978-06-10,France,FRA,Dominique Rocheteau,fc4912d4-34e7-59b0-ba68-952573a44baf,42,False,False
wc_history,WC-b5852042-a608-5e73-88da-e9e01f114531,1954-06-30,Hungary,HUN,Zoltán Czibor,8875789c-ae96-50b7-b948-de8f1f0588af,13,False,False
wc_history,WC-b5852042-a608-5e73-88da-e9e01f114531,1954-06-30,Hungary,HUN,Nándor Hidegkuti,b31fba41-6cd6-5ab7-8ba4-abc9f0ccd988,46,False,False
wc_history,WC-b5852042-a608-5e73-88da-e9e01f114531,1954-06-30,Uruguay,URY,Juan Hohberg,c17c9541-b768-5958-aada-b882313a107a,75,False,False
wc_history,WC-b5852042-a608-5e73-88da-e9e01f114531,1954-06-30,Uruguay,URY,Juan Hohberg,c17c9541-b768-5958-aada-b882313a107a,86,False,False
wc_history,WC-b5852042-a608-5e73-88da-e9e01f114531,1954-06-30,Hungary,HUN,Sándor Kocsis,16f008ae-0efe-5c24-b0c3-c3a8d461f3b4,111,False,False
wc_history,WC-b5852042-a608-5e73-88da-e9e01f114531,1954-06-30,Hungary,HUN,Sándor Kocsis,16f008ae-0efe-5c24-b0c3-c3a8d461f3b4,116,False,False
wc_history,WC-b5b896bf-f20d-53ff-afc9-8321f659e222,1986-06-10,Italy,ITA,Alessandro Altobelli,a6a97d0d-7059-5b81-bce1-28d6029bdf52,17,False,False
wc_history,WC-b5b896bf-f20d-53ff-afc9-8321f659e222,1986-06-10,South Korea,KOR,Soon-ho Choi,a649ae2f-3f65-57fd-99ab-7d922e5ea589,62,False,False
wc_history,WC-b5b896bf-f20d-53ff-afc9-8321f659e222,1986-06-10,Italy,ITA,Alessandro Altobelli,a6a97d0d-7059-5b81-bce1-28d6029bdf52,73,False,False
wc_history,WC-b5b896bf-f20d-53ff-afc9-8321f659e222,1986-06-10,Italy,ITA,Kwang-rae Cho,47003ea5-a29b-5855-9051-02dc582c5ec2,82,False,True
wc_history,WC-b5b896bf-f20d-53ff-afc9-8321f659e222,1986-06-10,South Korea,KOR,Jung-moo Huh,3468b018-a8e0-5174-a494-dc0d5201aac9,83,False,False
wc_history,WC-b615dfa7-236c-5390-a3ca-fb93a3784bf4,1986-06-22,Argentina,ARG,Diego Maradona,3f00458e-da43-502e-ad10-2318ba2694df,51,False,False
wc_history,WC-b615dfa7-236c-5390-a3ca-fb93a3784bf4,1986-06-22,Argentina,ARG,Diego Maradona,3f00458e-da43-502e-ad10-2318ba2694df,55,False,False
wc_history,WC-b615dfa7-236c-5390-a3ca-fb93a3784bf4,1986-06-22,England,ENG,Gary Lineker,44c21d1a-7232-5642-8d8d-1607e5c0f026,81,False,False
wc_history,WC-b62f21b2-ce66-5be9-8c45-50db6ac8bd54,2018-06-24,England,ENG,John Stones,c2d8cf91-61b6-5d77-8a0a-d76e0e29405f,8,False,False
wc_history,WC-b62f21b2-ce66-5be9-8c45-50db6ac8bd54,2018-06-24,England,ENG,Harry Kane,9cf6c4fd-8cf5-5ba2-b963-ee29be578f7d,22,True,False
wc_history,WC-b62f21b2-ce66-5be9-8c45-50db6ac8bd54,2018-06-24,England,ENG,Jesse Lingard,4583a0b1-5c63-5fbd-b9b0-1f9014e634b0,36,False,False
wc_history,WC-b62f21b2-ce66-5be9-8c45-50db6ac8bd54,2018-06-24,England,ENG,John Stones,c2d8cf91-61b6-5d77-8a0a-d76e0e29405f,40,False,False
wc_history,WC-b62f21b2-ce66-5be9-8c45-50db6ac8bd54,2018-06-24,England,ENG,Harry Kane,9cf6c4fd-8cf5-5ba2-b963-ee29be578f7d,45'+1,True,False
wc_history,WC-b62f21b2-ce66-5be9-8c45-50db6ac8bd54,2018-06-24,England,ENG,Harry Kane,9cf6c4fd-8cf5-5ba2-b963-ee29be578f7d,62,False,False
wc_history,WC-b62f21b2-ce66-5be9-8c45-50db6ac8bd54,2018-06-24,Panama,PAN,Felipe Baloy,8277e064-f65c-552d-b390-8a1a339d96df,78,False,False
wc_history,WC-b66fa0a8-b103-563a-8de0-7a0b55cb5339,1990-06-26,Yugoslavia,YUG,Dragan Stojković,6b4bf1a9-6250-5e17-bf14-2f86c6f6f2f7,78,False,False
wc_history,WC-b66fa0a8-b103-563a-8de0-7a0b55cb5339,1990-06-26,Spain,ESP,Julio Salinas,d6befdd0-58a9-52ee-a09f-c36ddcf91ca0,84,False,False
wc_history,WC-b66fa0a8-b103-563a-8de0-7a0b55cb5339,1990-06-26,Yugoslavia,YUG,Dragan Stojković,6b4bf1a9-6250-5e17-bf14-2f86c6f6f2f7,93,False,False
wc_history,WC-b6c853ec-23af-5646-9062-90303e9abeec,1958-06-28,France,FRA,Just Fontaine,e611498a-cd22-5e71-9f6a-16706cc6f3ca,16,False,False
wc_history,WC-b6c853ec-23af-5646-9062-90303e9abeec,1958-06-28,West Germany,DEU,Hans Cieslarczyk,76f7a3c1-ac6a-5c7f-aed4-85c1b2acf4c4,18,False,False
wc_history,WC-b6c853ec-23af-5646-9062-90303e9abeec,1958-06-28,France,FRA,Raymond Kopa,52b26762-d58e-5a6c-823c-fcfcdbb90dae,27,True,False
wc_history,WC-b6c853ec-23af-5646-9062-90303e9abeec,1958-06-28,France,FRA,Just Fontaine,e611498a-cd22-5e71-9f6a-16706cc6f3ca,36,False,False
wc_history,WC-b6c853ec-23af-5646-9062-90303e9abeec,1958-06-28,France,FRA,Yvon Douis,ba5246c5-3377-5f16-a8ed-c5b275987421,50,False,False
wc_history,WC-b6c853ec-23af-5646-9062-90303e9abeec,1958-06-28,West Germany,DEU,Helmut Rahn,36594778-f2f8-5d20-99b1-2d245483f4ac,52,False,False
wc_history,WC-b6c853ec-23af-5646-9062-90303e9abeec,1958-06-28,France,FRA,Just Fontaine,e611498a-cd22-5e71-9f6a-16706cc6f3ca,78,False,False
wc_history,WC-b6c853ec-23af-5646-9062-90303e9abeec,1958-06-28,West Germany,DEU,Hans Schäfer,33d90396-f213-5c12-9bd4-156c9856a628,84,False,False
wc_history,WC-b6c853ec-23af-5646-9062-90303e9abeec,1958-06-28,France,FRA,Just Fontaine,e611498a-cd22-5e71-9f6a-16706cc6f3ca,89,False,False
wc_history,WC-b6d7c9eb-7770-5c4a-8420-0f9890de5408,1974-06-26,West Germany,DEU,Paul Breitner,674fbf19-d950-58b9-a59d-bf402d5f6aec,39,False,False
wc_history,WC-b6d7c9eb-7770-5c4a-8420-0f9890de5408,1974-06-26,West Germany,DEU,Gerd Müller,cc40fa15-a4e1-53ff-8b63-30280ac05f5f,82,False,False
wc_history,WC-b6f0367d-8a2c-5ce3-b889-7f373501b1ae,2018-07-02,Japan,JPN,Genki Haraguchi,b410ad80-8d2e-55ee-bce1-fefe6367ce8a,48,False,False
wc_history,WC-b6f0367d-8a2c-5ce3-b889-7f373501b1ae,2018-07-02,Japan,JPN,Takashi Inui,239b187c-1da8-5988-bf16-98b2cbd78007,52,False,False
wc_history,WC-b6f0367d-8a2c-5ce3-b889-7f373501b1ae,2018-07-02,Belgium,BEL,Jan Vertonghen,0237e0cf-0262-5f95-90c4-3756b4b333d5,69,False,False
wc_history,WC-b6f0367d-8a2c-5ce3-b889-7f373501b1ae,2018-07-02,Belgium,BEL,Marouane Fellaini,3c6dd6f6-f9fc-5c6e-b2ba-f25d533da5bd,74,False,False
wc_history,WC-b6f0367d-8a2c-5ce3-b889-7f373501b1ae,2018-07-02,Belgium,BEL,Nacer Chadli,289d0e1a-520c-5f33-ad3d-b72ad6a04d97,90'+4,False,False
wc_history,WC-b6fab9d4-b950-59e6-af09-b8ed0b4a411a,2010-06-25,Ivory Coast,CIV,Yaya Touré,7296f482-6d5e-5b1e-ae56-89bf467bb30d,14,False,False
wc_history,WC-b6fab9d4-b950-59e6-af09-b8ed0b4a411a,2010-06-25,Ivory Coast,CIV,Romaric,8f3ee488-5572-5862-aeda-323a64207772,20,False,False
wc_history,WC-b6fab9d4-b950-59e6-af09-b8ed0b4a411a,2010-06-25,Ivory Coast,CIV,Salomon Kalou,417f85de-66e6-5b75-9c84-d5d580610b19,82,False,False
wc_history,WC-b7243450-6e31-5404-80d4-e6376e38e02d,1986-06-28,Belgium,BEL,Jan Ceulemans,ff94abcf-594a-5f85-9f5b-3c72d2731019,11,False,False
wc_history,WC-b7243450-6e31-5404-80d4-e6376e38e02d,1986-06-28,France,FRA,Jean-Marc Ferreri,a1420e4d-9ad3-5739-9b07-b5f80a7fec81,27,False,False
wc_history,WC-b7243450-6e31-5404-80d4-e6376e38e02d,1986-06-28,France,FRA,Jean-Pierre Papin,9e69e60f-3169-56bc-91b6-87c2aebfb8a7,43,False,False
wc_history,WC-b7243450-6e31-5404-80d4-e6376e38e02d,1986-06-28,Belgium,BEL,Nico Claesen,776bb1cf-fb72-5f6b-86f0-78a39fc9f8d0,73,False,False
wc_history,WC-b7243450-6e31-5404-80d4-e6376e38e02d,1986-06-28,France,FRA,Bernard Genghini,dbeb4d83-0fce-5d35-86ab-b33d6fd78aab,104,False,False
wc_history,WC-b7243450-6e31-5404-80d4-e6376e38e02d,1986-06-28,France,FRA,Manuel Amoros,e531705f-0eb8-5312-ad77-b499fe636568,111,True,False
wc_history,WC-b7289061-de6e-5e77-a394-1852aa0074a0,2006-06-19,Switzerland,CHE,Alexander Frei,54777d1a-00cc-59be-99d5-09d360061a01,16,False,False
wc_history,WC-b7289061-de6e-5e77-a394-1852aa0074a0,2006-06-19,Switzerland,CHE,Tranquillo Barnetta,cf270e35-58d6-5455-8a79-9115166875e6,88,False,False
wc_history,WC-b73955e5-d169-5b08-9374-c06d495086bd,1998-07-04,Netherlands,NLD,Patrick Kluivert,cdb1501b-9397-5c0e-aba8-0ef47a969a5a,12,False,False
wc_history,WC-b73955e5-d169-5b08-9374-c06d495086bd,1998-07-04,Argentina,ARG,Claudio López,7c235939-d650-59c5-8b39-3857ae060c1d,17,False,False
wc_history,WC-b73955e5-d169-5b08-9374-c06d495086bd,1998-07-04,Netherlands,NLD,Dennis Bergkamp,0d3e14b3-7fa2-5e1c-b09e-06c467689d11,90,False,False
wc_history,WC-b754d581-cbbd-5093-a427-00329307c6f5,1986-06-01,France,FRA,Jean-Pierre Papin,9e69e60f-3169-56bc-91b6-87c2aebfb8a7,79,False,False
wc_history,WC-b7bef508-b217-5430-9fff-9bc31cdd45fa,1990-06-16,Brazil,BRA,Müller,89675bcc-a2f3-5a98-8791-08ef4d3ec6d1,33,False,False
wc_history,WC-b7d89515-876a-5079-804d-6dc94e31865f,2014-06-26,Belgium,BEL,Jan Vertonghen,0237e0cf-0262-5f95-90c4-3756b4b333d5,78,False,False
wc_history,WC-b85a85e2-c207-52de-86f2-0422387228ef,2018-07-07,Russia,RUS,Denis Cheryshev,0a7b8993-f8c5-5286-98db-74d23d17a513,31,False,False
wc_history,WC-b85a85e2-c207-52de-86f2-0422387228ef,2018-07-07,Croatia,HRV,Andrej Kramarić,9e28c5da-f89f-5abb-96d0-49b8946f2cf7,39,False,False
wc_history,WC-b85a85e2-c207-52de-86f2-0422387228ef,2018-07-07,Croatia,HRV,Domagoj Vida,4d7fc90f-6611-58be-84f9-7a89874b8aad,101,False,False
wc_history,WC-b85a85e2-c207-52de-86f2-0422387228ef,2018-07-07,Russia,RUS,Mário Fernandes,9b6c97a6-89ff-5e38-9e10-284cf807bc96,115,False,False
wc_history,WC-b875dade-ec8f-54ae-ac6c-e9868a1c825d,1982-06-24,Yugoslavia,YUG,Vladimir Petrović,ca7c7310-7294-5ebf-bf77-db0e9a506afb,88,True,False
wc_history,WC-b8931570-a9e1-5a76-8207-d31975030c7b,1962-06-02,Chile,CHL,Jaime Ramírez,1faad416-3c7b-5569-aadd-9659083cabed,73,False,False
wc_history,WC-b8931570-a9e1-5a76-8207-d31975030c7b,1962-06-02,Chile,CHL,Jorge Toro,78b14e63-9058-5765-af58-85b2cbbc3665,87,False,False
wc_history,WC-b89da79a-070f-5842-a6fb-56da5bec2b08,1978-06-03,Austria,AUT,Walter Schachner,66a5a2b6-ce27-5f43-8de3-582ffa2ba045,10,False,False
wc_history,WC-b89da79a-070f-5842-a6fb-56da5bec2b08,1978-06-03,Spain,ESP,Dani,d21b4b3f-6678-5451-b688-32d75880bcc3,21,False,False
wc_history,WC-b89da79a-070f-5842-a6fb-56da5bec2b08,1978-06-03,Austria,AUT,Hans Krankl,810a2961-81de-598e-bf3d-d44df3201b5c,76,False,False
wc_history,WC-b8db59c9-18d3-5829-908b-4f19d7369557,2006-06-20,Paraguay,PRY,Brent Sancho,beea31df-2212-56aa-8627-9bcd035e2a9a,25,False,True
wc_history,WC-b8db59c9-18d3-5829-908b-4f19d7369557,2006-06-20,Paraguay,PRY,Nelson Cuevas,09ba3723-d93b-5468-910d-ac2fee080bbc,86,False,False
wc_history,WC-b9e222e7-e3a3-59c3-a5f3-d851d8370594,2006-06-11,Netherlands,NLD,Arjen Robben,750e2858-7c84-591a-8dd1-88c2cee16907,18,False,False
wc_history,WC-ba212c01-4475-5673-88d9-80540fce4d48,1986-06-11,Mexico,MEX,Fernando Quirarte,df212ce7-3da7-52c6-b256-44e10abcab30,54,False,False
wc_history,WC-ba3313cd-5030-5617-809a-44af6cf537d4,2014-06-15,France,FRA,Karim Benzema,d4f93089-1216-57e1-952b-83114c736a95,45,True,False
wc_history,WC-ba3313cd-5030-5617-809a-44af6cf537d4,2014-06-15,France,FRA,Noel Valladares,00720795-2779-5b41-aabd-f07171554c92,48,False,True
wc_history,WC-ba3313cd-5030-5617-809a-44af6cf537d4,2014-06-15,France,FRA,Karim Benzema,d4f93089-1216-57e1-952b-83114c736a95,72,False,False
wc_history,WC-ba8e8e98-5eea-5637-939a-c966ff2da714,1986-06-13,Denmark,DNK,Jesper Olsen,2775901d-62b3-5f52-b679-bf6a18ff20d0,43,True,False
wc_history,WC-ba8e8e98-5eea-5637-939a-c966ff2da714,1986-06-13,Denmark,DNK,John Eriksen,2fb4bb47-3b81-5780-811b-664c82c4a4dd,62,False,False
wc_history,WC-bafa9aef-cba7-5779-8a5e-b81f1c00c93c,2018-06-23,Mexico,MEX,Carlos Vela,f523e781-f754-5081-96ce-1913eb819b30,26,True,False
wc_history,WC-bafa9aef-cba7-5779-8a5e-b81f1c00c93c,2018-06-23,Mexico,MEX,Javier Hernández,f8eb718f-d397-5788-9d66-a4191abc65b1,66,False,False
wc_history,WC-bafa9aef-cba7-5779-8a5e-b81f1c00c93c,2018-06-23,South Korea,KOR,Heung-min Son,3d61def2-7100-5cdd-be17-794cbadc2dd4,90'+3,False,False
wc_history,WC-bb204b94-1008-5fed-ab5c-318ced6d2974,2018-07-11,England,ENG,Kieran Trippier,2dad1008-5919-572b-9ee0-1a29b436874b,5,False,False
wc_history,WC-bb204b94-1008-5fed-ab5c-318ced6d2974,2018-07-11,Croatia,HRV,Ivan Perišić,1bc7347e-8e0e-5bff-a61f-2cf481f4a409,68,False,False
wc_history,WC-bb204b94-1008-5fed-ab5c-318ced6d2974,2018-07-11,Croatia,HRV,Mario Mandžukić,207b16e4-8459-55a8-9a25-e85106605f58,109,False,False
wc_history,WC-bb34f0dc-6617-50d2-8838-1f78c740e366,1994-06-20,Brazil,BRA,Romário,705a28fe-4421-5794-a754-fdc7846fe0e8,26,False,False
wc_history,WC-bb34f0dc-6617-50d2-8838-1f78c740e366,1994-06-20,Brazil,BRA,Raí,66f00c3b-4f95-5e15-b80e-9819b142236d,52,True,False
wc_history,WC-bb9b34ba-a0db-589c-8d2a-46fea94b0a88,2002-06-09,Japan,JPN,Junichi Inamoto,2d906b3d-0e4b-5513-a482-5fe0848b1b19,51,False,False
wc_history,WC-bba337eb-b51e-53c9-b91f-19868a104d62,1994-06-19,Norway,NOR,Kjetil Rekdal,56bf62d3-716a-514a-a98d-1c7d5621e82c,84,False,False
wc_history,WC-bba8c7c4-d9d2-5c75-ab6d-c3ffbac90104,1990-07-04,West Germany,DEU,Andreas Brehme,704afd5b-1504-575d-8218-b69e1bc1fca8,60,False,False
wc_history,WC-bba8c7c4-d9d2-5c75-ab6d-c3ffbac90104,1990-07-04,England,ENG,Gary Lineker,44c21d1a-7232-5642-8d8d-1607e5c0f026,80,False,False
wc_history,WC-bbcff995-c431-5416-b741-5b697ca3dd8f,2010-06-22,Nigeria,NGA,Kalu Uche,7e638ddf-cc05-5479-aa88-a730db344834,12,False,False
wc_history,WC-bbcff995-c431-5416-b741-5b697ca3dd8f,2010-06-22,South Korea,KOR,Jung-soo Lee,afb819ff-2600-57a4-80b5-2b01af9f44c5,38,False,False
wc_history,WC-bbcff995-c431-5416-b741-5b697ca3dd8f,2010-06-22,South Korea,KOR,Chu-young Park,42a3c838-c99a-59da-b5cc-11938d2f63c2,49,False,False
wc_history,WC-bbcff995-c431-5416-b741-5b697ca3dd8f,2010-06-22,Nigeria,NGA,Yakubu,12386214-8aed-5693-9ab7-cc26e0325bb8,69,True,False
wc_history,WC-bc006106-cb94-5dd5-b137-ebf326bc5617,1934-05-31,Austria,AUT,Johann Horvath,41aeeade-dbf9-58de-b677-a829988ea849,8,False,False
wc_history,WC-bc006106-cb94-5dd5-b137-ebf326bc5617,1934-05-31,Austria,AUT,Karl Zischek,a90f8e21-cedc-55d9-a4df-11e5d731046d,51,False,False
wc_history,WC-bc006106-cb94-5dd5-b137-ebf326bc5617,1934-05-31,Hungary,HUN,György Sárosi,b504d4a5-8ec6-5236-a2a2-63e8bfc53f46,60,True,False
wc_history,WC-bc8da311-d38b-503f-bb6d-c2e69f6e625b,2022-11-21,England,ENG,Jude Bellingham,8da08281-6c9c-5332-b4a5-50748b63a978,35,False,False
wc_history,WC-bc8da311-d38b-503f-bb6d-c2e69f6e625b,2022-11-21,England,ENG,Bukayo Saka,701114ff-0fc4-5bf7-9e46-16bac49f8f15,43,False,False
wc_history,WC-bc8da311-d38b-503f-bb6d-c2e69f6e625b,2022-11-21,England,ENG,Raheem Sterling,1ce931df-8f3a-57d8-af4c-aa4ecdb05aa8,45'+1,False,False
wc_history,WC-bc8da311-d38b-503f-bb6d-c2e69f6e625b,2022-11-21,England,ENG,Bukayo Saka,701114ff-0fc4-5bf7-9e46-16bac49f8f15,62,False,False
wc_history,WC-bc8da311-d38b-503f-bb6d-c2e69f6e625b,2022-11-21,Iran,IRN,Mehdi Taremi,3ea2dcf5-d7ed-529f-bc0d-4d3ac36fe0c2,65,False,False
wc_history,WC-bc8da311-d38b-503f-bb6d-c2e69f6e625b,2022-11-21,England,ENG,Marcus Rashford,7eeebf3a-e8be-5267-8609-8489ff0c7010,71,False,False
wc_history,WC-bc8da311-d38b-503f-bb6d-c2e69f6e625b,2022-11-21,Iran,IRN,Mehdi Taremi,3ea2dcf5-d7ed-529f-bc0d-4d3ac36fe0c2,90'+13,True,False
wc_history,WC-bc8da311-d38b-503f-bb6d-c2e69f6e625b,2022-11-21,England,ENG,Jack Grealish,9339b57f-2f50-566b-9fb1-41a472e1cfcc,90,False,False
wc_history,WC-bccf50f2-7b13-5fa8-a3d9-c74703f44c64,1978-06-24,Italy,ITA,Franco Causio,05f1ee53-033a-5421-8eb1-8e465168b87c,38,False,False
wc_history,WC-bccf50f2-7b13-5fa8-a3d9-c74703f44c64,1978-06-24,Brazil,BRA,Nelinho,b668bfce-ba3c-5107-8983-8ce9616889eb,64,False,False
wc_history,WC-bccf50f2-7b13-5fa8-a3d9-c74703f44c64,1978-06-24,Brazil,BRA,Dirceu,e597ad94-d887-590f-88cb-f06a9c358dd3,71,False,False
wc_history,WC-bd1460af-d434-5313-ace3-4a556348b884,2018-06-24,Senegal,SEN,Sadio Mané,701e1aae-bdfa-562a-8484-ecc062af28e2,11,False,False
wc_history,WC-bd1460af-d434-5313-ace3-4a556348b884,2018-06-24,Japan,JPN,Takashi Inui,239b187c-1da8-5988-bf16-98b2cbd78007,34,False,False
wc_history,WC-bd1460af-d434-5313-ace3-4a556348b884,2018-06-24,Senegal,SEN,Moussa Wagué,945fbf32-5d07-52ca-9dad-fb356881caee,71,False,False
wc_history,WC-bd1460af-d434-5313-ace3-4a556348b884,2018-06-24,Japan,JPN,Keisuke Honda,5dda8623-05c3-5936-b719-6ef6f7dd9dc0,78,False,False
wc_history,WC-bd2f2f53-877c-5ca3-acc7-6a0ebebfc12d,1982-06-23,Argentina,ARG,Daniel Passarella,7b9537cd-da15-57f1-93a6-3fc043e828b7,22,True,False
wc_history,WC-bd2f2f53-877c-5ca3-acc7-6a0ebebfc12d,1982-06-23,Argentina,ARG,Daniel Bertoni,d8926f3f-6e73-584d-90e9-656d7400d30f,54,False,False
wc_history,WC-bd318a96-7155-5c9b-a488-f32e60fb683b,1986-06-03,Mexico,MEX,Fernando Quirarte,df212ce7-3da7-52c6-b256-44e10abcab30,23,False,False
wc_history,WC-bd318a96-7155-5c9b-a488-f32e60fb683b,1986-06-03,Mexico,MEX,Hugo Sánchez,2ca8cb6d-311e-586a-8664-da56ed0eb0dd,39,False,False
wc_history,WC-bd318a96-7155-5c9b-a488-f32e60fb683b,1986-06-03,Belgium,BEL,Erwin Vandenbergh,3d5f64bf-828a-5c08-9621-287299314a28,45,False,False
wc_history,WC-bd81e49b-ca63-5eee-bf34-fd72c7531e1c,1982-06-25,Northern Ireland,NIR,Gerry Armstrong,0e2e9aff-7a3a-5af9-bed3-da349106d8c2,47,False,False
wc_history,WC-bdbd60b2-f00d-5d70-9611-7d973351da52,2018-06-28,Panama,PAN,Yassine Meriah,95076291-def8-5591-9775-1c868112a556,33,False,True
wc_history,WC-bdbd60b2-f00d-5d70-9611-7d973351da52,2018-06-28,Tunisia,TUN,Fakhreddine Ben Youssef,c07e021f-8b67-5907-b2a7-c346b2b7dd1a,51,False,False
wc_history,WC-bdbd60b2-f00d-5d70-9611-7d973351da52,2018-06-28,Tunisia,TUN,Wahbi Khazri,df16eb26-a120-5315-8c27-3cccbd9124e7,66,False,False
wc_history,WC-bdd24f59-e6aa-5a7c-8901-6c435baaa4dc,1974-06-18,Yugoslavia,YUG,Dušan Bajević,77896d96-4d27-53b3-8711-2291ae78e3d1,8,False,False
wc_history,WC-bdd24f59-e6aa-5a7c-8901-6c435baaa4dc,1974-06-18,Yugoslavia,YUG,Dragan Džajić,18d1229f-5e66-5338-9784-62f2790220e3,14,False,False
wc_history,WC-bdd24f59-e6aa-5a7c-8901-6c435baaa4dc,1974-06-18,Yugoslavia,YUG,Ivica Šurjak,09c2d73e-c2b1-5483-8009-940b860884b6,18,False,False
wc_history,WC-bdd24f59-e6aa-5a7c-8901-6c435baaa4dc,1974-06-18,Yugoslavia,YUG,Josip Katalinski,b72d4220-6646-51be-959e-ec84de5708a3,22,False,False
wc_history,WC-bdd24f59-e6aa-5a7c-8901-6c435baaa4dc,1974-06-18,Yugoslavia,YUG,Dušan Bajević,77896d96-4d27-53b3-8711-2291ae78e3d1,30,False,False
wc_history,WC-bdd24f59-e6aa-5a7c-8901-6c435baaa4dc,1974-06-18,Yugoslavia,YUG,Vladislav Bogićević,f9246b14-ef5d-59b5-a170-3dd9eacd8f31,35,False,False
wc_history,WC-bdd24f59-e6aa-5a7c-8901-6c435baaa4dc,1974-06-18,Yugoslavia,YUG,Branko Oblak,27ba7a46-6ece-5fe3-af1a-60668f93f95d,61,False,False
wc_history,WC-bdd24f59-e6aa-5a7c-8901-6c435baaa4dc,1974-06-18,Yugoslavia,YUG,Ilija Petković,bdcead44-a9ce-5e1a-a608-2fa072caa26b,65,False,False
wc_history,WC-bdd24f59-e6aa-5a7c-8901-6c435baaa4dc,1974-06-18,Yugoslavia,YUG,Dušan Bajević,77896d96-4d27-53b3-8711-2291ae78e3d1,81,False,False
wc_history,WC-bdfa0794-7316-575e-84ac-6a377e1bd01f,1986-06-29,Argentina,ARG,José Luis Brown,bb5c8dab-0687-56e7-bf6c-a34f581dc8e9,23,False,False
wc_history,WC-bdfa0794-7316-575e-84ac-6a377e1bd01f,1986-06-29,Argentina,ARG,Jorge Valdano,d567e6df-2230-5a09-98a4-70f32305288b,56,False,False
wc_history,WC-bdfa0794-7316-575e-84ac-6a377e1bd01f,1986-06-29,West Germany,DEU,Karl-Heinz Rummenigge,b779ca86-8ac7-568e-af16-5c00f4f48422,74,False,False
wc_history,WC-bdfa0794-7316-575e-84ac-6a377e1bd01f,1986-06-29,West Germany,DEU,Rudi Völler,d92fe933-854a-52df-9015-5bc93142cc02,81,False,False
wc_history,WC-bdfa0794-7316-575e-84ac-6a377e1bd01f,1986-06-29,Argentina,ARG,Jorge Burruchaga,1667a349-93f3-5369-a522-9dfd6da2b9c0,84,False,False
wc_history,WC-be3c4bfc-6194-5a4d-a38d-c5a4c618c11b,1986-06-11,Morocco,MAR,Abderrazak Khairi,51a51fd6-2c24-5ccc-8970-a9383191289f,19,False,False
wc_history,WC-be3c4bfc-6194-5a4d-a38d-c5a4c618c11b,1986-06-11,Morocco,MAR,Abderrazak Khairi,51a51fd6-2c24-5ccc-8970-a9383191289f,26,False,False
wc_history,WC-be3c4bfc-6194-5a4d-a38d-c5a4c618c11b,1986-06-11,Morocco,MAR,Abdelkrim Merry,5909f198-bde9-5845-8d9d-049d07cfa9ff,62,False,False
wc_history,WC-be3c4bfc-6194-5a4d-a38d-c5a4c618c11b,1986-06-11,Portugal,PRT,Diamantino,0eb20303-d312-50c5-bcab-3ee5e0493ad4,80,False,False
wc_history,WC-bea8c217-1105-58df-ab33-5fa17645d635,1966-07-12,Soviet Union,SUN,Eduard Malofeyev,b7ec0fd8-ee42-54ca-add9-4f89b2ac975f,31,False,False
wc_history,WC-bea8c217-1105-58df-ab33-5fa17645d635,1966-07-12,Soviet Union,SUN,Anatoliy Banishevskiy,a6bd5ef7-35e9-5d45-917b-62dc59ac6f86,33,False,False
wc_history,WC-bea8c217-1105-58df-ab33-5fa17645d635,1966-07-12,Soviet Union,SUN,Eduard Malofeyev,b7ec0fd8-ee42-54ca-add9-4f89b2ac975f,88,False,False
wc_history,WC-bead3ae0-1e48-5f1f-a3b8-870f8034d7d5,2006-06-17,Ghana,GHA,Asamoah Gyan,25acf578-7d54-5b0c-9ef7-60287405b645,2,False,False
wc_history,WC-bead3ae0-1e48-5f1f-a3b8-870f8034d7d5,2006-06-17,Ghana,GHA,Sulley Muntari,9f51d5a3-4141-5e43-b95b-2fb56f0f888f,82,False,False
wc_history,WC-bf8a3d14-1fd4-5d9c-930f-d87be241dd30,1966-07-12,West Germany,DEU,Sigfried Held,bd99bee9-1dad-5ca2-ae1a-48231c73ed26,16,False,False
wc_history,WC-bf8a3d14-1fd4-5d9c-930f-d87be241dd30,1966-07-12,West Germany,DEU,Helmut Haller,9f33a8a5-02b8-5290-bede-e946023a7c13,21,False,False
wc_history,WC-bf8a3d14-1fd4-5d9c-930f-d87be241dd30,1966-07-12,West Germany,DEU,Franz Beckenbauer,a6d6171a-3cc0-5622-91c6-70d890978566,40,False,False
wc_history,WC-bf8a3d14-1fd4-5d9c-930f-d87be241dd30,1966-07-12,West Germany,DEU,Franz Beckenbauer,a6d6171a-3cc0-5622-91c6-70d890978566,52,False,False
wc_history,WC-bf8a3d14-1fd4-5d9c-930f-d87be241dd30,1966-07-12,West Germany,DEU,Helmut Haller,9f33a8a5-02b8-5290-bede-e946023a7c13,77,True,False
wc_history,WC-bfb34dc6-4e89-5862-8721-6ed1e13b0cd3,2006-06-11,Portugal,PRT,Pauleta,298ab8fe-0fe3-5fec-8e8b-a0cf4607fdb9,4,False,False
wc_history,WC-bfd1703b-e05c-539b-97f6-8ee3e907f4e4,2018-06-20,Spain,ESP,Diego Costa,f9246ad8-3717-5107-9286-f6eac2b2580b,54,False,False
wc_history,WC-bfdfdeb7-3e4e-586a-9083-b96c4c13cdf9,2002-06-03,Mexico,MEX,Cuauhtémoc Blanco,ca13d28f-f126-5f62-82d7-d9a37687f6e4,60,True,False
wc_history,WC-c05419c1-eef3-5863-a55d-80a48bdd7c09,1970-06-11,Bulgaria,BGR,Dobromir Zhechev,bbdd1c99-db18-512d-a69c-e99d10f2f1cf,40,False,False
wc_history,WC-c05419c1-eef3-5863-a55d-80a48bdd7c09,1970-06-11,Morocco,MAR,Maouhoub Ghazouani,f1ac6083-0060-5a84-9a43-7a6b403f74e8,61,False,False
wc_history,WC-c0b81ba4-5910-5216-a5c7-9c6ded0c2523,2006-06-17,Italy,ITA,Alberto Gilardino,c6a9e829-0faa-581d-a85e-7ac220a0134d,22,False,False
wc_history,WC-c0b81ba4-5910-5216-a5c7-9c6ded0c2523,2006-06-17,United States,USA,Cristian Zaccardo,69975bf7-fa31-5df8-b6e3-601eb31b4382,27,False,True
wc_history,WC-c0be55d8-511e-5a02-8119-8d015053a2be,1982-07-02,Brazil,BRA,Zico,d05e7f02-78df-5ff0-adf8-1629609e1606,11,False,False
wc_history,WC-c0be55d8-511e-5a02-8119-8d015053a2be,1982-07-02,Brazil,BRA,Serginho,4c3f7f1e-4ee7-5a31-813a-43ca43fcbad6,66,False,False
wc_history,WC-c0be55d8-511e-5a02-8119-8d015053a2be,1982-07-02,Brazil,BRA,Júnior,9fbae7c2-0551-5b94-ad52-41e1f30f46de,75,False,False
wc_history,WC-c0be55d8-511e-5a02-8119-8d015053a2be,1982-07-02,Argentina,ARG,Ramón Díaz,3ec2acae-20dd-5bd1-9b9a-316c327725e6,89,False,False
wc_history,WC-c0fdaf0b-50a5-5cf8-844e-481bc80dc3cd,2022-11-30,Argentina,ARG,Alexis Mac Allister,5fccad3b-cf96-502e-b668-c23d5fb4aaec,46,False,False
wc_history,WC-c0fdaf0b-50a5-5cf8-844e-481bc80dc3cd,2022-11-30,Argentina,ARG,Julián Álvarez,fa2ecd18-5340-5f99-aa0b-0610550fcf28,67,False,False
wc_history,WC-c11d2729-a4d3-568a-8286-475fbf8c5831,2010-06-16,Chile,CHL,Jean Beausejour,7cbda251-89de-5319-8f5b-64ee681eade6,34,False,False
wc_history,WC-c1348e31-4374-52c6-865b-17ec95955d52,1998-07-04,Croatia,HRV,Robert Jarni,bfca0860-a9c5-5110-9996-4c8818bfe6b0,45'+3,False,False
wc_history,WC-c1348e31-4374-52c6-865b-17ec95955d52,1998-07-04,Croatia,HRV,Goran Vlaović,ee481357-b530-573b-94f2-4c4daf4791af,80,False,False
wc_history,WC-c1348e31-4374-52c6-865b-17ec95955d52,1998-07-04,Croatia,HRV,Davor Šuker,3e48e77f-d637-5a57-a13e-0b28d358ce7e,85,False,False
wc_history,WC-c19b5e11-8b0a-5fd7-92fe-b6865c672028,2010-06-22,South Africa,ZAF,Bongani Khumalo,9e9f87db-11a9-5c7b-ab3e-f92c0ba78b00,20,False,False
wc_history,WC-c19b5e11-8b0a-5fd7-92fe-b6865c672028,2010-06-22,South Africa,ZAF,Katlego Mphela,7afc1d2a-5734-57da-9639-e0b4a72e6f34,37,False,False
wc_history,WC-c19b5e11-8b0a-5fd7-92fe-b6865c672028,2010-06-22,France,FRA,Florent Malouda,a7c9d8d2-f4da-524e-9c44-973517a2802e,70,False,False
wc_history,WC-c1cd74ee-7de3-5ff3-aca5-572ba8b70b39,1990-07-03,Italy,ITA,Salvatore Schillaci,c97e904c-bb91-5d91-a795-34212acc0762,17,False,False
wc_history,WC-c1cd74ee-7de3-5ff3-aca5-572ba8b70b39,1990-07-03,Argentina,ARG,Claudio Caniggia,0b0d58a9-dc6b-56ec-bbb8-9b8f5e1b1831,67,False,False
wc_history,WC-c203ab74-bab0-555b-989d-7903c39a9b12,1982-06-15,Hungary,HUN,Tibor Nyilasi,f57d7b17-76f0-5683-9a4b-be8af706bd52,4,False,False
wc_history,WC-c203ab74-bab0-555b-989d-7903c39a9b12,1982-06-15,Hungary,HUN,Gábor Pölöskei,80679f03-456d-50a7-bc8c-970b1541071e,11,False,False
wc_history,WC-c203ab74-bab0-555b-989d-7903c39a9b12,1982-06-15,Hungary,HUN,László Fazekas,f756faa4-58f7-5ccb-93f2-a3b3b02d3741,23,False,False
wc_history,WC-c203ab74-bab0-555b-989d-7903c39a9b12,1982-06-15,Hungary,HUN,József Tóth,749500ca-f1e6-56f2-9358-4f6779ceca78,50,False,False
wc_history,WC-c203ab74-bab0-555b-989d-7903c39a9b12,1982-06-15,Hungary,HUN,László Fazekas,f756faa4-58f7-5ccb-93f2-a3b3b02d3741,54,False,False
wc_history,WC-c203ab74-bab0-555b-989d-7903c39a9b12,1982-06-15,El Salvador,SLV,Luis Ramírez Zapata,d6654925-b156-5ecb-82fa-3f8093cc1ebb,64,False,False
wc_history,WC-c203ab74-bab0-555b-989d-7903c39a9b12,1982-06-15,Hungary,HUN,László Kiss,af2720a3-89b4-5c4f-a4d3-f4562e03df79,69,False,False
wc_history,WC-c203ab74-bab0-555b-989d-7903c39a9b12,1982-06-15,Hungary,HUN,Lázár Szentes,3fc92dd1-0e29-5ae2-8158-56c4fed65c1d,70,False,False
wc_history,WC-c203ab74-bab0-555b-989d-7903c39a9b12,1982-06-15,Hungary,HUN,László Kiss,af2720a3-89b4-5c4f-a4d3-f4562e03df79,72,False,False
wc_history,WC-c203ab74-bab0-555b-989d-7903c39a9b12,1982-06-15,Hungary,HUN,László Kiss,af2720a3-89b4-5c4f-a4d3-f4562e03df79,76,False,False
wc_history,WC-c203ab74-bab0-555b-989d-7903c39a9b12,1982-06-15,Hungary,HUN,Tibor Nyilasi,f57d7b17-76f0-5683-9a4b-be8af706bd52,83,False,False
wc_history,WC-c247768e-af56-5a3f-8137-d17b0129a771,2002-06-02,Paraguay,PRY,Roque Santa Cruz,72bb1996-79d0-54cd-95a5-a15a310bc24c,39,False,False
wc_history,WC-c247768e-af56-5a3f-8137-d17b0129a771,2002-06-02,Paraguay,PRY,Francisco Arce,0fdf2771-1295-56e7-ad48-40c04ba1370c,55,False,False
wc_history,WC-c247768e-af56-5a3f-8137-d17b0129a771,2002-06-02,South Africa,ZAF,Teboho Mokoena,e7512ac7-27e2-5d4f-950e-4e21e73b012b,63,False,False
wc_history,WC-c247768e-af56-5a3f-8137-d17b0129a771,2002-06-02,South Africa,ZAF,Quinton Fortune,0c6ba855-bee1-57d4-8652-18701ab7a2ae,90'+1,True,False
wc_history,WC-c258eef7-a674-5b61-b333-7b80251777e6,2006-06-13,Brazil,BRA,Kaká,e2b8081d-10b5-5dc6-9f4a-da0b4d91aacb,44,False,False
wc_history,WC-c25ff0d1-5ee5-5a8b-8cbc-900885abd60a,2014-06-30,France,FRA,Paul Pogba,472eb89d-43ea-5f7a-8665-f6352ad12b09,79,False,False
wc_history,WC-c25ff0d1-5ee5-5a8b-8cbc-900885abd60a,2014-06-30,France,FRA,Joseph Yobo,d45ac541-66a0-5494-af74-0cfcc4002380,90'+2,False,True
wc_history,WC-c2a07b7d-5094-5a37-ae6c-6ae7fa0270c5,1986-06-04,Paraguay,PRY,Julio César Romero,5c8f0fb4-f2cd-54ba-80f1-698fe2e7463d,35,False,False
wc_history,WC-c2bf104d-a02c-579d-8882-1c2257c28d09,1998-06-11,Italy,ITA,Christian Vieri,b4454bbe-c865-5356-9f54-4a7722deeea4,10,False,False
wc_history,WC-c2bf104d-a02c-579d-8882-1c2257c28d09,1998-06-11,Chile,CHL,Marcelo Salas,53cf938f-11fb-54f8-8a10-8414a0f65554,45'+3,False,False
wc_history,WC-c2bf104d-a02c-579d-8882-1c2257c28d09,1998-06-11,Chile,CHL,Marcelo Salas,53cf938f-11fb-54f8-8a10-8414a0f65554,50,False,False
wc_history,WC-c2bf104d-a02c-579d-8882-1c2257c28d09,1998-06-11,Italy,ITA,Roberto Baggio,cf05a9b9-1ccf-5c78-b51e-a685a5a6a6b9,84,True,False
wc_history,WC-c307f46a-0024-56a1-b99e-3cbf9b320fd5,1970-06-03,Czechoslovakia,CSK,Ladislav Petráš,18c418a1-8e08-523a-b3cb-dc083d67c278,11,False,False
wc_history,WC-c307f46a-0024-56a1-b99e-3cbf9b320fd5,1970-06-03,Brazil,BRA,Rivellino,692698be-20ec-53cf-a10c-586e82c1bc3a,24,False,False
wc_history,WC-c307f46a-0024-56a1-b99e-3cbf9b320fd5,1970-06-03,Brazil,BRA,Pelé,706445cd-23b9-56b6-8d64-0d9a3f6e8125,59,False,False
wc_history,WC-c307f46a-0024-56a1-b99e-3cbf9b320fd5,1970-06-03,Brazil,BRA,Jairzinho,df7e95f2-669e-5d66-a9d7-99afeae3c90a,61,False,False
wc_history,WC-c307f46a-0024-56a1-b99e-3cbf9b320fd5,1970-06-03,Brazil,BRA,Jairzinho,df7e95f2-669e-5d66-a9d7-99afeae3c90a,83,False,False
wc_history,WC-c311734e-2a32-54a1-92c1-cb1d8e3f64aa,1954-06-17,Turkey,TUR,Suat Mamat,3384415d-d071-5fbb-b0e2-d2a2ac659657,2,False,False
wc_history,WC-c311734e-2a32-54a1-92c1-cb1d8e3f64aa,1954-06-17,West Germany,DEU,Hans Schäfer,33d90396-f213-5c12-9bd4-156c9856a628,14,False,False
wc_history,WC-c311734e-2a32-54a1-92c1-cb1d8e3f64aa,1954-06-17,West Germany,DEU,Bernhard Klodt,dbf87ff6-6394-55cc-a431-7bc28b21e183,52,False,False
wc_history,WC-c311734e-2a32-54a1-92c1-cb1d8e3f64aa,1954-06-17,West Germany,DEU,Ottmar Walter,fc70343a-611c-571d-89f8-9cdcc12cabc2,60,False,False
wc_history,WC-c311734e-2a32-54a1-92c1-cb1d8e3f64aa,1954-06-17,West Germany,DEU,Max Morlock,2b4168b8-d118-5c4b-b319-97a405701619,84,False,False
wc_history,WC-c3494fb8-2904-55ea-a61b-f5e33f59a280,2010-06-27,Argentina,ARG,Carlos Tevez,4361c3d3-932e-5e8f-acec-5cd20d58a087,26,False,False
wc_history,WC-c3494fb8-2904-55ea-a61b-f5e33f59a280,2010-06-27,Argentina,ARG,Gonzalo Higuaín,84230533-2edd-5cfc-b6cb-3c440bee7514,33,False,False
wc_history,WC-c3494fb8-2904-55ea-a61b-f5e33f59a280,2010-06-27,Argentina,ARG,Carlos Tevez,4361c3d3-932e-5e8f-acec-5cd20d58a087,52,False,False
wc_history,WC-c3494fb8-2904-55ea-a61b-f5e33f59a280,2010-06-27,Mexico,MEX,Javier Hernández,f8eb718f-d397-5788-9d66-a4191abc65b1,71,False,False
wc_history,WC-c3b311b0-df28-50d3-b920-318fe9eba8ed,2018-06-20,Portugal,PRT,Cristiano Ronaldo,d3c07451-e83b-55e6-a734-7ec19f9e1083,4,False,False
wc_history,WC-c3b5ee11-53a2-5502-ad2e-f9318746cf72,2014-06-19,Uruguay,URY,Luis Suárez,e5ec2cba-2a38-5a44-ba9d-0ca9a219e723,39,False,False
wc_history,WC-c3b5ee11-53a2-5502-ad2e-f9318746cf72,2014-06-19,England,ENG,Wayne Rooney,ccfb44f5-967e-5071-817c-7f72b0974ea6,75,False,False
wc_history,WC-c3b5ee11-53a2-5502-ad2e-f9318746cf72,2014-06-19,Uruguay,URY,Luis Suárez,e5ec2cba-2a38-5a44-ba9d-0ca9a219e723,85,False,False
wc_history,WC-c42b48c3-04b5-5bc4-91d4-0c0aaed54e53,1954-06-19,Uruguay,URY,Carlos Borges,bf12886e-066a-5247-9fb8-f67ec864f26f,17,False,False
wc_history,WC-c42b48c3-04b5-5bc4-91d4-0c0aaed54e53,1954-06-19,Uruguay,URY,Oscar Míguez,573decc0-ca0e-555d-a8c6-accd4bdffa4a,30,False,False
wc_history,WC-c42b48c3-04b5-5bc4-91d4-0c0aaed54e53,1954-06-19,Uruguay,URY,Carlos Borges,bf12886e-066a-5247-9fb8-f67ec864f26f,47,False,False
wc_history,WC-c42b48c3-04b5-5bc4-91d4-0c0aaed54e53,1954-06-19,Uruguay,URY,Julio Abbadie,21e66c80-88e4-53eb-9b55-7a23fb429589,54,False,False
wc_history,WC-c42b48c3-04b5-5bc4-91d4-0c0aaed54e53,1954-06-19,Uruguay,URY,Carlos Borges,bf12886e-066a-5247-9fb8-f67ec864f26f,57,False,False
wc_history,WC-c42b48c3-04b5-5bc4-91d4-0c0aaed54e53,1954-06-19,Uruguay,URY,Oscar Míguez,573decc0-ca0e-555d-a8c6-accd4bdffa4a,83,False,False
wc_history,WC-c42b48c3-04b5-5bc4-91d4-0c0aaed54e53,1954-06-19,Uruguay,URY,Julio Abbadie,21e66c80-88e4-53eb-9b55-7a23fb429589,85,False,False
wc_history,WC-c43da706-2ce9-5715-a088-3d7179988612,1958-06-24,Brazil,BRA,Vavá,489edf7d-e5bf-53ce-9aff-68cbc2f67e99,2,False,False
wc_history,WC-c43da706-2ce9-5715-a088-3d7179988612,1958-06-24,France,FRA,Just Fontaine,e611498a-cd22-5e71-9f6a-16706cc6f3ca,9,False,False
wc_history,WC-c43da706-2ce9-5715-a088-3d7179988612,1958-06-24,Brazil,BRA,Didi,ce802b5f-41cb-5713-a978-71f5ecfdf738,39,False,False
wc_history,WC-c43da706-2ce9-5715-a088-3d7179988612,1958-06-24,Brazil,BRA,Pelé,706445cd-23b9-56b6-8d64-0d9a3f6e8125,52,False,False
wc_history,WC-c43da706-2ce9-5715-a088-3d7179988612,1958-06-24,Brazil,BRA,Pelé,706445cd-23b9-56b6-8d64-0d9a3f6e8125,64,False,False
wc_history,WC-c43da706-2ce9-5715-a088-3d7179988612,1958-06-24,Brazil,BRA,Pelé,706445cd-23b9-56b6-8d64-0d9a3f6e8125,75,False,False
wc_history,WC-c43da706-2ce9-5715-a088-3d7179988612,1958-06-24,France,FRA,Roger Piantoni,f6f863d9-37fe-52cf-a86f-a6f73163f410,83,False,False
wc_history,WC-c45ec56d-ed33-5242-a500-94d47329d7f1,1958-06-11,Northern Ireland,NIR,Peter McParland,25311fa5-4cb1-5866-a300-1dfe8f9925d2,4,False,False
wc_history,WC-c45ec56d-ed33-5242-a500-94d47329d7f1,1958-06-11,Argentina,ARG,Oreste Corbatta,1b424190-4987-55f1-a0ab-569d4a81fc66,37,True,False
wc_history,WC-c45ec56d-ed33-5242-a500-94d47329d7f1,1958-06-11,Argentina,ARG,Norberto Menéndez,fd8690bb-95f4-54fe-aa43-124bdda0483f,56,False,False
wc_history,WC-c45ec56d-ed33-5242-a500-94d47329d7f1,1958-06-11,Argentina,ARG,Ludovico Avio,dcee2987-df34-5d4d-aa97-bf1567ef65f3,60,False,False
wc_history,WC-c527a725-cc41-5b7f-b1fd-55880d03f2ea,1978-06-07,Scotland,SCO,Andranik Eskandarian,2bcc76a9-25fe-5841-9db0-83d555f900d4,43,False,True
wc_history,WC-c527a725-cc41-5b7f-b1fd-55880d03f2ea,1978-06-07,Iran,IRN,Iraj Danaeifard,fbda7435-e148-565f-935e-228f6c641825,60,False,False
wc_history,WC-c52cdcf3-80b7-5ed8-b412-c6721ad8f90f,1986-06-03,Portugal,PRT,Carlos Manuel,9c5d2fd9-5f11-5af8-82ab-7e8f11ea2160,75,False,False
wc_history,WC-c556678b-0bbb-5e2f-b163-bc0d7568f00d,1962-06-06,Spain,ESP,Adelardo,76bdc990-5ae1-5abc-bee8-c50074814c69,35,False,False
wc_history,WC-c556678b-0bbb-5e2f-b163-bc0d7568f00d,1962-06-06,Brazil,BRA,Amarildo,d8c38054-29e0-5b4e-b4e1-c34a6b4992b7,72,False,False
wc_history,WC-c556678b-0bbb-5e2f-b163-bc0d7568f00d,1962-06-06,Brazil,BRA,Amarildo,d8c38054-29e0-5b4e-b4e1-c34a6b4992b7,86,False,False
wc_history,WC-c6094a2d-2b99-5ee9-9a41-8d5834ebfc38,1954-06-27,West Germany,DEU,Ivica Horvat,0bff8546-a99b-5d78-a452-376d60612a50,9,False,True
wc_history,WC-c6094a2d-2b99-5ee9-9a41-8d5834ebfc38,1954-06-27,West Germany,DEU,Helmut Rahn,36594778-f2f8-5d20-99b1-2d245483f4ac,85,False,False
wc_history,WC-c61f7e43-0d9c-5aa4-b89d-11ad31ddef92,1998-06-16,Brazil,BRA,Ronaldo,c6d7a149-4d7b-59f8-8b38-6acaa67f72f5,9,False,False
wc_history,WC-c61f7e43-0d9c-5aa4-b89d-11ad31ddef92,1998-06-16,Brazil,BRA,Rivaldo,3bf52051-d43a-5b2b-9dbc-281ba13f5969,45'+2,False,False
wc_history,WC-c61f7e43-0d9c-5aa4-b89d-11ad31ddef92,1998-06-16,Brazil,BRA,Bebeto,e7c94ebc-d230-5886-98a9-63258c360dd8,50,False,False
wc_history,WC-c6e4715c-4636-5025-ab93-c3d7e873c282,1998-06-15,England,ENG,Alan Shearer,b027fabe-5a44-53b8-ac54-6ef26d053b42,42,False,False
wc_history,WC-c6e4715c-4636-5025-ab93-c3d7e873c282,1998-06-15,England,ENG,Paul Scholes,b13254b4-21ed-5dfa-a244-99f2ebe45248,89,False,False
wc_history,WC-c78ad228-68c0-5499-b355-0903ce9d748a,1998-06-29,Netherlands,NLD,Dennis Bergkamp,0d3e14b3-7fa2-5e1c-b09e-06c467689d11,38,False,False
wc_history,WC-c78ad228-68c0-5499-b355-0903ce9d748a,1998-06-29,Yugoslavia,YUG,Slobodan Komljenović,f1ba3f35-cdbe-5c82-a99f-26c6aaa8da56,48,False,False
wc_history,WC-c78ad228-68c0-5499-b355-0903ce9d748a,1998-06-29,Netherlands,NLD,Edgar Davids,29094d04-6f6a-5e1b-a154-f22e02ffaa31,90'+2,False,False
wc_history,WC-c7d5bfdf-2054-53e5-9e83-de73f5a4ebae,2018-06-17,Brazil,BRA,Philippe Coutinho,9f30eeb5-5349-58a0-a70d-8169f5a10365,20,False,False
wc_history,WC-c7d5bfdf-2054-53e5-9e83-de73f5a4ebae,2018-06-17,Switzerland,CHE,Steven Zuber,ed56528b-48ed-5215-adc1-cad5398c8059,50,False,False
wc_history,WC-c87d2037-1e30-51cc-9178-06e92dd2f9a2,1990-06-13,Argentina,ARG,Pedro Troglio,7b925eba-e591-55c6-9d03-8ab51f44a135,27,False,False
wc_history,WC-c87d2037-1e30-51cc-9178-06e92dd2f9a2,1990-06-13,Argentina,ARG,Jorge Burruchaga,1667a349-93f3-5369-a522-9dfd6da2b9c0,79,False,False
wc_history,WC-c90e9339-b72a-54a8-8084-bc82a70a7838,2006-06-18,France,FRA,Thierry Henry,b866a057-04bd-5761-8ef9-92536686762e,9,False,False
wc_history,WC-c90e9339-b72a-54a8-8084-bc82a70a7838,2006-06-18,South Korea,KOR,Ji-sung Park,9eeb648a-375d-5e25-8780-18801ead13c2,81,False,False
wc_history,WC-c90f89d2-1583-5bf5-b06b-ef9dd86fa32f,2018-06-23,Sweden,SWE,Ola Toivonen,fe1a74aa-3501-542b-98b9-ee464310a0fc,32,False,False
wc_history,WC-c90f89d2-1583-5bf5-b06b-ef9dd86fa32f,2018-06-23,Germany,DEU,Marco Reus,1276f022-15fc-5632-b588-80c8b3838296,48,False,False
wc_history,WC-c90f89d2-1583-5bf5-b06b-ef9dd86fa32f,2018-06-23,Germany,DEU,Toni Kroos,89987235-2a0d-52ad-a6c3-0a97d10d673b,90'+5,False,False
wc_history,WC-c988a7a5-b8ad-58e3-b923-b48d5a117c85,1974-06-26,Poland,POL,Grzegorz Lato,91ee4735-acc4-5e2a-bf5f-3876d20190dd,43,False,False
wc_history,WC-c9a4b6f3-bb97-5cd6-b32e-69685a983067,2010-06-25,Spain,ESP,David Villa,2b9ca28d-1a77-58e2-b9c9-bed97e2a8233,24,False,False
wc_history,WC-c9a4b6f3-bb97-5cd6-b32e-69685a983067,2010-06-25,Spain,ESP,Andrés Iniesta,6d906822-b293-5958-ad28-035170d80222,37,False,False
wc_history,WC-c9a4b6f3-bb97-5cd6-b32e-69685a983067,2010-06-25,Chile,CHL,Rodrigo Millar,dfc4d5e3-048a-5951-8f35-ea52e684f385,47,False,False
wc_history,WC-ca5793d9-fb76-5147-b662-1d9272c995d5,2002-06-01,Germany,DEU,Miroslav Klose,41f73bc6-c52c-5f4b-8e71-8137daa777d3,20,False,False
wc_history,WC-ca5793d9-fb76-5147-b662-1d9272c995d5,2002-06-01,Germany,DEU,Miroslav Klose,41f73bc6-c52c-5f4b-8e71-8137daa777d3,25,False,False
wc_history,WC-ca5793d9-fb76-5147-b662-1d9272c995d5,2002-06-01,Germany,DEU,Michael Ballack,ced238d5-92c7-5107-8d27-5dc8867d98cc,40,False,False
wc_history,WC-ca5793d9-fb76-5147-b662-1d9272c995d5,2002-06-01,Germany,DEU,Carsten Jancker,af645808-a8f5-54b5-b5a0-95c1a1c15455,45'+1,False,False
wc_history,WC-ca5793d9-fb76-5147-b662-1d9272c995d5,2002-06-01,Germany,DEU,Miroslav Klose,41f73bc6-c52c-5f4b-8e71-8137daa777d3,70,False,False
wc_history,WC-ca5793d9-fb76-5147-b662-1d9272c995d5,2002-06-01,Germany,DEU,Thomas Linke,ff8ba1f8-2e34-5cb5-878e-b5782794de0d,73,False,False
wc_history,WC-ca5793d9-fb76-5147-b662-1d9272c995d5,2002-06-01,Germany,DEU,Oliver Bierhoff,d29f35c2-b771-5cf7-a2cf-9a91d485213f,84,False,False
wc_history,WC-ca5793d9-fb76-5147-b662-1d9272c995d5,2002-06-01,Germany,DEU,Bernd Schneider,1c390e0b-2504-5f80-8fb2-55668ff0f25c,90'+1,False,False
wc_history,WC-cab0328f-3e55-5bcd-9a4b-052c3532db18,1950-07-16,Sweden,SWE,Stig Sundqvist,b455d005-bfca-58dc-b82f-3f9dc5cb9cec,15,False,False
wc_history,WC-cab0328f-3e55-5bcd-9a4b-052c3532db18,1950-07-16,Sweden,SWE,Bror Mellberg,ca842562-8e6b-596d-abe5-f40f83ea8be3,33,False,False
wc_history,WC-cab0328f-3e55-5bcd-9a4b-052c3532db18,1950-07-16,Sweden,SWE,Karl-Erik Palmér,513fb2a6-1ae8-58c3-b935-684567c8b4dc,80,False,False
wc_history,WC-cab0328f-3e55-5bcd-9a4b-052c3532db18,1950-07-16,Spain,ESP,Telmo Zarra,054d041c-870e-5b30-96cc-3d3bf2e603ea,82,False,False
wc_history,WC-cad089b5-ccc2-589b-938c-629633baec3c,1990-07-01,West Germany,DEU,Lothar Matthäus,c5dc8e1e-4f86-5c6f-9098-d6c12c30580f,25,True,False
wc_history,WC-cb013ea8-63fd-5418-95a4-93b60456a3ea,1974-06-30,Brazil,BRA,Rivellino,692698be-20ec-53cf-a10c-586e82c1bc3a,32,False,False
wc_history,WC-cb013ea8-63fd-5418-95a4-93b60456a3ea,1974-06-30,Argentina,ARG,Miguel Ángel Brindisi,874e4127-b010-5a44-a676-40db8d682199,35,False,False
wc_history,WC-cb013ea8-63fd-5418-95a4-93b60456a3ea,1974-06-30,Brazil,BRA,Jairzinho,df7e95f2-669e-5d66-a9d7-99afeae3c90a,49,False,False
wc_history,WC-cb024e94-01dd-5825-bcf7-e6c8fc319f9a,2006-06-27,Spain,ESP,David Villa,2b9ca28d-1a77-58e2-b9c9-bed97e2a8233,28,True,False
wc_history,WC-cb024e94-01dd-5825-bcf7-e6c8fc319f9a,2006-06-27,France,FRA,Franck Ribéry,4448423a-e24e-5bff-9281-d6a9a09e8e75,41,False,False
wc_history,WC-cb024e94-01dd-5825-bcf7-e6c8fc319f9a,2006-06-27,France,FRA,Patrick Vieira,a2fab40e-3125-54bd-ae7b-6c4f65b0c6b1,83,False,False
wc_history,WC-cb024e94-01dd-5825-bcf7-e6c8fc319f9a,2006-06-27,France,FRA,Zinedine Zidane,c1ce7ba5-2832-5ec6-b39e-1698aa7a5d97,90'+2,False,False
wc_history,WC-cb3b03d3-985e-5fc1-a828-9174ab593b12,1958-06-19,West Germany,DEU,Helmut Rahn,36594778-f2f8-5d20-99b1-2d245483f4ac,12,False,False
wc_history,WC-cbeff855-7980-55bd-93c3-437bc7af92f8,1994-06-17,Germany,DEU,Jürgen Klinsmann,67013912-938f-51c7-b4c6-8e1058400553,61,False,False
wc_history,WC-cbf6dc5e-4092-5870-b48c-21e6f763928c,1986-06-08,Denmark,DNK,Preben Elkjær,bb4af430-cfbb-58d4-8d63-553088286792,11,False,False
wc_history,WC-cbf6dc5e-4092-5870-b48c-21e6f763928c,1986-06-08,Denmark,DNK,Søren Lerby,69409c03-423a-5fbd-87d6-a0d7bfdfb3cc,41,False,False
wc_history,WC-cbf6dc5e-4092-5870-b48c-21e6f763928c,1986-06-08,Uruguay,URY,Enzo Francescoli,af4f0d84-4bf7-5e4c-a10a-e59306067604,45,True,False
wc_history,WC-cbf6dc5e-4092-5870-b48c-21e6f763928c,1986-06-08,Denmark,DNK,Michael Laudrup,bd69831c-60ce-5e57-b2c3-283ee0d25020,52,False,False
wc_history,WC-cbf6dc5e-4092-5870-b48c-21e6f763928c,1986-06-08,Denmark,DNK,Preben Elkjær,bb4af430-cfbb-58d4-8d63-553088286792,67,False,False
wc_history,WC-cbf6dc5e-4092-5870-b48c-21e6f763928c,1986-06-08,Denmark,DNK,Preben Elkjær,bb4af430-cfbb-58d4-8d63-553088286792,80,False,False
wc_history,WC-cbf6dc5e-4092-5870-b48c-21e6f763928c,1986-06-08,Denmark,DNK,Jesper Olsen,2775901d-62b3-5f52-b679-bf6a18ff20d0,88,False,False
wc_history,WC-ce0d3c86-1f62-5344-9969-dfed33378ed3,2002-06-04,Costa Rica,CRI,Rónald Gómez,cb0f7fde-257a-574b-a495-bfe09f8f10ca,61,False,False
wc_history,WC-ce0d3c86-1f62-5344-9969-dfed33378ed3,2002-06-04,Costa Rica,CRI,Mauricio Wright,e4219d0d-ec46-5773-9c68-5bac05141255,65,False,False
wc_history,WC-ce4177fc-469a-5dc9-ab42-0c6a5395fd55,1990-06-23,Cameroon,CMR,Roger Milla,a45d1194-35ac-561b-9547-789972c3668b,106,False,False
wc_history,WC-ce4177fc-469a-5dc9-ab42-0c6a5395fd55,1990-06-23,Cameroon,CMR,Roger Milla,a45d1194-35ac-561b-9547-789972c3668b,108,False,False
wc_history,WC-ce4177fc-469a-5dc9-ab42-0c6a5395fd55,1990-06-23,Colombia,COL,Bernardo Redín,089a6d08-e5f5-58c7-961b-9967537c3edb,115,False,False
wc_history,WC-ce8ef2bc-c178-5354-bc79-2a9e2def56fd,2002-06-11,Denmark,DNK,Dennis Rommedahl,fa0c15a4-3e41-596c-9f1e-2f79bea089f1,22,False,False
wc_history,WC-ce8ef2bc-c178-5354-bc79-2a9e2def56fd,2002-06-11,Denmark,DNK,Jon Dahl Tomasson,5c851e24-6ef4-5953-afbb-b18fcf2a0040,67,False,False
wc_history,WC-cf1369b9-0764-5a3e-b1bd-5379f8beb6c8,2014-06-16,United States,USA,Clint Dempsey,e6901690-167c-5bad-a610-7052d4b25daf,1,False,False
wc_history,WC-cf1369b9-0764-5a3e-b1bd-5379f8beb6c8,2014-06-16,Ghana,GHA,André Ayew,bcb11254-d4ff-5040-bf3e-7c12ef61f447,82,False,False
wc_history,WC-cf1369b9-0764-5a3e-b1bd-5379f8beb6c8,2014-06-16,United States,USA,John Brooks,3f97702f-449c-5c5d-aa59-90e3aee34fa4,86,False,False
wc_history,WC-cf1f1258-d51d-5374-a97d-b5523e32d924,1990-06-25,Italy,ITA,Salvatore Schillaci,c97e904c-bb91-5d91-a795-34212acc0762,65,False,False
wc_history,WC-cf1f1258-d51d-5374-a97d-b5523e32d924,1990-06-25,Italy,ITA,Aldo Serena,f11c5dca-224c-5c15-855c-1697aadce860,83,False,False
wc_history,WC-cf7a82ea-0995-53a6-83b4-b9178e288d9a,1978-06-02,Hungary,HUN,Károly Csapó,7c12043a-a2da-5635-982a-ce7e11f0d3c3,9,False,False
wc_history,WC-cf7a82ea-0995-53a6-83b4-b9178e288d9a,1978-06-02,Argentina,ARG,Leopoldo Luque,cf4f765a-3e7d-5a12-9893-0692b5f44436,14,False,False
wc_history,WC-cf7a82ea-0995-53a6-83b4-b9178e288d9a,1978-06-02,Argentina,ARG,Daniel Bertoni,d8926f3f-6e73-584d-90e9-656d7400d30f,83,False,False
wc_history,WC-cffd1e8d-c1e6-5a18-ad82-a1901764d01d,2014-06-23,Spain,ESP,David Villa,2b9ca28d-1a77-58e2-b9c9-bed97e2a8233,36,False,False
wc_history,WC-cffd1e8d-c1e6-5a18-ad82-a1901764d01d,2014-06-23,Spain,ESP,Fernando Torres,b85e7087-e663-5790-aef6-a1bda34bef73,69,False,False
wc_history,WC-cffd1e8d-c1e6-5a18-ad82-a1901764d01d,2014-06-23,Spain,ESP,Juan Mata,ec44c6b9-b488-55a6-b847-96a487a46658,82,False,False
wc_history,WC-d0141c0d-ea27-5c9a-a1f7-e2029f42a315,2006-06-14,Tunisia,TUN,Ziad Jaziri,f5f47ef5-e27c-58c0-9cd3-e075a91a9df6,23,False,False
wc_history,WC-d0141c0d-ea27-5c9a-a1f7-e2029f42a315,2006-06-14,Saudi Arabia,SAU,Yasser Al-Qahtani,9ec7a133-8dbe-59b9-adac-209b819f7e5a,57,False,False
wc_history,WC-d0141c0d-ea27-5c9a-a1f7-e2029f42a315,2006-06-14,Saudi Arabia,SAU,Sami Al-Jaber,43429881-5514-5d84-8fc1-fbd002dcfcd9,84,False,False
wc_history,WC-d0141c0d-ea27-5c9a-a1f7-e2029f42a315,2006-06-14,Tunisia,TUN,Radhi Jaïdi,f9a12ec2-3baf-5991-9d67-232ef9702891,90'+2,False,False
wc_history,WC-d03e381c-32a8-578f-9589-8b859c8c1a9c,1986-06-05,Bulgaria,BGR,Plamen Getov,9e529cf9-4f89-5ee1-a9ac-97542403b343,11,False,False
wc_history,WC-d03e381c-32a8-578f-9589-8b859c8c1a9c,1986-06-05,South Korea,KOR,Jong-boo Kim,c3697ffa-e54d-522c-bd93-59403641ce83,70,False,False
wc_history,WC-d06078e8-f5a0-544c-a79f-e819f4ef8c0f,2006-07-08,Germany,DEU,Bastian Schweinsteiger,b58d7d71-ca0a-5d31-9a36-fb6f46f10a6a,56,False,False
wc_history,WC-d06078e8-f5a0-544c-a79f-e819f4ef8c0f,2006-07-08,Germany,DEU,Petit,11995e5e-c843-5808-a1c9-e5b462bee256,60,False,True
wc_history,WC-d06078e8-f5a0-544c-a79f-e819f4ef8c0f,2006-07-08,Germany,DEU,Bastian Schweinsteiger,b58d7d71-ca0a-5d31-9a36-fb6f46f10a6a,78,False,False
wc_history,WC-d06078e8-f5a0-544c-a79f-e819f4ef8c0f,2006-07-08,Portugal,PRT,Nuno Gomes,bc4fe705-4f34-5662-ae2f-25909ade5b38,88,False,False
wc_history,WC-d0673a09-aff4-5b8b-8514-6efbc44a3d6e,2006-06-18,Brazil,BRA,Adriano,139bdcc1-19e5-5b3c-8d8f-2bd5246292f7,49,False,False
wc_history,WC-d0673a09-aff4-5b8b-8514-6efbc44a3d6e,2006-06-18,Brazil,BRA,Fred,9146242d-daf2-5df3-b9c3-9c4e2d4f4365,90,False,False
wc_history,WC-d075d254-4b05-5946-a73a-a2303f50e8c5,1990-06-09,Colombia,COL,Bernardo Redín,089a6d08-e5f5-58c7-961b-9967537c3edb,50,False,False
wc_history,WC-d075d254-4b05-5946-a73a-a2303f50e8c5,1990-06-09,Colombia,COL,Carlos Valderrama,db5599ea-16db-519b-9b4c-cc0c57bf081a,85,False,False
wc_history,WC-d091c3dc-528c-5587-85a8-1c271e7c8448,1978-06-03,Sweden,SWE,Thomas Sjöberg,a1431dc5-0e29-5cd3-8fff-be95b3110d78,37,False,False
wc_history,WC-d091c3dc-528c-5587-85a8-1c271e7c8448,1978-06-03,Brazil,BRA,Reinaldo,2958ccb6-55dd-56e6-aff6-484d6ab4abe4,45,False,False
wc_history,WC-d0b2fddb-0798-5491-be29-5bb2961d410d,1962-06-07,Czechoslovakia,CSK,Václav Mašek,5a427539-2390-548d-8c52-4aa9f2eb1163,1,False,False
wc_history,WC-d0b2fddb-0798-5491-be29-5bb2961d410d,1962-06-07,Mexico,MEX,Isidoro Díaz,3bca8ab9-2e09-5728-8c15-a85aa835d956,12,False,False
wc_history,WC-d0b2fddb-0798-5491-be29-5bb2961d410d,1962-06-07,Mexico,MEX,Alfredo del Águila,fef0e60c-39e3-51c3-8486-a921fcab25a8,29,False,False
wc_history,WC-d0b2fddb-0798-5491-be29-5bb2961d410d,1962-06-07,Mexico,MEX,Héctor Hernández,cb8cd46f-c1bd-5137-bca2-37302e35f345,90,True,False
wc_history,WC-d0b89f1a-95cc-5d7f-8ff6-83f1c74eecc1,1962-06-06,West Germany,DEU,Horst Szymaniak,fc218bfb-19d4-5c15-9b92-0b32874c0a55,21,True,False
wc_history,WC-d0b89f1a-95cc-5d7f-8ff6-83f1c74eecc1,1962-06-06,West Germany,DEU,Uwe Seeler,33864d66-d8d9-524b-a228-8e6849104a8d,82,False,False
wc_history,WC-d0c724bd-3184-5813-806f-da4c259685d4,2002-06-07,England,ENG,David Beckham,7e2d304a-b785-50b0-8d73-29e7ee367cee,44,True,False
wc_history,WC-d0d6d43e-ecdd-5567-9a17-e06bf3faf5cc,2014-06-28,Brazil,BRA,David Luiz,9f2b564e-92d7-583d-b2a2-57d7e7abd226,18,False,False
wc_history,WC-d0d6d43e-ecdd-5567-9a17-e06bf3faf5cc,2014-06-28,Chile,CHL,Alexis Sánchez,51e13295-9a62-5f43-a416-99cb45d81b88,32,False,False
wc_history,WC-d0ff877d-9f7f-5adf-8d28-3f389962f019,2002-06-14,South Korea,KOR,Ji-sung Park,9eeb648a-375d-5e25-8780-18801ead13c2,70,False,False
wc_history,WC-d10510df-7ff5-53e7-a8bf-47ec4f650a86,1986-06-07,Poland,POL,Włodzimierz Smolarek,6255ccfb-2f9f-5a8b-9435-82024e4e6ddc,68,False,False
wc_history,WC-d1305f5c-8b7b-55dd-b658-3a3555cd57d9,1998-06-25,Netherlands,NLD,Phillip Cocu,e1219e98-d5e4-5678-9242-601b122e9757,4,False,False
wc_history,WC-d1305f5c-8b7b-55dd-b658-3a3555cd57d9,1998-06-25,Netherlands,NLD,Ronald de Boer,5139b004-6df4-56ad-bb96-a6848c988b47,18,False,False
wc_history,WC-d1305f5c-8b7b-55dd-b658-3a3555cd57d9,1998-06-25,Mexico,MEX,Ricardo Peláez,039aa507-7f97-5d56-a934-6250b0b21010,75,False,False
wc_history,WC-d1305f5c-8b7b-55dd-b658-3a3555cd57d9,1998-06-25,Mexico,MEX,Luis Hernández,30c559b3-7af1-50cd-bc5c-c2c3dbbcf55f,90'+4,False,False
wc_history,WC-d15b5b01-f786-5cbc-9224-73eacc131510,2006-06-23,Switzerland,CHE,Philippe Senderos,57d348c0-7440-5438-b1b9-54fa8fc76fb3,23,False,False
wc_history,WC-d15b5b01-f786-5cbc-9224-73eacc131510,2006-06-23,Switzerland,CHE,Alexander Frei,54777d1a-00cc-59be-99d5-09d360061a01,77,False,False
wc_history,WC-d18917c8-74ac-5c8a-975c-50d200f358cd,2010-06-20,Brazil,BRA,Luís Fabiano,e4848667-10d9-5f30-acb1-f50101ccdc26,25,False,False
wc_history,WC-d18917c8-74ac-5c8a-975c-50d200f358cd,2010-06-20,Brazil,BRA,Luís Fabiano,e4848667-10d9-5f30-acb1-f50101ccdc26,50,False,False
wc_history,WC-d18917c8-74ac-5c8a-975c-50d200f358cd,2010-06-20,Brazil,BRA,Elano,d2de10e7-f2aa-5c3e-9e14-3fb3607ccdad,62,False,False
wc_history,WC-d18917c8-74ac-5c8a-975c-50d200f358cd,2010-06-20,Ivory Coast,CIV,Didier Drogba,dd9b2059-13ad-56ba-9b79-f5ce5bbd4184,79,False,False
wc_history,WC-d1e897a9-3c4d-5cee-a75d-65d380e357b9,1998-06-30,Argentina,ARG,Gabriel Batistuta,b9ee0af3-0bc4-5d1d-aa2a-0ede858b5147,5,True,False
wc_history,WC-d1e897a9-3c4d-5cee-a75d-65d380e357b9,1998-06-30,England,ENG,Alan Shearer,b027fabe-5a44-53b8-ac54-6ef26d053b42,9,True,False
wc_history,WC-d1e897a9-3c4d-5cee-a75d-65d380e357b9,1998-06-30,England,ENG,Michael Owen,04287b0d-24cb-5c63-8583-7ec03173ce19,16,False,False
wc_history,WC-d1e897a9-3c4d-5cee-a75d-65d380e357b9,1998-06-30,Argentina,ARG,Javier Zanetti,2393545b-3bf1-5883-a683-170c43075d0a,45'+1,False,False
wc_history,WC-d21cccdd-d027-5694-9af5-e2b65949d0e2,1962-05-30,Argentina,ARG,Héctor Facundo,bc215174-ab91-5a07-882b-c5491baa7e17,4,False,False
wc_history,WC-d22d7982-272c-58a4-a5de-e4651c59b76c,1990-06-11,Costa Rica,CRI,Juan Cayasso,54c47d94-6bcc-5973-9221-b14fa140fd86,49,False,False
wc_history,WC-d24398f2-84c9-590b-9669-bfdc5df0c10f,1994-06-24,Brazil,BRA,Romário,705a28fe-4421-5794-a754-fdc7846fe0e8,39,False,False
wc_history,WC-d24398f2-84c9-590b-9669-bfdc5df0c10f,1994-06-24,Brazil,BRA,Márcio Santos,5cf44983-a552-5d56-8bc2-fcef5d3321b5,66,False,False
wc_history,WC-d24398f2-84c9-590b-9669-bfdc5df0c10f,1994-06-24,Brazil,BRA,Bebeto,e7c94ebc-d230-5886-98a9-63258c360dd8,73,False,False
wc_history,WC-d24addb7-0ff8-565e-9296-0eb0cf760784,1990-07-08,West Germany,DEU,Andreas Brehme,704afd5b-1504-575d-8218-b69e1bc1fca8,85,True,False
wc_history,WC-d27f24e4-f50d-5721-8f00-932e97048aa2,1950-06-29,Sweden,SWE,Stig Sundqvist,b455d005-bfca-58dc-b82f-3f9dc5cb9cec,17,False,False
wc_history,WC-d27f24e4-f50d-5721-8f00-932e97048aa2,1950-06-29,Sweden,SWE,Karl-Erik Palmér,513fb2a6-1ae8-58c3-b935-684567c8b4dc,26,False,False
wc_history,WC-d27f24e4-f50d-5721-8f00-932e97048aa2,1950-06-29,Paraguay,PRY,Atilio López,477dd4d3-599c-5bcf-91bb-183515a701b6,35,False,False
wc_history,WC-d27f24e4-f50d-5721-8f00-932e97048aa2,1950-06-29,Paraguay,PRY,César López Fretes,098dead5-d724-5f8e-9382-486608d612dc,74,False,False
wc_history,WC-d2bfa755-4b90-5c7a-8aa9-f9b7a5504882,1962-06-03,Spain,ESP,Joaquín Peiró,a5caf8e5-b398-5e12-95a8-363c63331b44,90,False,False
wc_history,WC-d2fb32e5-1cc7-5b36-8002-dda815d01cb9,2014-06-20,Costa Rica,CRI,Bryan Ruiz,0ab8a430-bd98-5137-ba1c-48b3ced1901d,44,False,False
wc_history,WC-d3461bb4-3e32-5ef6-b3cc-f5907010e95c,1930-07-14,Yugoslavia,YUG,Aleksandar Tirnanić,369ae6fc-23b8-5cd8-9c20-6c79c00342dc,21,False,False
wc_history,WC-d3461bb4-3e32-5ef6-b3cc-f5907010e95c,1930-07-14,Yugoslavia,YUG,Ivan Bek,dbf4c902-2354-5123-898d-eb62ba965bc3,30,False,False
wc_history,WC-d3461bb4-3e32-5ef6-b3cc-f5907010e95c,1930-07-14,Brazil,BRA,Preguinho,b7f6844b-a75a-5215-b59d-45d40caca913,62,False,False
wc_history,WC-d34ce977-171b-5065-bd15-40a3fde927cd,1938-06-09,Romania,ROU,Ștefan Dobay,f37a316c-daf7-5d5c-af9d-59f762f8da85,35,False,False
wc_history,WC-d34ce977-171b-5065-bd15-40a3fde927cd,1938-06-09,Cuba,CUB,Héctor Socorro,7d3633c7-7272-567e-b671-0db3de773938,51,False,False
wc_history,WC-d34ce977-171b-5065-bd15-40a3fde927cd,1938-06-09,Cuba,CUB,Tomás Fernández,91ecb0dd-d8db-5e58-9498-3c83d6d61fc3,57,False,False
wc_history,WC-d37524bd-d17c-52a1-9048-bee4a67f7664,1990-06-11,England,ENG,Gary Lineker,44c21d1a-7232-5642-8d8d-1607e5c0f026,9,False,False
wc_history,WC-d37524bd-d17c-52a1-9048-bee4a67f7664,1990-06-11,Republic of Ireland,IRL,Kevin Sheedy,65643bad-2833-5c05-a2ce-fff3b546b7f2,73,False,False
wc_history,WC-d41da13b-0a39-5803-aa62-883ac7da34a5,1982-07-04,France,FRA,Alain Giresse,df607b03-8061-514c-8e98-b6f1527f9d87,33,False,False
wc_history,WC-d41da13b-0a39-5803-aa62-883ac7da34a5,1982-07-04,France,FRA,Dominique Rocheteau,fc4912d4-34e7-59b0-ba68-952573a44baf,46,False,False
wc_history,WC-d41da13b-0a39-5803-aa62-883ac7da34a5,1982-07-04,France,FRA,Dominique Rocheteau,fc4912d4-34e7-59b0-ba68-952573a44baf,68,False,False
wc_history,WC-d41da13b-0a39-5803-aa62-883ac7da34a5,1982-07-04,Northern Ireland,NIR,Gerry Armstrong,0e2e9aff-7a3a-5af9-bed3-da349106d8c2,75,False,False
wc_history,WC-d41da13b-0a39-5803-aa62-883ac7da34a5,1982-07-04,France,FRA,Alain Giresse,df607b03-8061-514c-8e98-b6f1527f9d87,80,False,False
wc_history,WC-d4895076-43df-5770-8c44-09ad3e0b7039,1970-06-07,Brazil,BRA,Jairzinho,df7e95f2-669e-5d66-a9d7-99afeae3c90a,59,False,False
wc_history,WC-d489f610-1036-53f3-b0c8-28e1d41b3df2,1982-06-23,Brazil,BRA,Zico,d05e7f02-78df-5ff0-adf8-1629609e1606,28,False,False
wc_history,WC-d489f610-1036-53f3-b0c8-28e1d41b3df2,1982-06-23,Brazil,BRA,Zico,d05e7f02-78df-5ff0-adf8-1629609e1606,31,False,False
wc_history,WC-d489f610-1036-53f3-b0c8-28e1d41b3df2,1982-06-23,Brazil,BRA,Falcão,45dd8982-0ede-52d1-beed-054c0857974b,64,False,False
wc_history,WC-d489f610-1036-53f3-b0c8-28e1d41b3df2,1982-06-23,Brazil,BRA,Serginho,4c3f7f1e-4ee7-5a31-813a-43ca43fcbad6,70,False,False
wc_history,WC-d48da5be-73d7-53b6-97b5-6c9fa8371b4e,1986-06-11,Belgium,BEL,Franky Vercauteren,3afb6e8d-80e4-5f78-8027-6f65de04890a,30,False,False
wc_history,WC-d48da5be-73d7-53b6-97b5-6c9fa8371b4e,1986-06-11,Paraguay,PRY,Roberto Cabañas,8fbacbfa-ace6-5dc6-a78b-8f7533365893,50,False,False
wc_history,WC-d48da5be-73d7-53b6-97b5-6c9fa8371b4e,1986-06-11,Belgium,BEL,Daniel Veyt,7ae7eac1-baa0-5f7b-8663-5b278457f976,59,False,False
wc_history,WC-d48da5be-73d7-53b6-97b5-6c9fa8371b4e,1986-06-11,Paraguay,PRY,Roberto Cabañas,8fbacbfa-ace6-5dc6-a78b-8f7533365893,76,False,False
wc_history,WC-d52ecef2-72f5-52eb-997b-9d187d419f0c,2010-07-07,Spain,ESP,Carles Puyol,d9566744-c856-5a41-9c57-250567199b04,73,False,False
wc_history,WC-d543fc1b-7fd8-5985-b789-db19f653d06e,1978-06-21,Italy,ITA,Ernie Brandts,3fb7e63a-f370-5da3-9631-b64c5d626247,19,False,True
wc_history,WC-d543fc1b-7fd8-5985-b789-db19f653d06e,1978-06-21,Netherlands,NLD,Ernie Brandts,3fb7e63a-f370-5da3-9631-b64c5d626247,49,False,False
wc_history,WC-d543fc1b-7fd8-5985-b789-db19f653d06e,1978-06-21,Netherlands,NLD,Arie Haan,83113e72-71c2-5e30-82c2-6360791a29ad,76,False,False
wc_history,WC-d5bbef06-9cb0-56be-8559-9874e9d1210b,2010-06-29,Spain,ESP,David Villa,2b9ca28d-1a77-58e2-b9c9-bed97e2a8233,63,False,False
wc_history,WC-d64d20eb-bef5-5b6a-8c1e-9594bc02ce40,1994-06-21,Spain,ESP,Andoni Goikoetxea,e096c5a1-1ded-5190-948d-320f3e0b8c0c,14,False,False
wc_history,WC-d64d20eb-bef5-5b6a-8c1e-9594bc02ce40,1994-06-21,Germany,DEU,Jürgen Klinsmann,67013912-938f-51c7-b4c6-8e1058400553,48,False,False
wc_history,WC-d6dca5ac-8844-5fb9-81cc-7b0af026ecd3,2022-11-29,Netherlands,NLD,Cody Gakpo,a3274bb0-0d01-54cb-9c08-1eaca2e7127d,26,False,False
wc_history,WC-d6dca5ac-8844-5fb9-81cc-7b0af026ecd3,2022-11-29,Netherlands,NLD,Frenkie de Jong,0801ed69-9d1a-586e-a76c-8bf777c0a2e3,49,False,False
wc_history,WC-d7015d80-b635-5a9d-b046-214b5475d406,1938-06-12,Italy,ITA,Gino Colaussi,431cf740-a7e6-58bd-9904-7b3a60dd2455,9,False,False
wc_history,WC-d7015d80-b635-5a9d-b046-214b5475d406,1938-06-12,France,FRA,Oscar Heisserer,ce787ecc-0cc2-53e1-9dee-69c2b58d36e6,10,False,False
wc_history,WC-d7015d80-b635-5a9d-b046-214b5475d406,1938-06-12,Italy,ITA,Silvio Piola,eb219028-4097-5f19-ba16-76ef34f3ee6b,51,False,False
wc_history,WC-d7015d80-b635-5a9d-b046-214b5475d406,1938-06-12,Italy,ITA,Silvio Piola,eb219028-4097-5f19-ba16-76ef34f3ee6b,72,False,False
wc_history,WC-d71abd3b-b3aa-5187-af5c-6d991f64c6b3,1998-06-21,Yugoslavia,YUG,Predrag Mijatović,2146c510-90c3-5949-a079-2e7929705915,13,False,False
wc_history,WC-d71abd3b-b3aa-5187-af5c-6d991f64c6b3,1998-06-21,Yugoslavia,YUG,Dragan Stojković,6b4bf1a9-6250-5e17-bf14-2f86c6f6f2f7,52,False,False
wc_history,WC-d71abd3b-b3aa-5187-af5c-6d991f64c6b3,1998-06-21,Germany,DEU,Siniša Mihajlović,857cec15-4e00-53d4-9917-b5355c9af27d,72,False,True
wc_history,WC-d71abd3b-b3aa-5187-af5c-6d991f64c6b3,1998-06-21,Germany,DEU,Oliver Bierhoff,d29f35c2-b771-5cf7-a2cf-9a91d485213f,78,False,False
wc_history,WC-d71d22ae-f67e-5504-8cc8-599651b08f59,1982-06-21,Northern Ireland,NIR,Gerry Armstrong,0e2e9aff-7a3a-5af9-bed3-da349106d8c2,10,False,False
wc_history,WC-d71d22ae-f67e-5504-8cc8-599651b08f59,1982-06-21,Honduras,HND,Antonio Laing,57fa3217-e1a2-5217-92f0-fffdb1f2901b,60,False,False
wc_history,WC-d77423b7-6889-5a9d-9611-68c180c4110e,1958-06-11,Czechoslovakia,CSK,Milan Dvořák,da8d56b8-be87-50f4-8d36-64683828c12d,24,True,False
wc_history,WC-d77423b7-6889-5a9d-9611-68c180c4110e,1958-06-11,Czechoslovakia,CSK,Zdeněk Zikán,2df8ab59-1eec-5c64-b526-e46d15a46b2d,42,False,False
wc_history,WC-d77423b7-6889-5a9d-9611-68c180c4110e,1958-06-11,West Germany,DEU,Hans Schäfer,33d90396-f213-5c12-9bd4-156c9856a628,60,False,False
wc_history,WC-d77423b7-6889-5a9d-9611-68c180c4110e,1958-06-11,West Germany,DEU,Helmut Rahn,36594778-f2f8-5d20-99b1-2d245483f4ac,71,False,False
wc_history,WC-d80c461e-2564-57e7-af58-02508d9d5f3f,2006-06-21,Angola,AGO,Flávio,b694d3da-08e6-5ecd-8449-3f3351648b80,60,False,False
wc_history,WC-d80c461e-2564-57e7-af58-02508d9d5f3f,2006-06-21,Iran,IRN,Sohrab Bakhtiarizadeh,ec514551-80f7-59cf-bd87-3afb7d02b42c,75,False,False
wc_history,WC-d869a8aa-dc33-5907-ab69-af0fc7dc61a3,2006-06-24,Germany,DEU,Lukas Podolski,ce444862-4674-5231-9c5d-9d50f1656d76,4,False,False
wc_history,WC-d869a8aa-dc33-5907-ab69-af0fc7dc61a3,2006-06-24,Germany,DEU,Lukas Podolski,ce444862-4674-5231-9c5d-9d50f1656d76,12,False,False
wc_history,WC-d875c2e5-4063-591a-b569-776c725d6b3f,1958-06-15,France,FRA,Raymond Kopa,52b26762-d58e-5a6c-823c-fcfcdbb90dae,22,False,False
wc_history,WC-d875c2e5-4063-591a-b569-776c725d6b3f,1958-06-15,France,FRA,Just Fontaine,e611498a-cd22-5e71-9f6a-16706cc6f3ca,44,False,False
wc_history,WC-d875c2e5-4063-591a-b569-776c725d6b3f,1958-06-15,Scotland,SCO,Sammy Baird,b95690a7-dd1d-504b-851a-87413b0d53a9,58,False,False
wc_history,WC-d8d31133-15d6-5c7c-b247-059478803d82,2014-06-29,Costa Rica,CRI,Bryan Ruiz,0ab8a430-bd98-5137-ba1c-48b3ced1901d,52,False,False
wc_history,WC-d8d31133-15d6-5c7c-b247-059478803d82,2014-06-29,Greece,GRC,Sokratis Papastathopoulos,3ac82406-c5a6-588c-a0c8-0a88fd0fb09f,90'+1,False,False
wc_history,WC-d9166b83-3c92-58a2-9fd1-e397efd51ae1,1978-06-06,Poland,POL,Grzegorz Lato,91ee4735-acc4-5e2a-bf5f-3876d20190dd,43,False,False
wc_history,WC-d933ef58-731e-5494-96e7-6626a4d2e1af,1970-06-10,Soviet Union,SUN,Anatoliy Byshovets,62eea7a6-a7e1-5516-9f8f-8929546151d7,51,False,False
wc_history,WC-d933ef58-731e-5494-96e7-6626a4d2e1af,1970-06-10,Soviet Union,SUN,Anatoliy Byshovets,62eea7a6-a7e1-5516-9f8f-8929546151d7,74,False,False
wc_history,WC-d97aa151-09af-51ae-b841-f844258fea57,1930-07-27,Yugoslavia,YUG,Đorđe Vujadinović,86a29e06-0090-591b-95e3-ad2353dc5509,4,False,False
wc_history,WC-d97aa151-09af-51ae-b841-f844258fea57,1930-07-27,Uruguay,URY,Pedro Cea,ac0f4b77-cefa-51ef-aead-07fee7dd9f91,18,False,False
wc_history,WC-d97aa151-09af-51ae-b841-f844258fea57,1930-07-27,Uruguay,URY,Peregrino Anselmo,05da9d24-94c9-5045-9d7a-f7e3b43baaa5,20,False,False
wc_history,WC-d97aa151-09af-51ae-b841-f844258fea57,1930-07-27,Uruguay,URY,Peregrino Anselmo,05da9d24-94c9-5045-9d7a-f7e3b43baaa5,31,False,False
wc_history,WC-d97aa151-09af-51ae-b841-f844258fea57,1930-07-27,Uruguay,URY,Santos Iriarte,0e19f0f6-1e53-5b01-ad8a-9a2fe0886607,61,False,False
wc_history,WC-d97aa151-09af-51ae-b841-f844258fea57,1930-07-27,Uruguay,URY,Pedro Cea,ac0f4b77-cefa-51ef-aead-07fee7dd9f91,67,False,False
wc_history,WC-d97aa151-09af-51ae-b841-f844258fea57,1930-07-27,Uruguay,URY,Pedro Cea,ac0f4b77-cefa-51ef-aead-07fee7dd9f91,72,False,False
wc_history,WC-d9b543cc-2cd7-5bd5-8f8a-a2e1822f9de3,1982-06-20,England,ENG,Trevor Francis,d0c6df45-d570-552d-8537-0e472ec6a298,62,False,False
wc_history,WC-d9b543cc-2cd7-5bd5-8f8a-a2e1822f9de3,1982-06-20,England,ENG,Jozef Barmoš,7be34034-ee75-5cd6-a1fd-e16e3359163c,66,False,True
wc_history,WC-da49e370-71d6-5844-a8bb-c2a3ad743c12,2022-11-25,Iran,IRN,Rouzbeh Cheshmi,8ecba7cb-68b8-538b-b9de-8ece7ef759e2,90'+8,False,False
wc_history,WC-da49e370-71d6-5844-a8bb-c2a3ad743c12,2022-11-25,Iran,IRN,Ramin Rezaeian,ca81f878-725f-5267-8329-7eb843f301e6,90'+11,False,False
wc_history,WC-da96ea59-a22e-52aa-bf8d-6997402b10f4,1998-06-22,Colombia,COL,Léider Preciado,509e86f1-a2be-5c16-8533-3e45e6e7dfd1,82,False,False
wc_history,WC-db4fc537-da75-566e-a249-dead3724d547,2010-07-03,Germany,DEU,Thomas Müller,ac2e565e-7c12-57d2-8f3a-1315d9fe7a15,3,False,False
wc_history,WC-db4fc537-da75-566e-a249-dead3724d547,2010-07-03,Germany,DEU,Miroslav Klose,41f73bc6-c52c-5f4b-8e71-8137daa777d3,68,False,False
wc_history,WC-db4fc537-da75-566e-a249-dead3724d547,2010-07-03,Germany,DEU,Arne Friedrich,d1f527ad-a8cd-50d7-beb3-9000d4eab9cb,74,False,False
wc_history,WC-db4fc537-da75-566e-a249-dead3724d547,2010-07-03,Germany,DEU,Miroslav Klose,41f73bc6-c52c-5f4b-8e71-8137daa777d3,89,False,False
wc_history,WC-db8590da-b362-53bd-aee8-44256e4da727,1998-06-19,Nigeria,NGA,Victor Ikpeba,0adb063f-499f-5f58-9e6e-8e243e4d0b68,28,False,False
wc_history,WC-dbc22775-cc84-5ca6-a294-a8cd5ec6294b,1978-06-06,Italy,ITA,Paolo Rossi,89c7528b-4e1b-5141-97ed-746c280e9a4a,34,False,False
wc_history,WC-dbc22775-cc84-5ca6-a294-a8cd5ec6294b,1978-06-06,Italy,ITA,Roberto Bettega,0e35214f-2a61-569a-8a38-201c1491ad5e,35,False,False
wc_history,WC-dbc22775-cc84-5ca6-a294-a8cd5ec6294b,1978-06-06,Italy,ITA,Romeo Benetti,4774433f-c0e7-5995-a410-f9b7e432057f,61,False,False
wc_history,WC-dbc22775-cc84-5ca6-a294-a8cd5ec6294b,1978-06-06,Hungary,HUN,András Tóth,95d7c254-ec4a-5e33-8bea-2ed9c5df5293,81,True,False
wc_history,WC-dbe36846-7ab9-53ae-a929-09b0b5427a66,1990-06-14,Italy,ITA,Giuseppe Giannini,6a7394a3-3a38-50f2-90aa-c367b6e14935,11,False,False
wc_history,WC-dbeb777d-47b3-5b1e-92d2-9287d679fb00,1934-05-27,Spain,ESP,José Iraragorri,1e52521b-364a-5bc2-a91c-8eeb8fcb8f44,18,True,False
wc_history,WC-dbeb777d-47b3-5b1e-92d2-9287d679fb00,1934-05-27,Spain,ESP,José Iraragorri,1e52521b-364a-5bc2-a91c-8eeb8fcb8f44,25,False,False
wc_history,WC-dbeb777d-47b3-5b1e-92d2-9287d679fb00,1934-05-27,Spain,ESP,Isidro Lángara,03aef105-1268-520c-b0bb-517944e1526c,29,False,False
wc_history,WC-dbeb777d-47b3-5b1e-92d2-9287d679fb00,1934-05-27,Brazil,BRA,Leônidas,13fe3534-a2ea-5345-a87a-50403a8fc539,55,False,False
wc_history,WC-dc6980c9-62e1-5838-a110-0994a61d1a44,2002-06-08,Brazil,BRA,Roberto Carlos,22241a0f-2c0a-574e-bab4-177f0f892146,15,False,False
wc_history,WC-dc6980c9-62e1-5838-a110-0994a61d1a44,2002-06-08,Brazil,BRA,Rivaldo,3bf52051-d43a-5b2b-9dbc-281ba13f5969,32,False,False
wc_history,WC-dc6980c9-62e1-5838-a110-0994a61d1a44,2002-06-08,Brazil,BRA,Ronaldinho,5a8bf62e-c509-5e90-854a-6690a5113cae,45,True,False
wc_history,WC-dc6980c9-62e1-5838-a110-0994a61d1a44,2002-06-08,Brazil,BRA,Ronaldo,c6d7a149-4d7b-59f8-8b38-6acaa67f72f5,55,False,False
wc_history,WC-dc979961-ff43-5010-8fc2-03de3ed54449,2006-07-01,France,FRA,Thierry Henry,b866a057-04bd-5761-8ef9-92536686762e,57,False,False
wc_history,WC-dd0ca636-f357-595c-a58c-92e5285c64a3,2014-06-24,Greece,GRC,Andreas Samaris,9a4792e5-fb85-5366-9cb3-fe253be571e3,42,False,False
wc_history,WC-dd0ca636-f357-595c-a58c-92e5285c64a3,2014-06-24,Ivory Coast,CIV,Wilfried Bony,ec3ceb2f-834d-5ef5-961b-a734a53e9aa0,74,False,False
wc_history,WC-dd0ca636-f357-595c-a58c-92e5285c64a3,2014-06-24,Greece,GRC,Georgios Samaras,54cc10f9-c6d9-52d6-8a19-3b839c94f856,90'+3,True,False
wc_history,WC-dd5e74d0-5a92-5f21-bd20-74f5bcdbd3c9,1966-07-15,Chile,CHL,Rubén Marcos,5da0a3ed-8257-5065-bd3e-8d5530c8ca9b,26,True,False
wc_history,WC-dd5e74d0-5a92-5f21-bd20-74f5bcdbd3c9,1966-07-15,North Korea,PRK,Seung-zin Pak,dfc4a2d4-c1e1-547a-a5fd-bb8a867b1f33,88,False,False
wc_history,WC-de28b3d7-594e-5210-9f61-09b373079a49,2006-06-19,Ukraine,UKR,Andriy Rusol,6897881c-56ca-5ab1-8d52-72920f4a643a,4,False,False
wc_history,WC-de28b3d7-594e-5210-9f61-09b373079a49,2006-06-19,Ukraine,UKR,Serhii Rebrov,c4eb7fac-7e71-5086-96b8-8e0230e7ee77,36,False,False
wc_history,WC-de28b3d7-594e-5210-9f61-09b373079a49,2006-06-19,Ukraine,UKR,Andriy Shevchenko,915fd96c-d612-5f72-9a72-c07f8eb47de6,46,False,False
wc_history,WC-de28b3d7-594e-5210-9f61-09b373079a49,2006-06-19,Ukraine,UKR,Maksym Kalynychenko,b4ae4795-b7a7-5ec7-ac9a-29f1c52c2aad,84,False,False
wc_history,WC-de2fff80-0637-51e4-9be4-3f15ed4c7946,1994-06-29,Saudi Arabia,SAU,Saeed Al-Owairan,7ed89c99-3f1f-53a6-a297-aa179b6ba1a1,5,False,False
wc_history,WC-de5cd0b2-4b5e-5721-a6c8-b9959175cac6,1986-06-17,France,FRA,Michel Platini,7856fff6-4d43-59fa-9fdb-937799e6e514,15,False,False
wc_history,WC-de5cd0b2-4b5e-5721-a6c8-b9959175cac6,1986-06-17,France,FRA,Yannick Stopyra,f23f0cf2-559c-5102-988c-d506dcf05e31,57,False,False
wc_history,WC-de7aee5f-4496-5a2e-9e11-07d53f653797,1994-06-18,Switzerland,CHE,Georges Bregy,9350a84e-d19f-50ba-b51e-1aeec1b637eb,39,False,False
wc_history,WC-de7aee5f-4496-5a2e-9e11-07d53f653797,1994-06-18,United States,USA,Eric Wynalda,fbb94452-1990-5f74-9091-a31d7126c92c,44,False,False
wc_history,WC-df2aa002-3093-518a-9174-b2b1d594892d,1994-06-20,Saudi Arabia,SAU,Fuad Anwar,af0452eb-8083-5be9-b56c-0b826d15d98c,18,False,False
wc_history,WC-df2aa002-3093-518a-9174-b2b1d594892d,1994-06-20,Netherlands,NLD,Wim Jonk,dba523f9-f885-5e51-b883-e18ef2abd7f8,50,False,False
wc_history,WC-df2aa002-3093-518a-9174-b2b1d594892d,1994-06-20,Netherlands,NLD,Gaston Taument,5b8c8f2b-3d88-5cf1-aa19-39e5c6404f2e,86,False,False
wc_history,WC-df4559cc-a2d3-52fe-932b-fb5cf5cdd8a6,1978-06-11,Peru,PER,José Velásquez,5de5ceb4-a190-56c7-99b2-2a26f3f87de0,2,False,False
wc_history,WC-df4559cc-a2d3-52fe-932b-fb5cf5cdd8a6,1978-06-11,Peru,PER,Teófilo Cubillas,9c3f4876-4e13-5142-bfd2-7b15191d853e,36,True,False
wc_history,WC-df4559cc-a2d3-52fe-932b-fb5cf5cdd8a6,1978-06-11,Peru,PER,Teófilo Cubillas,9c3f4876-4e13-5142-bfd2-7b15191d853e,39,True,False
wc_history,WC-df4559cc-a2d3-52fe-932b-fb5cf5cdd8a6,1978-06-11,Iran,IRN,Hassan Roshan,255b2d31-6969-5cf2-8c56-266a16e1a850,41,False,False
wc_history,WC-df4559cc-a2d3-52fe-932b-fb5cf5cdd8a6,1978-06-11,Peru,PER,Teófilo Cubillas,9c3f4876-4e13-5142-bfd2-7b15191d853e,79,False,False
wc_history,WC-df9a9a90-7f18-50af-8d8b-0e074c645c64,2002-06-03,Italy,ITA,Christian Vieri,b4454bbe-c865-5356-9f54-4a7722deeea4,7,False,False
wc_history,WC-df9a9a90-7f18-50af-8d8b-0e074c645c64,2002-06-03,Italy,ITA,Christian Vieri,b4454bbe-c865-5356-9f54-4a7722deeea4,27,False,False
wc_history,WC-e00cef30-0367-5015-9642-18bca670ef49,1990-06-15,Czechoslovakia,CSK,Michal Bílek,024253e3-81d8-52d4-812d-c46b06a88022,31,True,False
wc_history,WC-e074aecd-9790-5895-8f83-5deaca33b749,2018-07-06,France,FRA,Raphaël Varane,0cea2bfe-3cc6-5853-a58a-bedb3ec55bbf,40,False,False
wc_history,WC-e074aecd-9790-5895-8f83-5deaca33b749,2018-07-06,France,FRA,Antoine Griezmann,b0e9893a-85a2-5be7-b3fc-19822921599c,61,False,False
wc_history,WC-e0a4c871-8983-528f-867d-af86a9c00845,2022-11-26,France,FRA,Kylian Mbappé,3ea58353-474b-5011-a28c-af53e448cfc5,61,False,False
wc_history,WC-e0a4c871-8983-528f-867d-af86a9c00845,2022-11-26,Denmark,DNK,Andreas Christensen,c301dbd1-9e9b-5895-a48e-3d083806a191,68,False,False
wc_history,WC-e0a4c871-8983-528f-867d-af86a9c00845,2022-11-26,France,FRA,Kylian Mbappé,3ea58353-474b-5011-a28c-af53e448cfc5,86,False,False
wc_history,WC-e0e2c365-da56-5cbd-bc7a-3135b3afff43,2014-06-13,Chile,CHL,Alexis Sánchez,51e13295-9a62-5f43-a416-99cb45d81b88,12,False,False
wc_history,WC-e0e2c365-da56-5cbd-bc7a-3135b3afff43,2014-06-13,Chile,CHL,Jorge Valdivia,8bb1cb10-cc6d-5126-8d47-77149133c8c1,14,False,False
wc_history,WC-e0e2c365-da56-5cbd-bc7a-3135b3afff43,2014-06-13,Australia,AUS,Tim Cahill,a20d3771-5660-5c7e-9f2e-02513e2a25c4,35,False,False
wc_history,WC-e0e2c365-da56-5cbd-bc7a-3135b3afff43,2014-06-13,Chile,CHL,Jean Beausejour,7cbda251-89de-5319-8f5b-64ee681eade6,90'+2,False,False
wc_history,WC-e181a144-52ec-5ce3-ac07-adc4edea67b4,1998-06-25,Yugoslavia,YUG,Slobodan Komljenović,f1ba3f35-cdbe-5c82-a99f-26c6aaa8da56,4,False,False
wc_history,WC-e39dc74b-5317-5a8a-9049-53a80f900b3e,2002-06-30,Brazil,BRA,Ronaldo,c6d7a149-4d7b-59f8-8b38-6acaa67f72f5,67,False,False
wc_history,WC-e39dc74b-5317-5a8a-9049-53a80f900b3e,2002-06-30,Brazil,BRA,Ronaldo,c6d7a149-4d7b-59f8-8b38-6acaa67f72f5,79,False,False
wc_history,WC-e45a3b8b-eaa1-565d-a8e3-c8c7d252697c,1994-06-19,Sweden,SWE,Roger Ljung,2ad6b625-6140-543b-b46d-f6256830e104,8,False,False
wc_history,WC-e45a3b8b-eaa1-565d-a8e3-c8c7d252697c,1994-06-19,Cameroon,CMR,David Embé,39edad97-35c3-577e-8ae0-585ff1448e5f,31,False,False
wc_history,WC-e45a3b8b-eaa1-565d-a8e3-c8c7d252697c,1994-06-19,Cameroon,CMR,François Omam-Biyik,b964b087-3505-5705-8856-5c8e18612bb3,47,False,False
wc_history,WC-e45a3b8b-eaa1-565d-a8e3-c8c7d252697c,1994-06-19,Sweden,SWE,Martin Dahlin,e0cf3e1e-2c27-50a7-8a7a-15a414240b19,75,False,False
wc_history,WC-e4904c79-6f8f-5a94-8cc1-511fb7c20e0f,2018-06-18,Belgium,BEL,Dries Mertens,91a81a28-807b-51d2-b1bb-1e4ebfb6bcca,47,False,False
wc_history,WC-e4904c79-6f8f-5a94-8cc1-511fb7c20e0f,2018-06-18,Belgium,BEL,Romelu Lukaku,e1136b8b-9398-573b-8bd1-b1214de9cd61,69,False,False
wc_history,WC-e4904c79-6f8f-5a94-8cc1-511fb7c20e0f,2018-06-18,Belgium,BEL,Romelu Lukaku,e1136b8b-9398-573b-8bd1-b1214de9cd61,75,False,False
wc_history,WC-e4cad49e-fdba-5156-af2c-4a3636891c37,1998-06-18,Denmark,DNK,Allan Nielsen,2d804c22-ad7a-59ec-bc6f-f2558cd8bd6b,12,False,False
wc_history,WC-e4cad49e-fdba-5156-af2c-4a3636891c37,1998-06-18,South Africa,ZAF,Benni McCarthy,cb819926-7c95-57cb-a5cf-f53ae082a27b,51,False,False
wc_history,WC-e52310ef-e5a8-54ef-a7af-547d3840f14e,1978-06-11,Spain,ESP,Juan Manuel Asensi,2316f185-06ec-5e34-bf68-920e0706beae,75,False,False
wc_history,WC-e52aadd3-e551-58a1-b60b-a60cadf59711,2010-06-22,Uruguay,URY,Luis Suárez,e5ec2cba-2a38-5a44-ba9d-0ca9a219e723,43,False,False
wc_history,WC-e533b390-420c-52c5-970d-6de569adc00d,1982-06-18,Italy,ITA,Bruno Conti,1ba642c4-ec8d-53c4-95ff-efd06290abed,18,False,False
wc_history,WC-e533b390-420c-52c5-970d-6de569adc00d,1982-06-18,Peru,PER,Rubén Toribio Díaz,2050fb3e-7b88-503f-83c9-acb2bec661ac,83,False,False
wc_history,WC-e53f570a-3561-5830-aaeb-8989e59d851b,2010-06-11,South Africa,ZAF,Siphiwe Tshabalala,ee76cefe-a658-51f5-9f1c-b4082231a590,55,False,False
wc_history,WC-e53f570a-3561-5830-aaeb-8989e59d851b,2010-06-11,Mexico,MEX,Rafael Márquez,12c0f6e5-e103-5e07-a763-b1a55fe9e735,79,False,False
wc_history,WC-e5472036-504d-54a1-9825-4a42a1eba4a5,1930-07-17,United States,USA,Bert Patenaude,0178b0d6-d1b8-59cb-b6b8-cc4f4060c8fa,10,False,False
wc_history,WC-e5472036-504d-54a1-9825-4a42a1eba4a5,1930-07-17,United States,USA,Bert Patenaude,0178b0d6-d1b8-59cb-b6b8-cc4f4060c8fa,15,False,False
wc_history,WC-e5472036-504d-54a1-9825-4a42a1eba4a5,1930-07-17,United States,USA,Bert Patenaude,0178b0d6-d1b8-59cb-b6b8-cc4f4060c8fa,50,False,False
wc_history,WC-e58bbb8f-107f-5b68-8526-ab0e55c84575,1950-06-24,Brazil,BRA,Ademir,8b08b945-5e20-5acc-8c9c-966a53f587ab,30,False,False
wc_history,WC-e58bbb8f-107f-5b68-8526-ab0e55c84575,1950-06-24,Brazil,BRA,Jair,e90b7ad6-4aec-5116-b386-323fe57374b8,65,False,False
wc_history,WC-e58bbb8f-107f-5b68-8526-ab0e55c84575,1950-06-24,Brazil,BRA,Baltazar,0248e62c-267f-5353-b4c7-18d380fab596,71,False,False
wc_history,WC-e58bbb8f-107f-5b68-8526-ab0e55c84575,1950-06-24,Brazil,BRA,Ademir,8b08b945-5e20-5acc-8c9c-966a53f587ab,79,False,False
wc_history,WC-e5f99f53-8aba-598d-942a-3f0cd1d3f197,1998-06-18,France,FRA,Thierry Henry,b866a057-04bd-5761-8ef9-92536686762e,37,False,False
wc_history,WC-e5f99f53-8aba-598d-942a-3f0cd1d3f197,1998-06-18,France,FRA,David Trezeguet,a272835b-7fb6-59ce-9f31-a0987ae8383c,68,False,False
wc_history,WC-e5f99f53-8aba-598d-942a-3f0cd1d3f197,1998-06-18,France,FRA,Thierry Henry,b866a057-04bd-5761-8ef9-92536686762e,78,False,False
wc_history,WC-e5f99f53-8aba-598d-942a-3f0cd1d3f197,1998-06-18,France,FRA,Bixente Lizarazu,b68a1bef-46e2-50b2-a508-1ce399994553,85,False,False
wc_history,WC-e6048611-4013-5ed3-a065-69b9088a3225,1982-06-22,Scotland,SCO,Joe Jordan,49ccd931-9bb2-5cb6-8d57-9e052248f348,15,False,False
wc_history,WC-e6048611-4013-5ed3-a065-69b9088a3225,1982-06-22,Soviet Union,SUN,Aleksandr Chivadze,0518abf1-ade4-58f7-9fa6-a4828219688a,59,False,False
wc_history,WC-e6048611-4013-5ed3-a065-69b9088a3225,1982-06-22,Soviet Union,SUN,Ramaz Shengelia,77d76bdf-d63c-5624-8f59-91634cefae50,84,False,False
wc_history,WC-e6048611-4013-5ed3-a065-69b9088a3225,1982-06-22,Scotland,SCO,Graeme Souness,7487a822-8013-502e-bc21-b40ecdbbb865,86,False,False
wc_history,WC-e69715c9-9eb5-5952-b1e9-bc6b6c6f520c,2006-07-05,France,FRA,Zinedine Zidane,c1ce7ba5-2832-5ec6-b39e-1698aa7a5d97,33,True,False
wc_history,WC-e6a34297-53e5-59cf-970e-231c48161689,1966-07-19,Portugal,PRT,António Simões,2b35b341-d0b8-5340-a0f8-5d2f9683fab5,15,False,False
wc_history,WC-e6a34297-53e5-59cf-970e-231c48161689,1966-07-19,Portugal,PRT,Eusébio,348022e6-d570-5426-8c84-59a7656e69f8,27,False,False
wc_history,WC-e6a34297-53e5-59cf-970e-231c48161689,1966-07-19,Brazil,BRA,Rildo,dedbaa05-e673-53b2-82fd-4cd2ccc2c4d7,73,False,False
wc_history,WC-e6a34297-53e5-59cf-970e-231c48161689,1966-07-19,Portugal,PRT,Eusébio,348022e6-d570-5426-8c84-59a7656e69f8,85,False,False
wc_history,WC-e6a3dc02-9f9f-56f2-869a-1644ed170337,1958-06-12,Sweden,SWE,Kurt Hamrin,324e7e7e-783a-57f0-96cb-65acdf04a64a,34,False,False
wc_history,WC-e6a3dc02-9f9f-56f2-869a-1644ed170337,1958-06-12,Sweden,SWE,Kurt Hamrin,324e7e7e-783a-57f0-96cb-65acdf04a64a,55,False,False
wc_history,WC-e6a3dc02-9f9f-56f2-869a-1644ed170337,1958-06-12,Hungary,HUN,Lajos Tichy,f01a3f99-edea-5c4e-aa7a-9a814b141f3f,77,False,False
wc_history,WC-e794a044-0ec9-5d52-b646-47868e92d055,1994-06-30,Nigeria,NGA,Finidi George,de17e928-a7c1-509d-a603-0267018936fa,45'+2,False,False
wc_history,WC-e794a044-0ec9-5d52-b646-47868e92d055,1994-06-30,Nigeria,NGA,Daniel Amokachi,3122b91a-59c8-53f3-949c-445510437cdc,90'+5,False,False
wc_history,WC-e7b5f175-e578-5778-876e-ba00cc89c2a9,1962-06-03,Hungary,HUN,Flórián Albert,6a5f4065-ff5a-5daf-a30d-98fc2c0c760c,1,False,False
wc_history,WC-e7b5f175-e578-5778-876e-ba00cc89c2a9,1962-06-03,Hungary,HUN,Flórián Albert,6a5f4065-ff5a-5daf-a30d-98fc2c0c760c,6,False,False
wc_history,WC-e7b5f175-e578-5778-876e-ba00cc89c2a9,1962-06-03,Hungary,HUN,Lajos Tichy,f01a3f99-edea-5c4e-aa7a-9a814b141f3f,8,False,False
wc_history,WC-e7b5f175-e578-5778-876e-ba00cc89c2a9,1962-06-03,Hungary,HUN,Ernő Solymosi,92416f30-4ee6-58ba-9e4d-db98eed3ed64,12,False,False
wc_history,WC-e7b5f175-e578-5778-876e-ba00cc89c2a9,1962-06-03,Hungary,HUN,Flórián Albert,6a5f4065-ff5a-5daf-a30d-98fc2c0c760c,53,False,False
wc_history,WC-e7b5f175-e578-5778-876e-ba00cc89c2a9,1962-06-03,Bulgaria,BGR,Georgi Sokolov,48226e9e-2e12-592e-8703-1fa82520eab0,64,False,False
wc_history,WC-e7b5f175-e578-5778-876e-ba00cc89c2a9,1962-06-03,Hungary,HUN,Lajos Tichy,f01a3f99-edea-5c4e-aa7a-9a814b141f3f,70,False,False
wc_history,WC-e7f9d13d-5cc1-516a-85a4-fa1896055024,2014-06-29,Mexico,MEX,Giovani dos Santos,0f4e6633-fd87-5a70-a57b-00ae771ff3e4,48,False,False
wc_history,WC-e7f9d13d-5cc1-516a-85a4-fa1896055024,2014-06-29,Netherlands,NLD,Wesley Sneijder,bb23b5b6-c2de-5d14-88fe-f67a7755e02c,88,False,False
wc_history,WC-e7f9d13d-5cc1-516a-85a4-fa1896055024,2014-06-29,Netherlands,NLD,Klaas-Jan Huntelaar,9d207795-8b84-58fd-9c84-6082ea13c366,90'+4,True,False
wc_history,WC-e86f1a68-98dc-53b1-b155-0f601aeda62c,1954-06-16,Austria,AUT,Erich Probst,b659905b-a0ed-51bd-bb9f-6b97adfa5a8a,33,False,False
wc_history,WC-e8ac07c7-45ca-5ab2-8a11-ef105689178b,1978-06-14,Argentina,ARG,Mario Kempes,24f32533-bea2-57d3-806f-f01120e3d751,16,False,False
wc_history,WC-e8ac07c7-45ca-5ab2-8a11-ef105689178b,1978-06-14,Argentina,ARG,Mario Kempes,24f32533-bea2-57d3-806f-f01120e3d751,71,False,False
wc_history,WC-e8be55a3-0386-5a36-b194-66945bf01aa2,1978-06-11,Netherlands,NLD,Rob Rensenbrink,ea2da0fb-34b0-5813-8789-cdd218e3d0e7,34,True,False
wc_history,WC-e8be55a3-0386-5a36-b194-66945bf01aa2,1978-06-11,Scotland,SCO,Kenny Dalglish,2b905157-1752-5231-8b28-9f9894f4bf27,45,False,False
wc_history,WC-e8be55a3-0386-5a36-b194-66945bf01aa2,1978-06-11,Scotland,SCO,Archie Gemmill,d73798cb-46c6-508a-a52a-82c31bffd32e,46,True,False
wc_history,WC-e8be55a3-0386-5a36-b194-66945bf01aa2,1978-06-11,Scotland,SCO,Archie Gemmill,d73798cb-46c6-508a-a52a-82c31bffd32e,68,False,False
wc_history,WC-e8be55a3-0386-5a36-b194-66945bf01aa2,1978-06-11,Netherlands,NLD,Johnny Rep,9fa9f10e-2f0b-58ec-9327-5c10bdd4bb01,71,False,False
wc_history,WC-e92d52df-9f21-57b7-af08-ca15920b4939,1966-07-13,Italy,ITA,Sandro Mazzola,f771c8c4-3ba9-59c9-9a92-f43f5ab273d0,8,False,False
wc_history,WC-e92d52df-9f21-57b7-af08-ca15920b4939,1966-07-13,Italy,ITA,Paolo Barison,8a06e3ca-b51f-586d-becc-aae6f40cda6a,88,False,False
wc_history,WC-e94a4883-a193-550d-b55d-81d74b7c0ed6,1978-06-25,Argentina,ARG,Mario Kempes,24f32533-bea2-57d3-806f-f01120e3d751,38,False,False
wc_history,WC-e94a4883-a193-550d-b55d-81d74b7c0ed6,1978-06-25,Netherlands,NLD,Dick Nanninga,6a022baa-fb6f-5ce0-949c-52303ca6253d,82,False,False
wc_history,WC-e94a4883-a193-550d-b55d-81d74b7c0ed6,1978-06-25,Argentina,ARG,Mario Kempes,24f32533-bea2-57d3-806f-f01120e3d751,105,False,False
wc_history,WC-e94a4883-a193-550d-b55d-81d74b7c0ed6,1978-06-25,Argentina,ARG,Daniel Bertoni,d8926f3f-6e73-584d-90e9-656d7400d30f,115,False,False
wc_history,WC-e95c3c3d-b87f-55fc-9627-2a1a4d4c3b13,2022-11-25,Netherlands,NLD,Cody Gakpo,a3274bb0-0d01-54cb-9c08-1eaca2e7127d,6,False,False
wc_history,WC-e95c3c3d-b87f-55fc-9627-2a1a4d4c3b13,2022-11-25,Ecuador,ECU,Enner Valencia,33aea20b-a768-5265-9967-8826559c86c9,49,False,False
wc_history,WC-e9b901fc-99cb-5765-a1ee-326699d2951c,2006-06-12,Czech Republic,CZE,Jan Koller,28ea825a-d3ca-593f-b665-4cfbae56a634,5,False,False
wc_history,WC-e9b901fc-99cb-5765-a1ee-326699d2951c,2006-06-12,Czech Republic,CZE,Tomáš Rosický,3f30acb7-a158-5a29-967d-3f8be9b190a2,36,False,False
wc_history,WC-e9b901fc-99cb-5765-a1ee-326699d2951c,2006-06-12,Czech Republic,CZE,Tomáš Rosický,3f30acb7-a158-5a29-967d-3f8be9b190a2,76,False,False
wc_history,WC-e9bd9746-e806-5e59-8a9e-fd273be68344,2022-11-29,England,ENG,Marcus Rashford,7eeebf3a-e8be-5267-8609-8489ff0c7010,50,False,False
wc_history,WC-e9bd9746-e806-5e59-8a9e-fd273be68344,2022-11-29,England,ENG,Phil Foden,2994d5bf-0307-5212-ba33-6831efa2abb0,51,False,False
wc_history,WC-e9bd9746-e806-5e59-8a9e-fd273be68344,2022-11-29,England,ENG,Marcus Rashford,7eeebf3a-e8be-5267-8609-8489ff0c7010,68,False,False
wc_history,WC-e9be4f37-da61-53bb-a4e8-f06833429ef3,1986-06-04,Uruguay,URY,Antonio Alzamendi,cb6a3270-6580-5c26-9a6e-53cfc7af8ccb,4,False,False
wc_history,WC-e9be4f37-da61-53bb-a4e8-f06833429ef3,1986-06-04,West Germany,DEU,Klaus Allofs,51dc4b85-c975-5a39-8177-6d1afbe82d38,84,False,False
wc_history,WC-ea1891d6-39a6-5b47-9163-60593358397d,1990-06-16,Scotland,SCO,Stuart McCall,a2b5f670-2530-552b-ae42-db5d45fa2ee3,11,False,False
wc_history,WC-ea1891d6-39a6-5b47-9163-60593358397d,1990-06-16,Scotland,SCO,Mo Johnston,9f48d365-17a3-59da-aa56-b269fba97d60,81,True,False
wc_history,WC-ea1891d6-39a6-5b47-9163-60593358397d,1990-06-16,Sweden,SWE,Glenn Strömberg,a4aa4969-0a3a-5e3f-b93c-864c61b0deae,86,False,False
wc_history,WC-ea39290a-6974-54eb-8abd-3905c9a67093,2014-06-12,Croatia,HRV,Marcelo,7b9a78af-1303-5aeb-8ce0-30276fe47eec,12,False,True
wc_history,WC-ea39290a-6974-54eb-8abd-3905c9a67093,2014-06-12,Brazil,BRA,Neymar,71a6d293-a0d3-545f-83d4-4cb64d16d4c8,29,False,False
wc_history,WC-ea39290a-6974-54eb-8abd-3905c9a67093,2014-06-12,Brazil,BRA,Neymar,71a6d293-a0d3-545f-83d4-4cb64d16d4c8,71,True,False
wc_history,WC-ea39290a-6974-54eb-8abd-3905c9a67093,2014-06-12,Brazil,BRA,Oscar,a5ce52d3-e74e-5572-b13f-c0a791b1ec11,90'+1,False,False
wc_history,WC-eabc87b0-ddc7-5cb3-bf03-50c6be6e3c63,2002-05-31,Senegal,SEN,Papa Bouba Diop,57670762-0eac-56b4-960f-8e293f523e01,30,False,False
wc_history,WC-eb372365-6f50-58ec-8bd4-a0211cf88374,1994-06-25,Nigeria,NGA,Samson Siasia,03bae390-4161-5074-847b-9a95e8562de1,8,False,False
wc_history,WC-eb372365-6f50-58ec-8bd4-a0211cf88374,1994-06-25,Argentina,ARG,Claudio Caniggia,0b0d58a9-dc6b-56ec-bbb8-9b8f5e1b1831,21,False,False
wc_history,WC-eb372365-6f50-58ec-8bd4-a0211cf88374,1994-06-25,Argentina,ARG,Claudio Caniggia,0b0d58a9-dc6b-56ec-bbb8-9b8f5e1b1831,28,False,False
wc_history,WC-eb6e2914-7561-5250-a154-dfba24fe3198,1958-06-19,Brazil,BRA,Pelé,706445cd-23b9-56b6-8d64-0d9a3f6e8125,66,False,False
wc_history,WC-eb9534d7-2c7e-5037-accc-547bb7939406,2002-06-13,Turkey,TUR,Hasan Şaş,c030af0a-6cbe-5bc4-a76d-ddba7a01bd69,6,False,False
wc_history,WC-eb9534d7-2c7e-5037-accc-547bb7939406,2002-06-13,Turkey,TUR,Bülent Korkmaz,fecc83c9-14db-5316-8795-7e17ce5a8bd6,9,False,False
wc_history,WC-eb9534d7-2c7e-5037-accc-547bb7939406,2002-06-13,Turkey,TUR,Ümit Davala,aff369dd-8408-5bd7-b345-84a953a27cf4,85,False,False
wc_history,WC-ebb29cf0-ddec-5824-a798-3e37e5d929f2,1974-06-26,Brazil,BRA,Rivellino,692698be-20ec-53cf-a10c-586e82c1bc3a,60,False,False
wc_history,WC-ebb741a0-4a6f-56c9-90d0-04ad0aa08d7a,1982-07-05,Italy,ITA,Paolo Rossi,89c7528b-4e1b-5141-97ed-746c280e9a4a,5,False,False
wc_history,WC-ebb741a0-4a6f-56c9-90d0-04ad0aa08d7a,1982-07-05,Brazil,BRA,Sócrates,8282ec23-3448-5f38-bdc8-6b3fe31fc915,12,False,False
wc_history,WC-ebb741a0-4a6f-56c9-90d0-04ad0aa08d7a,1982-07-05,Italy,ITA,Paolo Rossi,89c7528b-4e1b-5141-97ed-746c280e9a4a,25,False,False
wc_history,WC-ebb741a0-4a6f-56c9-90d0-04ad0aa08d7a,1982-07-05,Brazil,BRA,Falcão,45dd8982-0ede-52d1-beed-054c0857974b,68,False,False
wc_history,WC-ebb741a0-4a6f-56c9-90d0-04ad0aa08d7a,1982-07-05,Italy,ITA,Paolo Rossi,89c7528b-4e1b-5141-97ed-746c280e9a4a,74,False,False
wc_history,WC-ec7faae2-6244-5a05-b556-38059550022d,1982-06-18,Argentina,ARG,Daniel Bertoni,d8926f3f-6e73-584d-90e9-656d7400d30f,26,False,False
wc_history,WC-ec7faae2-6244-5a05-b556-38059550022d,1982-06-18,Argentina,ARG,Diego Maradona,3f00458e-da43-502e-ad10-2318ba2694df,28,False,False
wc_history,WC-ec7faae2-6244-5a05-b556-38059550022d,1982-06-18,Argentina,ARG,Diego Maradona,3f00458e-da43-502e-ad10-2318ba2694df,57,False,False
wc_history,WC-ec7faae2-6244-5a05-b556-38059550022d,1982-06-18,Argentina,ARG,Osvaldo Ardiles,162f6ed7-9b54-5f41-a190-0eb268496a35,60,False,False
wc_history,WC-ec7faae2-6244-5a05-b556-38059550022d,1982-06-18,Hungary,HUN,Gábor Pölöskei,80679f03-456d-50a7-bc8c-970b1541071e,76,False,False
wc_history,WC-eca0c0e0-528b-5527-a702-5ef0ba2afac3,1974-06-23,Sweden,SWE,Ralf Edström,93544ebe-60d2-5d22-aeb5-d78d73a424d6,46,False,False
wc_history,WC-eca0c0e0-528b-5527-a702-5ef0ba2afac3,1974-06-23,Sweden,SWE,Roland Sandberg,5f4c2886-151a-5824-a276-fbe74f533f35,74,False,False
wc_history,WC-eca0c0e0-528b-5527-a702-5ef0ba2afac3,1974-06-23,Sweden,SWE,Ralf Edström,93544ebe-60d2-5d22-aeb5-d78d73a424d6,77,False,False
wc_history,WC-eca7a47c-1fca-5273-9a28-e947fc493e86,2010-07-02,Ghana,GHA,Sulley Muntari,9f51d5a3-4141-5e43-b95b-2fb56f0f888f,45'+2,False,False
wc_history,WC-eca7a47c-1fca-5273-9a28-e947fc493e86,2010-07-02,Uruguay,URY,Diego Forlán,a4223689-acbc-5480-9194-b61c9ac4ed11,55,False,False
wc_history,WC-ece474d7-76eb-50ad-a9f5-b13025970a6f,1974-06-15,Poland,POL,Grzegorz Lato,91ee4735-acc4-5e2a-bf5f-3876d20190dd,7,False,False
wc_history,WC-ece474d7-76eb-50ad-a9f5-b13025970a6f,1974-06-15,Poland,POL,Andrzej Szarmach,fb3e0212-9f4a-52b3-b12c-9b2fb55e48eb,8,False,False
wc_history,WC-ece474d7-76eb-50ad-a9f5-b13025970a6f,1974-06-15,Argentina,ARG,Ramón Heredia,3195482c-5532-5225-a32e-9b4758279f37,60,False,False
wc_history,WC-ece474d7-76eb-50ad-a9f5-b13025970a6f,1974-06-15,Poland,POL,Grzegorz Lato,91ee4735-acc4-5e2a-bf5f-3876d20190dd,62,False,False
wc_history,WC-ece474d7-76eb-50ad-a9f5-b13025970a6f,1974-06-15,Argentina,ARG,Carlos Babington,3ab06eff-d940-55b9-a078-3e395e0e90a0,66,False,False
wc_history,WC-ed9da528-14d0-588e-ae8a-048039af008f,1978-06-18,Poland,POL,Andrzej Szarmach,fb3e0212-9f4a-52b3-b12c-9b2fb55e48eb,65,False,False
wc_history,WC-edb03ca6-21f5-59fb-8127-7ebe66d69839,1990-06-20,Brazil,BRA,Müller,89675bcc-a2f3-5a98-8791-08ef4d3ec6d1,81,False,False
wc_history,WC-edc52d99-2594-5741-9601-4e245c3b2511,2022-11-28,Ghana,GHA,Mohammed Salisu,977d9d29-9487-5c4b-a97c-f915aea1f8ed,24,False,False
wc_history,WC-edc52d99-2594-5741-9601-4e245c3b2511,2022-11-28,Ghana,GHA,Mohammed Kudus,882026e2-84ee-557b-8d08-81e77b21de32,34,False,False
wc_history,WC-edc52d99-2594-5741-9601-4e245c3b2511,2022-11-28,South Korea,KOR,Cho Gue-sung,6836f97e-1d6a-5f68-8263-deba3fff466b,58,False,False
wc_history,WC-edc52d99-2594-5741-9601-4e245c3b2511,2022-11-28,South Korea,KOR,Cho Gue-sung,6836f97e-1d6a-5f68-8263-deba3fff466b,61,False,False
wc_history,WC-edc52d99-2594-5741-9601-4e245c3b2511,2022-11-28,Ghana,GHA,Mohammed Kudus,882026e2-84ee-557b-8d08-81e77b21de32,68,False,False
wc_history,WC-edd6ab5e-8907-5c39-94dc-c0c638186e12,1938-06-12,Hungary,HUN,György Sárosi,b504d4a5-8ec6-5236-a2a2-63e8bfc53f46,40,False,False
wc_history,WC-edd6ab5e-8907-5c39-94dc-c0c638186e12,1938-06-12,Hungary,HUN,Gyula Zsengellér,964cf0d1-ab94-59fa-9cd4-9d1c5dc280ea,89,False,False
wc_history,WC-eeba95fb-1f22-5145-bfa9-5591e5b0c21f,1998-06-23,Morocco,MAR,Salaheddine Bassir,098de436-668a-5344-b95a-a5fea6d43a03,23,False,False
wc_history,WC-eeba95fb-1f22-5145-bfa9-5591e5b0c21f,1998-06-23,Morocco,MAR,Abdeljalil Hadda,00a2b040-beda-5b68-a324-d18718d6727c,46,False,False
wc_history,WC-eeba95fb-1f22-5145-bfa9-5591e5b0c21f,1998-06-23,Morocco,MAR,Salaheddine Bassir,098de436-668a-5344-b95a-a5fea6d43a03,85,False,False
wc_history,WC-eef51c78-3d91-57b1-88f5-14c6e21dfa82,1982-06-20,West Germany,DEU,Karl-Heinz Rummenigge,b779ca86-8ac7-568e-af16-5c00f4f48422,9,False,False
wc_history,WC-eef51c78-3d91-57b1-88f5-14c6e21dfa82,1982-06-20,West Germany,DEU,Karl-Heinz Rummenigge,b779ca86-8ac7-568e-af16-5c00f4f48422,57,False,False
wc_history,WC-eef51c78-3d91-57b1-88f5-14c6e21dfa82,1982-06-20,West Germany,DEU,Karl-Heinz Rummenigge,b779ca86-8ac7-568e-af16-5c00f4f48422,66,False,False
wc_history,WC-eef51c78-3d91-57b1-88f5-14c6e21dfa82,1982-06-20,West Germany,DEU,Uwe Reinders,bca57d6a-d0f3-5379-9306-e3c13f04974d,81,False,False
wc_history,WC-eef51c78-3d91-57b1-88f5-14c6e21dfa82,1982-06-20,Chile,CHL,Gustavo Moscoso,114db286-f711-597d-ba22-165b8d7b61be,90,False,False
wc_history,WC-eefc0b46-3729-5bab-887a-a76285fa2ac7,2010-06-24,Japan,JPN,Keisuke Honda,5dda8623-05c3-5936-b719-6ef6f7dd9dc0,17,False,False
wc_history,WC-eefc0b46-3729-5bab-887a-a76285fa2ac7,2010-06-24,Japan,JPN,Yasuhito Endō,8d08a0bb-50eb-5522-985f-22211fddd841,30,False,False
wc_history,WC-eefc0b46-3729-5bab-887a-a76285fa2ac7,2010-06-24,Denmark,DNK,Jon Dahl Tomasson,5c851e24-6ef4-5953-afbb-b18fcf2a0040,81,False,False
wc_history,WC-eefc0b46-3729-5bab-887a-a76285fa2ac7,2010-06-24,Japan,JPN,Shinji Okazaki,7c5f4db1-d2c7-5243-b12f-e78ac996ec1c,87,False,False
wc_history,WC-ef4f50ed-2ab6-5059-b0ff-6b5e9b1b3b07,1958-06-11,France,FRA,Just Fontaine,e611498a-cd22-5e71-9f6a-16706cc6f3ca,4,False,False
wc_history,WC-ef4f50ed-2ab6-5059-b0ff-6b5e9b1b3b07,1958-06-11,Yugoslavia,YUG,Aleksandar Petaković,42ced4a8-8e37-5800-87da-4b6e184784ea,16,False,False
wc_history,WC-ef4f50ed-2ab6-5059-b0ff-6b5e9b1b3b07,1958-06-11,Yugoslavia,YUG,Todor Veselinović,2e003f5a-4d36-5cf4-8b92-82070102c003,63,False,False
wc_history,WC-ef4f50ed-2ab6-5059-b0ff-6b5e9b1b3b07,1958-06-11,France,FRA,Just Fontaine,e611498a-cd22-5e71-9f6a-16706cc6f3ca,85,False,False
wc_history,WC-ef4f50ed-2ab6-5059-b0ff-6b5e9b1b3b07,1958-06-11,Yugoslavia,YUG,Todor Veselinović,2e003f5a-4d36-5cf4-8b92-82070102c003,88,False,False
wc_history,WC-f01a3db3-ae16-5536-a399-b19d9e1b16f2,1962-06-06,Soviet Union,SUN,Aleksei Mamykin,f34654bf-cf3f-5dea-8eb2-04aad8cff3b7,38,False,False
wc_history,WC-f01a3db3-ae16-5536-a399-b19d9e1b16f2,1962-06-06,Uruguay,URY,José Sasía,a10600d1-e83b-579d-a18f-65abbcde5823,54,False,False
wc_history,WC-f01a3db3-ae16-5536-a399-b19d9e1b16f2,1962-06-06,Soviet Union,SUN,Valentin Ivanov,c3a55f0c-af27-50ce-bacc-d1c7dd66ff90,89,False,False
wc_history,WC-f082b8c1-ebf6-58b5-a19d-5292cca4421b,1994-07-09,Italy,ITA,Dino Baggio,8f0fa7c8-436b-58e5-bacd-e9aadab1e543,25,False,False
wc_history,WC-f082b8c1-ebf6-58b5-a19d-5292cca4421b,1994-07-09,Spain,ESP,José Luis Caminero,4eaec356-5c31-5067-a536-a62c3b209f1d,58,False,False
wc_history,WC-f082b8c1-ebf6-58b5-a19d-5292cca4421b,1994-07-09,Italy,ITA,Roberto Baggio,cf05a9b9-1ccf-5c78-b51e-a685a5a6a6b9,88,False,False
wc_history,WC-f0c0d8e5-b23c-5f09-9999-4f97e139d126,1974-06-26,Netherlands,NLD,Johan Cruyff,f02bd2c8-a452-5dd7-897c-467500fe9d09,11,False,False
wc_history,WC-f0c0d8e5-b23c-5f09-9999-4f97e139d126,1974-06-26,Netherlands,NLD,Ruud Krol,58443b47-0acc-58ed-9115-6ef6860e6a31,25,False,False
wc_history,WC-f0c0d8e5-b23c-5f09-9999-4f97e139d126,1974-06-26,Netherlands,NLD,Johnny Rep,9fa9f10e-2f0b-58ec-9327-5c10bdd4bb01,73,False,False
wc_history,WC-f0c0d8e5-b23c-5f09-9999-4f97e139d126,1974-06-26,Netherlands,NLD,Johan Cruyff,f02bd2c8-a452-5dd7-897c-467500fe9d09,90,False,False
wc_history,WC-f0d8a1e7-8d5c-580b-98e8-edaf299c4813,1990-06-14,Yugoslavia,YUG,Davor Jozić,a95e81eb-aa30-5865-aacd-8a8a5c7f9387,75,False,False
wc_history,WC-f10af8d6-5f87-5b00-92d7-a0b5aec2f5af,2010-06-26,Ghana,GHA,Kevin-Prince Boateng,e4a74717-5f99-56e5-bea2-2163f3775062,5,False,False
wc_history,WC-f10af8d6-5f87-5b00-92d7-a0b5aec2f5af,2010-06-26,United States,USA,Landon Donovan,0331f14f-8ff1-5f99-b0db-753ad30f3330,62,True,False
wc_history,WC-f10af8d6-5f87-5b00-92d7-a0b5aec2f5af,2010-06-26,Ghana,GHA,Asamoah Gyan,25acf578-7d54-5b0c-9ef7-60287405b645,93,False,False
wc_history,WC-f13d69a3-ea80-5978-878c-812614229e80,1998-06-28,France,FRA,Laurent Blanc,90962755-c15f-54e7-8da3-b26e187dc6bb,114,False,False
wc_history,WC-f16ef85a-9515-571d-a323-b5bfb336c0a4,2010-07-06,Netherlands,NLD,Giovanni van Bronckhorst,9b457d2d-309f-5490-8134-57bd0cec7e3d,18,False,False
wc_history,WC-f16ef85a-9515-571d-a323-b5bfb336c0a4,2010-07-06,Uruguay,URY,Diego Forlán,a4223689-acbc-5480-9194-b61c9ac4ed11,41,False,False
wc_history,WC-f16ef85a-9515-571d-a323-b5bfb336c0a4,2010-07-06,Netherlands,NLD,Wesley Sneijder,bb23b5b6-c2de-5d14-88fe-f67a7755e02c,70,False,False
wc_history,WC-f16ef85a-9515-571d-a323-b5bfb336c0a4,2010-07-06,Netherlands,NLD,Arjen Robben,750e2858-7c84-591a-8dd1-88c2cee16907,73,False,False
wc_history,WC-f16ef85a-9515-571d-a323-b5bfb336c0a4,2010-07-06,Uruguay,URY,Maxi Pereira,e4b56cdb-2c9b-5819-a811-5d065db6f6ec,90'+2,False,False
wc_history,WC-f19ce9eb-3066-5e5e-8fd8-5087a701fe75,1994-06-28,Sweden,SWE,Kennet Andersson,f6804938-78a2-5570-827f-457accc951ec,23,False,False
wc_history,WC-f19ce9eb-3066-5e5e-8fd8-5087a701fe75,1994-06-28,Brazil,BRA,Romário,705a28fe-4421-5794-a754-fdc7846fe0e8,47,False,False
wc_history,WC-f1afb107-9627-5912-9c3f-959093c58008,2002-06-18,Italy,ITA,Christian Vieri,b4454bbe-c865-5356-9f54-4a7722deeea4,18,False,False
wc_history,WC-f1afb107-9627-5912-9c3f-959093c58008,2002-06-18,South Korea,KOR,Ki-hyeon Seol,ea033eff-6358-5f94-a61a-8b5c6a5028c5,88,False,False
wc_history,WC-f1afb107-9627-5912-9c3f-959093c58008,2002-06-18,South Korea,KOR,Jung-hwan Ahn,753f74c6-c30d-5526-9ec4-5387d19f315b,117,False,False
wc_history,WC-f1d6e383-cf28-5c73-812a-692b07c7a953,2002-06-11,Republic of Ireland,IRL,Robbie Keane,dbbc8cfe-e04c-54b6-a079-3e2d7d14c09f,7,False,False
wc_history,WC-f1d6e383-cf28-5c73-812a-692b07c7a953,2002-06-11,Republic of Ireland,IRL,Gary Breen,6d9baa84-2335-52dd-bb9e-7a33f10e239d,61,False,False
wc_history,WC-f1d6e383-cf28-5c73-812a-692b07c7a953,2002-06-11,Republic of Ireland,IRL,Damien Duff,c73d09c7-5701-58cb-ad5b-63e0317d2ba9,87,False,False
wc_history,WC-f2125398-5cf6-5bac-b2cd-26193dd34566,1986-06-01,Brazil,BRA,Sócrates,8282ec23-3448-5f38-bdc8-6b3fe31fc915,62,False,False
wc_history,WC-f25ec9e3-60c6-5c91-9ab6-cfed8e20327a,1998-06-14,Croatia,HRV,Mario Stanić,2fc0dfc3-ff77-59ed-8518-df535592f092,27,False,False
wc_history,WC-f25ec9e3-60c6-5c91-9ab6-cfed8e20327a,1998-06-14,Jamaica,JAM,Robbie Earle,c5a4ebd0-13d0-5f72-b85b-2a7b62336083,45,False,False
wc_history,WC-f25ec9e3-60c6-5c91-9ab6-cfed8e20327a,1998-06-14,Croatia,HRV,Robert Prosinečki,392b0ab0-d52e-527e-878a-f028d2823b0d,53,False,False
wc_history,WC-f25ec9e3-60c6-5c91-9ab6-cfed8e20327a,1998-06-14,Croatia,HRV,Davor Šuker,3e48e77f-d637-5a57-a13e-0b28d358ce7e,69,False,False
wc_history,WC-f3783121-0899-5c94-85ce-8358f94504c8,2006-06-10,England,ENG,Carlos Gamarra,0389a8ba-34e8-53e6-8392-1dc1746a8ed2,3,False,True
wc_history,WC-f3c89b45-31a2-5158-a927-aa857cae702e,1958-06-11,Wales,WAL,Ivor Allchurch,0db683ef-07f8-5422-88e4-a170e770e65b,32,False,False
wc_history,WC-f3c89b45-31a2-5158-a927-aa857cae702e,1958-06-11,Mexico,MEX,Jaime Belmonte,1382b9ee-bab0-5019-b2fb-b502b6d5c0d6,89,False,False
wc_history,WC-f3f972a2-25c4-5b46-9dcb-e880cd81be40,2014-06-17,Algeria,DZA,Sofiane Feghouli,6719d17b-ac13-5d0f-b7d6-57ca7b99631f,25,True,False
wc_history,WC-f3f972a2-25c4-5b46-9dcb-e880cd81be40,2014-06-17,Belgium,BEL,Marouane Fellaini,3c6dd6f6-f9fc-5c6e-b2ba-f25d533da5bd,70,False,False
wc_history,WC-f3f972a2-25c4-5b46-9dcb-e880cd81be40,2014-06-17,Belgium,BEL,Dries Mertens,91a81a28-807b-51d2-b1bb-1e4ebfb6bcca,80,False,False
wc_history,WC-f4138728-c481-5ca6-ab0b-3a3d2e9cceb4,1986-06-02,Argentina,ARG,Jorge Valdano,d567e6df-2230-5a09-98a4-70f32305288b,6,False,False
wc_history,WC-f4138728-c481-5ca6-ab0b-3a3d2e9cceb4,1986-06-02,Argentina,ARG,Oscar Ruggeri,c8bb25ee-800c-5818-bbf1-4eef3eb72175,18,False,False
wc_history,WC-f4138728-c481-5ca6-ab0b-3a3d2e9cceb4,1986-06-02,Argentina,ARG,Jorge Valdano,d567e6df-2230-5a09-98a4-70f32305288b,46,False,False
wc_history,WC-f4138728-c481-5ca6-ab0b-3a3d2e9cceb4,1986-06-02,South Korea,KOR,Chang-sun Park,001875d7-43c0-513d-add8-d97327650eee,73,False,False
wc_history,WC-f4265fb1-3b3d-585f-8b2f-b66948961e31,2022-12-13,Argentina,ARG,Lionel Messi,815f9a08-b302-5959-bf1a-759cf2a34a56,34,True,False
wc_history,WC-f4265fb1-3b3d-585f-8b2f-b66948961e31,2022-12-13,Argentina,ARG,Julián Álvarez,fa2ecd18-5340-5f99-aa0b-0610550fcf28,39,False,False
wc_history,WC-f4265fb1-3b3d-585f-8b2f-b66948961e31,2022-12-13,Argentina,ARG,Julián Álvarez,fa2ecd18-5340-5f99-aa0b-0610550fcf28,69,False,False
wc_history,WC-f48de4b6-64e6-548c-a745-f95e71fc65fa,2022-12-05,Japan,JPN,Daizen Maeda,0475e09b-59f7-53d7-a477-2438145a897f,43,False,False
wc_history,WC-f48de4b6-64e6-548c-a745-f95e71fc65fa,2022-12-05,Croatia,HRV,Ivan Perišić,1bc7347e-8e0e-5bff-a61f-2cf481f4a409,55,False,False
wc_history,WC-f4fb17ee-d23d-56df-a2a8-ae8f35465ab8,1966-07-23,North Korea,PRK,Seung-zin Pak,dfc4a2d4-c1e1-547a-a5fd-bb8a867b1f33,1,False,False
wc_history,WC-f4fb17ee-d23d-56df-a2a8-ae8f35465ab8,1966-07-23,North Korea,PRK,Dong-woon Li,8f065004-2f85-55b3-922c-53b80dcc6483,22,False,False
wc_history,WC-f4fb17ee-d23d-56df-a2a8-ae8f35465ab8,1966-07-23,North Korea,PRK,Seung-kook Yang,89a0e146-793e-5cbc-b5e5-6b4760afdbcd,25,False,False
wc_history,WC-f4fb17ee-d23d-56df-a2a8-ae8f35465ab8,1966-07-23,Portugal,PRT,Eusébio,348022e6-d570-5426-8c84-59a7656e69f8,27,False,False
wc_history,WC-f4fb17ee-d23d-56df-a2a8-ae8f35465ab8,1966-07-23,Portugal,PRT,Eusébio,348022e6-d570-5426-8c84-59a7656e69f8,43,True,False
wc_history,WC-f4fb17ee-d23d-56df-a2a8-ae8f35465ab8,1966-07-23,Portugal,PRT,Eusébio,348022e6-d570-5426-8c84-59a7656e69f8,56,False,False
wc_history,WC-f4fb17ee-d23d-56df-a2a8-ae8f35465ab8,1966-07-23,Portugal,PRT,Eusébio,348022e6-d570-5426-8c84-59a7656e69f8,59,True,False
wc_history,WC-f4fb17ee-d23d-56df-a2a8-ae8f35465ab8,1966-07-23,Portugal,PRT,José Augusto,abf8678a-9cc5-541b-bc46-3af52cae59b8,80,False,False
wc_history,WC-f53d98ff-57b5-5bdb-aecd-c16a9a946c0e,2022-11-29,United States,USA,Christian Pulisic,db6eb0c7-9b30-5511-9ca6-bb27b6ebdc40,38,False,False
wc_history,WC-f56a0b1b-dbe0-52e2-9da4-e8e3d5f465e8,1938-06-19,Sweden,SWE,Sven Jonasson,98c65973-a19a-5ea7-a2e9-84cdfc8e80d9,28,False,False
wc_history,WC-f56a0b1b-dbe0-52e2-9da4-e8e3d5f465e8,1938-06-19,Sweden,SWE,Arne Nyberg,b18b6dc6-385a-516b-9973-c7825abeb766,38,False,False
wc_history,WC-f56a0b1b-dbe0-52e2-9da4-e8e3d5f465e8,1938-06-19,Brazil,BRA,Romeu,2b9a3042-7375-5c95-87f5-362c854f0106,44,False,False
wc_history,WC-f56a0b1b-dbe0-52e2-9da4-e8e3d5f465e8,1938-06-19,Brazil,BRA,Leônidas,13fe3534-a2ea-5345-a87a-50403a8fc539,63,False,False
wc_history,WC-f56a0b1b-dbe0-52e2-9da4-e8e3d5f465e8,1938-06-19,Brazil,BRA,Leônidas,13fe3534-a2ea-5345-a87a-50403a8fc539,74,False,False
wc_history,WC-f56a0b1b-dbe0-52e2-9da4-e8e3d5f465e8,1938-06-19,Brazil,BRA,Perácio,96df5217-95a2-52c5-a280-d0f2a6c6f11e,80,False,False
wc_history,WC-f5dea035-97b5-5f99-8a1a-023dca4a27ae,2014-06-20,France,FRA,Olivier Giroud,344155a3-7453-539a-b0f9-5b780436c5bd,17,False,False
wc_history,WC-f5dea035-97b5-5f99-8a1a-023dca4a27ae,2014-06-20,France,FRA,Blaise Matuidi,bfaa83c7-b417-5dfa-b4d0-610dd96d3ad3,18,False,False
wc_history,WC-f5dea035-97b5-5f99-8a1a-023dca4a27ae,2014-06-20,France,FRA,Mathieu Valbuena,304f58fd-134e-58bd-80aa-0013b3344728,40,False,False
wc_history,WC-f5dea035-97b5-5f99-8a1a-023dca4a27ae,2014-06-20,France,FRA,Karim Benzema,d4f93089-1216-57e1-952b-83114c736a95,67,False,False
wc_history,WC-f5dea035-97b5-5f99-8a1a-023dca4a27ae,2014-06-20,France,FRA,Moussa Sissoko,9dabd1ae-be2c-536e-a95b-6d243a7b058f,73,False,False
wc_history,WC-f5dea035-97b5-5f99-8a1a-023dca4a27ae,2014-06-20,Switzerland,CHE,Blerim Džemaili,fc63ee1c-620e-5800-9206-1afd12b9de5b,81,False,False
wc_history,WC-f5dea035-97b5-5f99-8a1a-023dca4a27ae,2014-06-20,Switzerland,CHE,Granit Xhaka,698ec70c-6cef-5358-87a4-05e2098d4a00,87,False,False
wc_history,WC-f60adb6a-a903-5498-a606-4e2fa9c887c0,2006-06-15,Sweden,SWE,Freddie Ljungberg,689540cd-2a19-5131-9cb2-4690af9f1682,89,False,False
wc_history,WC-f7192dc0-0f2a-57d6-ba2d-14ec0f8df098,2010-06-12,Argentina,ARG,Gabriel Heinze,4ef11193-d7da-5cec-8d76-765c6771520c,6,False,False
wc_history,WC-f7229621-245c-536a-bbd4-1728d75c39f3,1974-06-22,East Germany,DDR,Jürgen Sparwasser,4758b9a6-8490-5990-900c-a2b58e8a244c,77,False,False
wc_history,WC-f78a8fb3-b3ca-5cc3-8c84-da452fb317cc,1998-06-12,France,FRA,Christophe Dugarry,012defac-2020-5c0e-8121-7e749eb09b2c,35,False,False
wc_history,WC-f78a8fb3-b3ca-5cc3-8c84-da452fb317cc,1998-06-12,France,FRA,Pierre Issa,c96239c1-03d2-51a1-a596-b03d4ae88676,77,False,True
wc_history,WC-f78a8fb3-b3ca-5cc3-8c84-da452fb317cc,1998-06-12,France,FRA,Thierry Henry,b866a057-04bd-5761-8ef9-92536686762e,90'+2,False,False
wc_history,WC-f7bc4fcf-dfac-56e8-97f7-125b61d7f7cb,2010-06-17,Argentina,ARG,Chu-young Park,42a3c838-c99a-59da-b5cc-11938d2f63c2,17,False,True
wc_history,WC-f7bc4fcf-dfac-56e8-97f7-125b61d7f7cb,2010-06-17,Argentina,ARG,Gonzalo Higuaín,84230533-2edd-5cfc-b6cb-3c440bee7514,33,False,False
wc_history,WC-f7bc4fcf-dfac-56e8-97f7-125b61d7f7cb,2010-06-17,South Korea,KOR,Chung-yong Lee,3e763879-af43-55a2-88da-84f880edefa4,45'+1,False,False
wc_history,WC-f7bc4fcf-dfac-56e8-97f7-125b61d7f7cb,2010-06-17,Argentina,ARG,Gonzalo Higuaín,84230533-2edd-5cfc-b6cb-3c440bee7514,76,False,False
wc_history,WC-f7bc4fcf-dfac-56e8-97f7-125b61d7f7cb,2010-06-17,Argentina,ARG,Gonzalo Higuaín,84230533-2edd-5cfc-b6cb-3c440bee7514,80,False,False
wc_history,WC-f7ef635d-6adf-53c9-a254-63326755b253,1978-06-02,Mexico,MEX,Arturo Vázquez Ayala,cf6eab27-7afe-57d1-b50b-871b629d3f74,45,True,False
wc_history,WC-f7ef635d-6adf-53c9-a254-63326755b253,1978-06-02,Tunisia,TUN,Ali Kaabi,f052a14a-b8ee-520c-9272-bc1fba9806ce,55,False,False
wc_history,WC-f7ef635d-6adf-53c9-a254-63326755b253,1978-06-02,Tunisia,TUN,Néjib Ghommidh,f63190b2-7837-516d-8c5c-43b3ea1407f3,79,False,False
wc_history,WC-f7ef635d-6adf-53c9-a254-63326755b253,1978-06-02,Tunisia,TUN,Mokhtar Dhouib,fb8d3610-06e4-54e7-9731-b0cb484fd2d0,87,False,False
wc_history,WC-f85578e3-0647-5b92-8052-e46f4b2df041,1970-06-03,Morocco,MAR,Houmane Jarir,5dd118ff-e5d2-56c8-922c-45bf5a2159a1,21,False,False
wc_history,WC-f85578e3-0647-5b92-8052-e46f4b2df041,1970-06-03,West Germany,DEU,Uwe Seeler,33864d66-d8d9-524b-a228-8e6849104a8d,56,False,False
wc_history,WC-f85578e3-0647-5b92-8052-e46f4b2df041,1970-06-03,West Germany,DEU,Gerd Müller,cc40fa15-a4e1-53ff-8b63-30280ac05f5f,80,False,False
wc_history,WC-f85a5bfa-30c8-524e-898f-41fde1198f28,2018-06-15,Uruguay,URY,José Giménez,1c6d3d27-2e23-523a-868c-1444f626f2d9,89,False,False
wc_history,WC-f8644d7b-21ad-5f52-82bf-c8c70a383d4e,1978-06-18,Italy,ITA,Paolo Rossi,89c7528b-4e1b-5141-97ed-746c280e9a4a,13,False,False
wc_history,WC-f9033dbf-2547-5e34-a258-0b384fb2926e,2022-12-18,Argentina,ARG,Lionel Messi,815f9a08-b302-5959-bf1a-759cf2a34a56,23,True,False
wc_history,WC-f9033dbf-2547-5e34-a258-0b384fb2926e,2022-12-18,Argentina,ARG,Ángel Di María,41bd6408-16fa-582b-9225-c08c488dd8d0,36,False,False
wc_history,WC-f9033dbf-2547-5e34-a258-0b384fb2926e,2022-12-18,France,FRA,Kylian Mbappé,3ea58353-474b-5011-a28c-af53e448cfc5,80,True,False
wc_history,WC-f9033dbf-2547-5e34-a258-0b384fb2926e,2022-12-18,France,FRA,Kylian Mbappé,3ea58353-474b-5011-a28c-af53e448cfc5,81,False,False
wc_history,WC-f9033dbf-2547-5e34-a258-0b384fb2926e,2022-12-18,Argentina,ARG,Lionel Messi,815f9a08-b302-5959-bf1a-759cf2a34a56,108,False,False
wc_history,WC-f9033dbf-2547-5e34-a258-0b384fb2926e,2022-12-18,France,FRA,Kylian Mbappé,3ea58353-474b-5011-a28c-af53e448cfc5,118,True,False
wc_history,WC-f95a44b3-47ed-5dee-9a4c-4cc6b5a150d6,1970-06-06,Peru,PER,Teófilo Cubillas,9c3f4876-4e13-5142-bfd2-7b15191d853e,65,False,False
wc_history,WC-f95a44b3-47ed-5dee-9a4c-4cc6b5a150d6,1970-06-06,Peru,PER,Roberto Challe,3bd11b66-6293-5f95-ba35-6be8574bfb66,67,False,False
wc_history,WC-f95a44b3-47ed-5dee-9a4c-4cc6b5a150d6,1970-06-06,Peru,PER,Teófilo Cubillas,9c3f4876-4e13-5142-bfd2-7b15191d853e,75,False,False
wc_history,WC-f9764496-b027-5cbe-9493-3cd170869577,1982-06-24,France,FRA,Didier Six,9430c93b-818d-552e-9b73-2166a6777b56,66,False,False
wc_history,WC-f9764496-b027-5cbe-9493-3cd170869577,1982-06-24,Czechoslovakia,CSK,Antonín Panenka,58c57889-e8a0-5b80-90df-62f346ff3ca5,84,True,False
wc_history,WC-f9888943-d6c0-5604-a3b2-0b1b401df287,2002-06-16,Spain,ESP,Fernando Morientes,0f91e804-272c-5835-9e89-b0e467deeaf4,8,False,False
wc_history,WC-f9888943-d6c0-5604-a3b2-0b1b401df287,2002-06-16,Republic of Ireland,IRL,Robbie Keane,dbbc8cfe-e04c-54b6-a079-3e2d7d14c09f,90,True,False
wc_history,WC-f9dc7c1d-89b1-5778-a1c5-6a85ceacdaaa,1982-06-16,Honduras,HND,Héctor Zelaya,3d34aa2e-7bfb-5039-b932-5c93003171d2,8,False,False
wc_history,WC-f9dc7c1d-89b1-5778-a1c5-6a85ceacdaaa,1982-06-16,Spain,ESP,Roberto López Ufarte,071c440d-4121-5d84-a28a-8000b2346fad,65,True,False
wc_history,WC-fa8fb788-f6ec-5c02-a407-23ffc46f5822,1982-06-25,West Germany,DEU,Horst Hrubesch,25941e13-9444-535e-94fb-84543cecf062,10,False,False
wc_history,WC-fad0d99e-ac72-59e0-8500-ca143690379c,1934-05-27,Argentina,ARG,Ernesto Belis,679190c3-cff5-5ddc-a1d9-6d78889285fd,4,False,False
wc_history,WC-fad0d99e-ac72-59e0-8500-ca143690379c,1934-05-27,Sweden,SWE,Sven Jonasson,98c65973-a19a-5ea7-a2e9-84cdfc8e80d9,9,False,False
wc_history,WC-fad0d99e-ac72-59e0-8500-ca143690379c,1934-05-27,Argentina,ARG,Alberto Galateo,65043f91-7824-547b-9f5d-94c85537d34b,48,False,False
wc_history,WC-fad0d99e-ac72-59e0-8500-ca143690379c,1934-05-27,Sweden,SWE,Sven Jonasson,98c65973-a19a-5ea7-a2e9-84cdfc8e80d9,67,False,False
wc_history,WC-fad0d99e-ac72-59e0-8500-ca143690379c,1934-05-27,Sweden,SWE,Knut Kroon,7ffc9985-8134-5724-bf69-e20729814c07,79,False,False
wc_history,WC-faf95b68-18be-589a-a4ab-6f76c6a2383b,2018-06-25,Egypt,EGY,Mohamed Salah,9fccedcf-6922-511b-9199-5ccc4d4b7397,22,False,False
wc_history,WC-faf95b68-18be-589a-a4ab-6f76c6a2383b,2018-06-25,Saudi Arabia,SAU,Salman Al-Faraj,1e8b620e-ee66-5c36-8537-ba346bf77abe,45'+6,True,False
wc_history,WC-faf95b68-18be-589a-a4ab-6f76c6a2383b,2018-06-25,Saudi Arabia,SAU,Salem Al-Dawsari,887f45c6-eab1-55f1-b636-edde8636b893,90'+5,False,False
wc_history,WC-fb15fdda-a842-5719-b6ff-c864b78bf7cb,1994-06-18,Republic of Ireland,IRL,Ray Houghton,464ec021-a5f7-5598-93b2-db6688b34785,11,False,False
wc_history,WC-fb9a84f5-4400-5e36-8777-446b450c1334,2022-12-02,Cameroon,CMR,Vincent Aboubakar,692d5444-9f9c-53f3-989c-916d00579df1,90'+2,False,False
wc_history,WC-fbe9ca38-d8e3-53ed-b56c-25e7202f1137,2010-06-20,New Zealand,NZL,Shane Smeltz,d43541df-56fe-5c09-b344-1186dc7a97e6,7,False,False
wc_history,WC-fbe9ca38-d8e3-53ed-b56c-25e7202f1137,2010-06-20,Italy,ITA,Vincenzo Iaquinta,4989ff76-153b-5463-93d8-9bd6bf77a90a,29,True,False
wc_history,WC-fbfb0cce-6dbd-5b38-980c-3df50abffda9,1990-06-15,West Germany,DEU,Rudi Völler,d92fe933-854a-52df-9015-5bc93142cc02,35,False,False
wc_history,WC-fbfb0cce-6dbd-5b38-980c-3df50abffda9,1990-06-15,West Germany,DEU,Jürgen Klinsmann,c479bc4a-8330-5b08-ae4f-9aea06edfe2a,37,False,False
wc_history,WC-fbfb0cce-6dbd-5b38-980c-3df50abffda9,1990-06-15,United Arab Emirates,ARE,Khalid Ismaïl,7cdd524a-fce3-5f18-8196-fda821950278,46,False,False
wc_history,WC-fbfb0cce-6dbd-5b38-980c-3df50abffda9,1990-06-15,West Germany,DEU,Lothar Matthäus,c5dc8e1e-4f86-5c6f-9098-d6c12c30580f,47,False,False
wc_history,WC-fbfb0cce-6dbd-5b38-980c-3df50abffda9,1990-06-15,West Germany,DEU,Uwe Bein,8148c9a5-9991-5392-baa1-5546be47ff98,58,False,False
wc_history,WC-fbfb0cce-6dbd-5b38-980c-3df50abffda9,1990-06-15,West Germany,DEU,Rudi Völler,d92fe933-854a-52df-9015-5bc93142cc02,75,False,False
wc_history,WC-fc124377-8543-5bf6-a694-f2e5fd6b50d0,1970-06-03,Italy,ITA,Angelo Domenghini,395d12a6-9022-5be2-96b5-f67b0fa25302,10,False,False
wc_history,WC-fc54db68-3853-5b43-84ab-447ccd3baec1,2018-07-03,England,ENG,Harry Kane,9cf6c4fd-8cf5-5ba2-b963-ee29be578f7d,57,True,False
wc_history,WC-fc54db68-3853-5b43-84ab-447ccd3baec1,2018-07-03,Colombia,COL,Yerry Mina,b1e5f393-18e4-58a5-9858-58346b519f84,90'+3,False,False
wc_history,WC-fc91115a-fcdb-576a-8ce7-73e1bb5ffc5c,2006-06-20,Germany,DEU,Miroslav Klose,41f73bc6-c52c-5f4b-8e71-8137daa777d3,4,False,False
wc_history,WC-fc91115a-fcdb-576a-8ce7-73e1bb5ffc5c,2006-06-20,Germany,DEU,Miroslav Klose,41f73bc6-c52c-5f4b-8e71-8137daa777d3,44,False,False
wc_history,WC-fc91115a-fcdb-576a-8ce7-73e1bb5ffc5c,2006-06-20,Germany,DEU,Lukas Podolski,ce444862-4674-5231-9c5d-9d50f1656d76,57,False,False
wc_history,WC-fccbc155-7d7f-5b36-9cca-844f103c9238,1970-06-06,Czechoslovakia,CSK,Ladislav Petráš,18c418a1-8e08-523a-b3cb-dc083d67c278,5,False,False
wc_history,WC-fccbc155-7d7f-5b36-9cca-844f103c9238,1970-06-06,Romania,ROU,Alexandru Neagu,1e9b6560-66ed-5fdb-aad2-b480cf6ffc9f,52,False,False
wc_history,WC-fccbc155-7d7f-5b36-9cca-844f103c9238,1970-06-06,Romania,ROU,Florea Dumitrache,c1de6783-8bc5-5f2a-8e22-f68182856397,75,True,False
wc_history,WC-fd8c599d-10ec-59a6-87c3-564d9a944f27,2002-06-05,Russia,RUS,Yegor Titov,f1eb4dee-9e4f-5883-8cd6-7249aa60ccb2,59,False,False
wc_history,WC-fd8c599d-10ec-59a6-87c3-564d9a944f27,2002-06-05,Russia,RUS,Valeri Karpin,6695d28b-7e86-558f-9288-478c9035b342,64,True,False
wc_history,WC-fd92890c-4e9a-5c08-9f7f-3aef9d900dae,2014-07-01,Belgium,BEL,Kevin De Bruyne,a4193ea8-b06d-5858-b775-1f15751b44c2,93,False,False
wc_history,WC-fd92890c-4e9a-5c08-9f7f-3aef9d900dae,2014-07-01,Belgium,BEL,Romelu Lukaku,e1136b8b-9398-573b-8bd1-b1214de9cd61,105,False,False
wc_history,WC-fd92890c-4e9a-5c08-9f7f-3aef9d900dae,2014-07-01,United States,USA,Julian Green,ff87cdd6-ea0a-513c-b414-074b055ce9d8,107,False,False
wc_history,WC-fe02a3e5-a5f0-5b5d-b3e8-b781b1ae7716,1962-06-10,Chile,CHL,Leonel Sánchez,c421f6f7-6398-5b4b-89d2-ccf45ff30ac7,11,False,False
wc_history,WC-fe02a3e5-a5f0-5b5d-b3e8-b781b1ae7716,1962-06-10,Soviet Union,SUN,Igor Chislenko,6a401215-49bf-53b8-94bd-0a9d0024232a,26,False,False
wc_history,WC-fe02a3e5-a5f0-5b5d-b3e8-b781b1ae7716,1962-06-10,Chile,CHL,Eladio Rojas,ec139488-2778-5300-afde-dcbaf14d45a1,29,False,False
wc_history,WC-fe1fb110-c66b-503a-8d8c-f6f047a58a8f,2014-06-15,Ecuador,ECU,Enner Valencia,33aea20b-a768-5265-9967-8826559c86c9,22,False,False
wc_history,WC-fe1fb110-c66b-503a-8d8c-f6f047a58a8f,2014-06-15,Switzerland,CHE,Admir Mehmedi,bf5aa900-04bb-5ee9-b01d-713e274acf3f,48,False,False
wc_history,WC-fe1fb110-c66b-503a-8d8c-f6f047a58a8f,2014-06-15,Switzerland,CHE,Haris Seferovic,c0e5cd0a-3f70-573c-9cf1-2e614602e3aa,90'+3,False,False
wc_history,WC-fecd903a-882e-5a3c-90d6-4376ccd1ae73,1962-06-17,Czechoslovakia,CSK,Josef Masopust,494f1e8d-3667-54c2-8aa5-bd4d986cfb01,15,False,False
wc_history,WC-fecd903a-882e-5a3c-90d6-4376ccd1ae73,1962-06-17,Brazil,BRA,Amarildo,d8c38054-29e0-5b4e-b4e1-c34a6b4992b7,17,False,False
wc_history,WC-fecd903a-882e-5a3c-90d6-4376ccd1ae73,1962-06-17,Brazil,BRA,Zito,e6c22b1f-7763-5ad7-9ecc-9745f664929c,69,False,False
wc_history,WC-fecd903a-882e-5a3c-90d6-4376ccd1ae73,1962-06-17,Brazil,BRA,Vavá,489edf7d-e5bf-53ce-9aff-68cbc2f67e99,78,False,False
wc_history,WC-feda8a1c-9a81-5145-a6f5-df2222e32d87,1970-06-17,Italy,ITA,Roberto Boninsegna,b9bea45b-2e2d-5807-b8ba-7b4626238a0f,8,False,False
wc_history,WC-feda8a1c-9a81-5145-a6f5-df2222e32d87,1970-06-17,West Germany,DEU,Karl-Heinz Schnellinger,12862675-532f-55e0-ab4e-6268cb6811c2,90,False,False
wc_history,WC-feda8a1c-9a81-5145-a6f5-df2222e32d87,1970-06-17,West Germany,DEU,Gerd Müller,cc40fa15-a4e1-53ff-8b63-30280ac05f5f,94,False,False
wc_history,WC-feda8a1c-9a81-5145-a6f5-df2222e32d87,1970-06-17,Italy,ITA,Tarcisio Burgnich,6dc085a3-d549-5e14-952f-835d7e162b59,98,False,False
wc_history,WC-feda8a1c-9a81-5145-a6f5-df2222e32d87,1970-06-17,Italy,ITA,Gigi Riva,7234644f-0515-52c6-aaf5-0cce30841dc9,104,False,False
wc_history,WC-feda8a1c-9a81-5145-a6f5-df2222e32d87,1970-06-17,West Germany,DEU,Gerd Müller,cc40fa15-a4e1-53ff-8b63-30280ac05f5f,110,False,False
wc_history,WC-feda8a1c-9a81-5145-a6f5-df2222e32d87,1970-06-17,Italy,ITA,Gianni Rivera,04bb4014-a949-59e6-a80b-3c0f1fe74f2e,111,False,False
wc_history,WC-ff25d626-6c3f-5339-a120-dc0b5cf79692,2014-07-08,Germany,DEU,Thomas Müller,ac2e565e-7c12-57d2-8f3a-1315d9fe7a15,11,False,False
wc_history,WC-ff25d626-6c3f-5339-a120-dc0b5cf79692,2014-07-08,Germany,DEU,Miroslav Klose,41f73bc6-c52c-5f4b-8e71-8137daa777d3,23,False,False
wc_history,WC-ff25d626-6c3f-5339-a120-dc0b5cf79692,2014-07-08,Germany,DEU,Toni Kroos,89987235-2a0d-52ad-a6c3-0a97d10d673b,24,False,False
wc_history,WC-ff25d626-6c3f-5339-a120-dc0b5cf79692,2014-07-08,Germany,DEU,Toni Kroos,89987235-2a0d-52ad-a6c3-0a97d10d673b,26,False,False
wc_history,WC-ff25d626-6c3f-5339-a120-dc0b5cf79692,2014-07-08,Germany,DEU,Sami Khedira,5a6f0383-e01e-50be-ad5b-d11c757f1fba,29,False,False
wc_history,WC-ff25d626-6c3f-5339-a120-dc0b5cf79692,2014-07-08,Germany,DEU,André Schürrle,d44f15c8-e971-57e4-91b9-0cac9154c081,69,False,False
wc_history,WC-ff25d626-6c3f-5339-a120-dc0b5cf79692,2014-07-08,Germany,DEU,André Schürrle,d44f15c8-e971-57e4-91b9-0cac9154c081,79,False,False
wc_history,WC-ff25d626-6c3f-5339-a120-dc0b5cf79692,2014-07-08,Brazil,BRA,Oscar,a5ce52d3-e74e-5572-b13f-c0a791b1ec11,90,False,False
wc_history,WC-ff4a6e9f-635e-5beb-9ab7-6f1dba1b1c04,2010-06-19,Cameroon,CMR,Samuel Eto'o,d5c72b31-5d11-5935-ad72-d3db31180f95,10,False,False
wc_history,WC-ff4a6e9f-635e-5beb-9ab7-6f1dba1b1c04,2010-06-19,Denmark,DNK,Nicklas Bendtner,e440e5d8-bb6d-50dd-a56c-2ca92ed8450f,33,False,False
wc_history,WC-ff4a6e9f-635e-5beb-9ab7-6f1dba1b1c04,2010-06-19,Denmark,DNK,Dennis Rommedahl,fa0c15a4-3e41-596c-9f1e-2f79bea089f1,61,False,False
wc_history,WC-ff750985-eeed-5898-be0f-1df0f8ed2b66,1974-06-30,Netherlands,NLD,Johan Neeskens,9b7d4443-548a-5814-86f9-a589ba71e80b,7,False,False
wc_history,WC-ff750985-eeed-5898-be0f-1df0f8ed2b66,1974-06-30,Netherlands,NLD,Rob Rensenbrink,ea2da0fb-34b0-5813-8789-cdd218e3d0e7,59,False,False
wc_history,WC-ffd8c29c-a8e5-5345-a50f-981150251e4f,1962-06-07,Italy,ITA,Bruno Mora,2aff7e1c-82b9-5d78-8885-89aa7df90954,2,False,False
wc_history,WC-ffd8c29c-a8e5-5345-a50f-981150251e4f,1962-06-07,Italy,ITA,Giacomo Bulgarelli,1d520c28-fb9a-597e-a119-bc1f43feef29,65,False,False
wc_history,WC-ffd8c29c-a8e5-5345-a50f-981150251e4f,1962-06-07,Italy,ITA,Giacomo Bulgarelli,1d520c28-fb9a-597e-a119-bc1f43feef29,67,False,False
